code_muni,uf,municipality,adoption_year,population_2010,population_class,log_population_2010,rural_share_2010,extreme_poverty_pct_2010,vulnerable_poverty_pct_2010,income_pc_2010,agricultural_employment_pct_2010,adult_illiteracy_pct_2010,public_sector_employment_pct_2010,idhm_2010,treated,eligible_control,af_share_t-2,af_share_t-1,af_share_t1,af_share_t2,af_share_t3,af_share_observed_t-2,af_share_observed_t-1,af_share_observed_t1,af_share_observed_t2,af_share_observed_t3,compliant_30_t-2,compliant_30_t-1,compliant_30_t1,compliant_30_t2,compliant_30_t3,pnae_record_observed_t-2,pnae_record_observed_t-1,pnae_record_observed_t1,pnae_record_observed_t2,pnae_record_observed_t3,cohort,pre_2,pre_1,pre_average,pre_trend,post_average,post_compliance,observed_all_pre,observed_all_post,distance,weights,subclass
1701309,TO,ARAGOMINAS,2016,5882,ate_20_mil,8.67965211911394,62.087725263515814,17.63,54.79,357.45,61.04,25.75,11.27,0.593,1,FALSE,0,2.761818593078489,14.211862495392857,8.25,16.4,0,2.761818593078489,14.211862495392857,8.25,16.4,0,0,0,0,0,TRUE,TRUE,TRUE,TRUE,TRUE,2016,0,2.761818593078489,1.3809092965392444,2.761818593078489,12.953954165130952,0,TRUE,TRUE,0.008010010516434981,1,1
1702406,TO,ARRAIAS,,10645,ate_20_mil,9.27284557732758,30.75622357914514,18.32,55.98,418.64,31.2,22.83,24.94,0.651,0,TRUE,14.138387781966133,11.433547676774776,4.3460715267896655,7.369999999999999,15.4,14.138387781966133,11.433547676774776,4.3460715267896655,7.369999999999999,15.4,0,0,0,0,0,TRUE,TRUE,TRUE,TRUE,TRUE,2016,14.138387781966133,11.433547676774776,12.785967729370455,-2.704840105191357,9.03869050892989,0,TRUE,TRUE,0.0038097258427957316,1,2
1703842,TO,CAMPOS LINDOS,2016,8139,ate_20_mil,9.004422601327041,40.79125199655977,31.11,74.47,292.64,46.88,23.42,9.06,0.544,1,FALSE,0,0,0,0,7.3999999999999995,0,,0,,7.3999999999999995,0,0,0,0,0,TRUE,FALSE,TRUE,FALSE,TRUE,2016,0,0,0,0,2.4666666666666663,0,FALSE,FALSE,0.0026528677717516705,1,2
1708304,TO,GOIANORTE,,4956,ate_20_mil,8.508354242749032,44.30992736077482,15.9,61,329.64,54.06,17.96,14.62,0.621,0,TRUE,4.625958234205657,6.718528995756719,0,0,18.4,4.625958234205657,6.718528995756719,0,,18.4,0,0,0,0,0,TRUE,TRUE,TRUE,FALSE,TRUE,2016,4.625958234205657,6.718528995756719,5.672243614981188,2.0925707615510616,6.133333333333333,0,TRUE,FALSE,0.005389398914530501,1,1
1709005,TO,GOIATINS,2016,12064,ate_20_mil,9.397981090247738,58.97712201591512,37.47,71.93,232.19,41.97,27.64,17.84,0.576,1,FALSE,6.264993947397381,1.1651043579629836,4.199530350041187,10.57,42.3,6.264993947397381,1.1651043579629836,4.199530350041187,10.57,42.3,0,0,0,0,1,TRUE,TRUE,TRUE,TRUE,TRUE,2016,6.264993947397381,1.1651043579629836,3.715049152680182,-5.099889589434397,19.02317678334706,0.3333333333333333,TRUE,TRUE,0.003260731768435352,1,3
1711506,TO,JAÚ DO TOCANTINS,2016,3507,ate_20_mil,8.162516250140179,62.64613629883091,12.84,52.64,523.53,50.35,14.22,13.08,0.662,1,FALSE,39.759741479727964,26.48085419734904,21.902315991842823,35.67,31.6,39.759741479727964,26.48085419734904,21.902315991842823,35.67,31.6,1,0,0,1,1,TRUE,TRUE,TRUE,TRUE,TRUE,2016,39.759741479727964,26.48085419734904,33.120297838538505,-13.278887282378925,29.724105330614275,0.6666666666666666,TRUE,TRUE,0.008884330394191857,1,4
1713304,TO,MIRANORTE,2024,12623,ate_20_mil,9.443275825752862,12.572288679394756,8.31,46.55,410.45,23.21,14.73,10.16,0.662,0,TRUE,17.080771427611463,23.28134224761054,5.93088028372622,31.16,32,17.080771427611463,23.28134224761054,5.93088028372622,31.16,32,0,0,0,1,1,TRUE,TRUE,TRUE,TRUE,TRUE,2016,17.080771427611463,23.28134224761054,20.181056837611003,6.200570819999076,23.030293427908738,0.6666666666666666,TRUE,TRUE,0.009203750786326162,1,5
1714302,TO,NAZARÉ,2024,4386,ate_20_mil,8.386172928977834,54.60556315549476,17.81,62.75,302.39,44.86,22.47,15.38,0.643,0,TRUE,26.7283985630554,30.003902321277707,0,24.320000000000004,30,26.7283985630554,30.003902321277707,0,24.320000000000004,30,0,1,0,0,1,TRUE,TRUE,TRUE,TRUE,TRUE,2016,26.7283985630554,30.003902321277707,28.366150442166553,3.2755037582223068,18.10666666666667,0.3333333333333333,TRUE,TRUE,0.009508917441681456,1,4
1715754,TO,PALMEIRÓPOLIS,2016,7339,ate_20_mil,8.900957872545062,18.503883362855976,7.71,46.49,463.45,29.28,14.22,7.68,0.673,1,FALSE,21.396528419395683,21.38877561888532,24.724125247445293,36.49,59,21.396528419395683,21.38877561888532,24.724125247445293,36.49,59,0,0,0,1,1,TRUE,TRUE,TRUE,TRUE,TRUE,2016,21.396528419395683,21.38877561888532,21.3926520191405,-0.007752800510363755,40.071375082481765,0.6666666666666666,TRUE,TRUE,0.012115643663840646,1,5
1716208,TO,PARANÃ,2025,10338,ate_20_mil,9.243581705755984,54.34319984523118,31.89,68.27,311.37,41.66,28.33,20.17,0.595,0,TRUE,0,0,0,16.25,41.2,0,0,0,16.25,41.2,0,0,0,0,1,TRUE,TRUE,TRUE,TRUE,TRUE,2016,0,0,0,0,19.150000000000002,0.3333333333333333,TRUE,TRUE,0.0035598265434471613,1,3
1720259,TO,SÃO SALVADOR DO TOCANTINS,2016,2910,ate_20_mil,7.975908360165538,45.42955326460481,28.22,64.21,318.39,18.03,20.91,27.97,0.605,1,FALSE,17.833780760626396,14.704942424634496,30.007630051502847,48.64,30.900000000000002,17.833780760626396,14.704942424634496,30.007630051502847,48.64,30.900000000000002,0,0,1,1,1,TRUE,TRUE,TRUE,TRUE,TRUE,2016,17.833780760626396,14.704942424634496,16.269361592630446,-3.128838335991901,36.515876683834286,1,TRUE,TRUE,6.756979917597601e-4,1,6
1721109,TO,TOCANTÍNIA,2025,6736,ate_20_mil,8.815221555922163,56.1312351543943,32.5,68.93,277.25,19.94,21.78,22.94,0.589,0,TRUE,0,0,33.98623534568286,22.84,19.3,0,0,33.98623534568286,22.84,19.3,0,0,1,0,0,TRUE,TRUE,TRUE,TRUE,TRUE,2016,0,0,0,0,25.375411781894286,0.3333333333333333,TRUE,TRUE,0.0010205983336600115,1,6
2100303,MA,ALDEIAS ALTAS,2016,23952,20_a_50_mil,10.08380710665941,43.077822311289246,36.55,82.49,179.92,55.91,40.35,3.48,0.513,1,FALSE,0,0,22.287263078214494,36.26,36.1,0,0,22.287263078214494,36.26,36.1,0,0,0,1,1,TRUE,TRUE,TRUE,TRUE,TRUE,2016,0,0,0,0,31.549087692738166,0.6666666666666666,TRUE,TRUE,0.010790258095761396,1,7
2101103,MA,AXIXÁ,2025,11407,ate_20_mil,9.341982481027898,58.77093013062155,27.13,75.79,223.51,53.19,18,10.09,0.641,0,TRUE,26.149302197042974,15.780300607611128,3.0594624404515125,36.05,20.5,26.149302197042974,15.780300607611128,3.0594624404515125,36.05,20.5,0,0,0,1,0,TRUE,TRUE,TRUE,TRUE,TRUE,2016,26.149302197042974,15.780300607611128,20.96480140232705,-10.369001589431846,19.869820813483837,0.3333333333333333,TRUE,TRUE,0.015789496533628385,1,10
2101202,MA,BACABAL,2023,100014,100_a_500_mil,11.513065455171143,22.15089887415762,12.93,58.35,375.57,22.33,22.97,4.88,0.651,0,TRUE,29.31521853529467,13.652776348144336,20.041021852224947,66.23,27.6,29.31521853529467,13.652776348144336,20.041021852224947,66.23,27.6,0,0,0,1,0,TRUE,TRUE,TRUE,TRUE,TRUE,2016,29.31521853529467,13.652776348144336,21.483997441719502,-15.662442187150333,37.95700728407498,0.3333333333333333,TRUE,TRUE,0.030061215531668215,1,13
2101509,MA,BARÃO DE GRAJAÚ,,17841,ate_20_mil,9.789254458374703,42.05481755506978,20.75,61.38,292.55,31.73,24.45,4.1,0.592,0,TRUE,17.810101393635122,14.636561267199076,6.095841833929217,7.97,11,17.810101393635122,14.636561267199076,6.095841833929217,7.97,11,0,0,0,0,0,TRUE,TRUE,TRUE,TRUE,TRUE,2016,17.810101393635122,14.636561267199076,16.2233313304171,-3.1735401264360465,8.35528061130974,0,TRUE,TRUE,0.010200368238576916,1,8
2101970,MA,BOA VISTA DO GURUPI,2024,7949,ate_20_mil,8.980801413573113,29.311863127437412,27.77,78.03,196.78,34.99,26.19,12.46,0.545,0,TRUE,43.33736394333251,34.46332021388674,8.94957478576993,13.76,10.8,43.33736394333251,34.46332021388674,8.94957478576993,13.76,10.8,1,1,0,0,0,TRUE,TRUE,TRUE,TRUE,TRUE,2016,43.33736394333251,34.46332021388674,38.900342078609626,-8.874043729445773,11.16985826192331,0,TRUE,TRUE,0.0024185274411536485,1,17
2103158,MA,CENTRO DO GUILHERME,2020,12565,ate_20_mil,9.438670449977693,43.716673298846,32.98,77.76,190.58,43.15,31.14,2.64,0.542,0,TRUE,34.99858379865663,32.12929548732018,31.501066785749728,27.879999999999995,29.6,34.99858379865663,32.12929548732018,31.501066785749728,27.879999999999995,29.6,1,1,1,0,0,TRUE,TRUE,TRUE,TRUE,TRUE,2016,34.99858379865663,32.12929548732018,33.5639396429884,-2.8692883113364545,29.660355595249907,0.3333333333333333,TRUE,TRUE,0.009254933794877527,1,12
2103752,MA,DAVINÓPOLIS,2016,12579,ate_20_mil,9.439784035838873,16.630892757770887,11.85,67.28,263.12,19.68,27.18,6.15,0.607,1,FALSE,28.724335185057125,15.674600330331268,17.83570725484565,15.12,13.700000000000001,28.724335185057125,15.674600330331268,17.83570725484565,15.12,13.700000000000001,0,0,0,0,0,TRUE,TRUE,TRUE,TRUE,TRUE,2016,28.724335185057125,15.674600330331268,22.199467757694197,-13.049734854725857,15.551902418281884,0,TRUE,TRUE,0.008577297492262192,1,8
2103901,MA,DUQUE BACELAR,2024,10649,ate_20_mil,9.273221270015384,49.85444642689455,41.83,81.63,163.87,52.34,35.1,5.69,0.533,0,TRUE,24.953243616287093,34.9721659557229,32.4729278227198,33.07,46.6,24.953243616287093,34.9721659557229,32.4729278227198,33.07,46.6,0,1,1,1,1,TRUE,TRUE,TRUE,TRUE,TRUE,2016,24.953243616287093,34.9721659557229,29.962704786005,10.018922339435807,37.3809759409066,1,TRUE,TRUE,0.009599256900999031,1,9
2104099,MA,FORMOSA DA SERRA NEGRA,2016,17757,ate_20_mil,9.784535083358834,66.68919299431211,45.61,82.86,163.15,55.73,20.43,8.32,0.556,1,FALSE,29.490748389228482,46.902909903332585,33.730960659985,31.04,35.9,29.490748389228482,46.902909903332585,33.730960659985,31.04,35.9,0,1,1,1,1,TRUE,TRUE,TRUE,TRUE,TRUE,2016,29.490748389228482,46.902909903332585,38.196829146280535,17.412161514104103,33.55698688666167,1,TRUE,TRUE,0.00780700291023199,1,9
2105609,MA,JOSELÂNDIA,2016,15433,ate_20_mil,9.64426335290083,61.381455323009135,33.6,73.89,221.23,59.02,36.41,3.77,0.561,1,FALSE,27.22553695068532,2.880833011955264,34.196349704955395,31.42,0,27.22553695068532,2.880833011955264,34.196349704955395,31.42,0,0,0,1,1,0,TRUE,TRUE,TRUE,TRUE,TRUE,2016,27.22553695068532,2.880833011955264,15.053184981320292,-24.344703938730056,21.872116568318464,0.6666666666666666,TRUE,TRUE,0.018334491226851553,1,10
2106359,MA,MARAJÁ DO SENA,2016,8051,ate_20_mil,8.993551586299981,85.61669357843746,60.72,91.57,96.25,75.62,43.53,5.36,0.452,1,FALSE,0,0,14.299220425303789,44.86,29.6,0,0,14.299220425303789,44.86,29.6,0,0,0,1,0,TRUE,TRUE,TRUE,TRUE,TRUE,2016,0,0,0,0,29.586406808434596,0.3333333333333333,TRUE,TRUE,0.0046811684598321674,1,11
2106631,MA,MATÕES DO NORTE,2016,13794,ate_20_mil,9.531988993991236,66.0794548354357,41.86,89.23,133.33,57.48,36.56,6.79,0.533,1,FALSE,35.22771226336329,32.561412193532,20.09566508332559,27.16,52.2,35.22771226336329,32.561412193532,20.09566508332559,27.16,52.2,1,1,0,0,1,TRUE,TRUE,TRUE,TRUE,TRUE,2016,35.22771226336329,32.561412193532,33.89456222844764,-2.666300069831287,33.15188836110853,0.3333333333333333,TRUE,TRUE,0.011704704879868109,1,12
2107506,MA,PAÇO DO LUMIAR,2016,105121,100_a_500_mil,11.562867346610785,25.028300720122527,7.77,44.76,444.5,7.19,6.13,6.26,0.724,1,FALSE,18.217960679832515,13.053247502337891,17.643685183141642,30.74,34.9,18.217960679832515,13.053247502337891,17.643685183141642,30.74,34.9,0,0,0,1,1,TRUE,TRUE,TRUE,TRUE,TRUE,2016,18.217960679832515,13.053247502337891,15.635604091085202,-5.164713177494624,27.761228394380545,0.6666666666666666,TRUE,TRUE,0.02918145941193786,1,13
2108306,MA,PENALVA,2025,34267,20_a_50_mil,10.441938070914238,51.57731928677737,28.63,76.08,201.99,53.4,22.88,8.27,0.554,0,TRUE,36.127318652545334,32.125738632866316,29.532032048551148,29.220000000000002,28.399999999999995,36.127318652545334,32.125738632866316,29.532032048551148,29.220000000000002,28.399999999999995,1,1,0,0,0,TRUE,TRUE,TRUE,TRUE,TRUE,2016,36.127318652545334,32.125738632866316,34.12652864270582,-4.001580019679018,29.05067734951705,0,TRUE,TRUE,0.008150617481979936,1,14
2108702,MA,PIO XII,2016,22016,20_a_50_mil,9.99952474073307,43.409338662790695,27.79,74.32,223.37,51.96,33.98,5.36,0.541,1,FALSE,41.64943907237343,22.93233454000145,3.595994187834244,11.93,0,41.64943907237343,22.93233454000145,3.595994187834244,11.93,0,1,0,0,0,0,TRUE,TRUE,TRUE,TRUE,TRUE,2016,41.64943907237343,22.93233454000145,32.290886806187444,-18.717104532371984,5.175331395944748,0,TRUE,TRUE,0.01080670621447354,1,14
2109452,MA,RAPOSA,2016,26327,20_a_50_mil,10.17835030752565,36.66198199566985,15.47,64.38,274,30.61,16.45,4.33,0.626,1,FALSE,33.33336382049161,31.246755119700033,13.470673912639318,30.44,19.7,33.33336382049161,31.246755119700033,13.470673912639318,30.44,19.7,1,1,0,1,0,TRUE,TRUE,TRUE,TRUE,TRUE,2016,33.33336382049161,31.246755119700033,32.29005947009583,-2.0866087007915795,21.20355797087977,0.3333333333333333,TRUE,TRUE,0.014899870313265286,1,15
2109502,MA,RIACHÃO,2025,20209,20_a_50_mil,9.913883328718248,49.5026968182493,29.23,66.34,281.53,44.89,21.79,5.54,0.576,0,TRUE,11.126900584795322,13.030297721074366,10.70897573406539,12.71,17.1,11.126900584795322,13.030297721074366,10.70897573406539,12.71,17.1,0,0,0,0,0,TRUE,TRUE,TRUE,TRUE,TRUE,2016,11.126900584795322,13.030297721074366,12.078599152934844,1.9033971362790432,13.506325244688464,0,TRUE,TRUE,0.008287424013292582,1,7
2109601,MA,ROSÁRIO,2024,39576,20_a_50_mil,10.585978152907545,41.24722053769962,20.14,65.17,271.65,27.68,19.62,7.78,0.632,0,TRUE,34.98703958198678,25.519108944316464,21.284633203694206,34.94,33.3,34.98703958198678,25.519108944316464,21.284633203694206,34.94,33.3,1,0,0,1,1,TRUE,TRUE,TRUE,TRUE,TRUE,2016,34.98703958198678,25.519108944316464,30.25307426315162,-9.467930637670314,29.8415444012314,0.6666666666666666,TRUE,TRUE,0.015116184742644386,1,15
2110005,MA,SANTA LUZIA,2025,74043,50_a_100_mil,11.21240128450515,65.17023891522494,33.69,77.94,210.3,50.15,36.18,6.84,0.55,0,TRUE,0.6020310856124094,0,6.302560918307648,2.54,6.499999999999999,0.6020310856124094,0,6.302560918307648,2.54,6.499999999999999,0,0,0,0,0,TRUE,TRUE,TRUE,TRUE,TRUE,2016,0.6020310856124094,0,0.3010155428062047,-0.6020310856124094,5.1141869727692155,0,TRUE,TRUE,0.016850257080201336,1,18
2110278,MA,SANTO AMARO DO MARANHÃO,2025,13820,ate_20_mil,9.53387209732166,73.73371924746743,50.78,87.67,135.04,63.66,27.45,5.48,0.518,0,TRUE,0,0,0,61.019999999999996,0,0,0,0,61.019999999999996,0,0,0,0,1,0,TRUE,TRUE,TRUE,TRUE,TRUE,2016,0,0,0,0,20.34,0.3333333333333333,TRUE,TRUE,0.005498783045891085,1,11
2110906,MA,SÃO FRANCISCO DO MARANHÃO,2020,12146,ate_20_mil,9.40475517645752,66.21109830396838,40.44,77.73,182.63,64.23,38.96,2.91,0.528,0,TRUE,31.880069066024586,37.75938089502034,1.5862387713019364,27.500000000000004,14.6,31.880069066024586,37.75938089502034,1.5862387713019364,27.500000000000004,14.6,1,1,0,0,0,TRUE,TRUE,TRUE,TRUE,TRUE,2016,31.880069066024586,37.75938089502034,34.819724980522466,5.879311828995757,14.56207959043398,0,TRUE,TRUE,0.018901378760392745,1,16
2111078,MA,SÃO JOÃO DO SOTER,2016,17238,ate_20_mil,9.754871528207344,61.445643346095835,37,79.52,165.1,66.05,43.11,5.14,0.517,1,FALSE,17.78782726963618,34.19942778249081,24.796240224293268,28.830000000000002,36,17.78782726963618,34.19942778249081,24.796240224293268,28.830000000000002,36,0,1,0,0,1,TRUE,TRUE,TRUE,TRUE,TRUE,2016,17.78782726963618,34.19942778249081,25.99362752606349,16.41160051285463,29.875413408097756,0.3333333333333333,TRUE,TRUE,0.019061943333753585,1,16
2111573,MA,SÃO PEDRO DOS CRENTES,2016,4425,ate_20_mil,8.39502555744203,44.92655367231639,22.8,65.66,257.76,36.92,21.22,17.03,0.6,1,FALSE,47.34343220338983,21.722469656717195,34.2678936939291,17.52,57.7,47.34343220338983,21.722469656717195,34.2678936939291,17.52,57.7,1,0,1,0,1,TRUE,TRUE,TRUE,TRUE,TRUE,2016,47.34343220338983,21.722469656717195,34.53295093005352,-25.620962546672637,36.49596456464303,0.6666666666666666,TRUE,TRUE,0.0026319840185479756,1,17
2112506,MA,TUTÓIA,2016,52788,50_a_100_mil,10.87403917113672,64.61316965977116,28.75,73.92,235.35,43.17,31.9,3.45,0.561,1,FALSE,18.796830108082634,26.55851775535118,11.319611523601482,37.07,29,18.796830108082634,26.55851775535118,11.319611523601482,37.07,29,0,0,0,1,0,TRUE,TRUE,TRUE,TRUE,TRUE,2016,18.796830108082634,26.55851775535118,22.677673931716907,7.761687647268545,25.796537174533828,0.3333333333333333,TRUE,TRUE,0.02035311768660785,1,18
2204600,PI,HUGO NAPOLEÃO,2016,3771,ate_20_mil,8.235095497258357,17.84672500662954,30.11,73.45,214.09,48.34,34.28,4.08,0.599,1,FALSE,0,0,0,0,0,0,0,0,,0,0,0,0,0,0,TRUE,TRUE,TRUE,FALSE,TRUE,2016,0,0,0,0,0,0,TRUE,FALSE,0.014964046515317613,1,19
2205276,PI,JATOBÁ DO PIAUÍ,2024,4656,ate_20_mil,8.445911989411274,80.9278350515464,26.21,66.9,209.21,64.94,32.62,5.04,0.566,0,TRUE,2.240995611254087,0,0,0,2.2,2.240995611254087,0,0,,2.2,0,0,0,0,0,TRUE,TRUE,TRUE,FALSE,TRUE,2016,2.240995611254087,0,1.1204978056270436,-2.240995611254087,0.7333333333333334,0,TRUE,FALSE,0.013170371823818083,1,20
2208601,PI,PRATA DO PIAUÍ,,3085,ate_20_mil,8.034306936339489,17.27714748784441,30.22,73.9,212.64,44.74,38.24,0.54,0.565,0,TRUE,0,0,0,0,1.2,0,0,0,,1.2,0,0,0,0,0,TRUE,TRUE,TRUE,FALSE,TRUE,2016,0,0,0,0,0.39999999999999997,0,TRUE,FALSE,0.011670247738318384,1,19
2210359,PI,SÃO LOURENÇO DO PIAUÍ,2016,4427,ate_20_mil,8.395477432732141,74.85882087192229,23.29,59.42,261.24,60.7,26.34,2.57,0.595,1,FALSE,0,0,0,0,0,0,0,0,,0,0,0,0,0,0,TRUE,TRUE,TRUE,FALSE,TRUE,2016,0,0,0,0,0,0,TRUE,FALSE,0.016403850145385993,1,20
2300507,CE,ALCÂNTARAS,2016,10771,ate_20_mil,9.28461261635077,67.9881162380466,20.12,67.24,243.73,28.26,31.78,5.84,0.6,1,FALSE,15.1913635605239,8.533634051325247,6.9661182818451115,12.39,100,15.1913635605239,8.533634051325247,6.9661182818451115,12.39,100,0,0,0,0,1,TRUE,TRUE,TRUE,TRUE,TRUE,2016,15.1913635605239,8.533634051325247,11.862498805924574,-6.657729509198653,39.78537276061504,0.3333333333333333,TRUE,TRUE,0.012891004097931716,1,21
2301109,CE,ARACATI,2026,69159,50_a_100_mil,11.144163480467705,36.32788212669356,14.18,59.26,349.26,26.68,22.33,3.51,0.655,0,TRUE,32.38289403216235,30.678326734321498,4.086667001910892,15.29,20.8,32.38289403216235,30.678326734321498,4.086667001910892,15.29,20.8,1,1,0,0,0,TRUE,TRUE,TRUE,TRUE,TRUE,2016,32.38289403216235,30.678326734321498,31.53061038324192,-1.7045672978408497,13.392222333970297,0,TRUE,TRUE,0.0422076843639585,1,26
2302404,CE,BOA VIAGEM,2016,52498,50_a_100_mil,10.868530352615977,49.32378376319098,31.91,71.03,250.47,56.14,35.58,5.17,0.598,1,FALSE,0,0,3.205616229732448,19.54,21.6,0,0,3.205616229732448,19.54,21.6,0,0,0,0,0,TRUE,TRUE,TRUE,TRUE,TRUE,2016,0,0,0,0,14.781872076577482,0,TRUE,TRUE,0.04065094182570869,1,22
2303303,CE,CARIÚS,2016,18567,ate_20_mil,9.829141090407472,55.24317337211181,28.7,67.79,239.39,51.58,34.57,2.69,0.597,1,FALSE,29.61479923810896,29.506539747796598,33.33340893943913,33.95,32.2,29.61479923810896,29.506539747796598,33.33340893943913,33.95,32.2,0,0,1,1,1,TRUE,TRUE,TRUE,TRUE,TRUE,2016,29.61479923810896,29.506539747796598,29.56066949295278,-0.10825949031236348,33.16113631314638,1,TRUE,TRUE,0.03900923865509452,1,23
2303402,CE,CARNAUBAL,2024,16746,ate_20_mil,9.725914702764378,52.46626059954616,27.18,73.86,224.37,51.88,32.67,0.8,0.593,0,TRUE,40.49321230104281,43.31423443363369,24.09128846293857,33.54,78.2,40.49321230104281,43.31423443363369,24.09128846293857,33.54,78.2,1,1,0,1,1,TRUE,TRUE,TRUE,TRUE,TRUE,2016,40.49321230104281,43.31423443363369,41.90372336733825,2.8210221325908833,45.27709615431286,0.6666666666666666,TRUE,TRUE,0.04151204092340385,1,23
2304251,CE,CRUZ,2016,22479,20_a_50_mil,10.020336819032421,57.43138039948396,24.71,67.89,282.51,38.73,27.07,4.56,0.632,1,FALSE,12.495695729808979,2.55668644769528,14.352633548248516,38.47,39.9,12.495695729808979,2.55668644769528,14.352633548248516,38.47,39.9,0,0,0,1,1,TRUE,TRUE,TRUE,TRUE,TRUE,2016,12.495695729808979,2.55668644769528,7.52619108875213,-9.939009282113698,30.907544516082837,0.6666666666666666,TRUE,TRUE,0.026740446739119076,1,24
2304707,CE,GRANJA,2026,52645,50_a_100_mil,10.87132654629086,50.81774147592364,43.63,82.31,173.99,55.36,42.37,2.06,0.559,0,TRUE,9.584219140812815,12.827379469549765,8.6330235465019,24.11,18.8,9.584219140812815,12.827379469549765,8.6330235465019,24.11,18.8,0,0,0,0,0,TRUE,TRUE,TRUE,TRUE,TRUE,2016,9.584219140812815,12.827379469549765,11.20579930518129,3.24316032873695,17.181007848833968,0,TRUE,TRUE,0.04230769801263892,1,22
2304806,CE,GRANJEIRO,2024,4629,ate_20_mil,8.44009614103127,70.40397494059192,27.99,70.13,221.14,37.99,33.66,1.09,0.585,0,TRUE,0,0,27.692250937225815,80.83999999999999,29.5,0,0,27.692250937225815,80.83999999999999,29.5,0,0,0,1,0,TRUE,TRUE,TRUE,TRUE,TRUE,2016,0,0,0,0,46.010750312408604,0.3333333333333333,TRUE,TRUE,0.014457866653182702,1,21
2305001,CE,GUARACIABA DO NORTE,2026,37775,20_a_50_mil,10.53940278714094,53.929847782925215,19.81,71.11,247.55,53.19,31.35,1.65,0.609,0,TRUE,34.646899537568665,35.90025093783043,31.42437973632546,23.93,63.8,34.646899537568665,35.90025093783043,31.42437973632546,23.93,63.8,1,1,1,0,1,TRUE,TRUE,TRUE,TRUE,TRUE,2016,34.646899537568665,35.90025093783043,35.273575237699546,1.2533514002617636,39.718126578775156,0.6666666666666666,TRUE,TRUE,0.059094459386440853,1,25
2308005,CE,MASSAPÊ,2024,35191,20_a_50_mil,10.468545647075837,31.84905231451223,21.32,68.12,231.47,22.35,31.11,2.1,0.616,0,TRUE,3.9309232031755195,0,4.373081650720482,33.9,29.5,3.9309232031755195,0,4.373081650720482,33.9,29.5,0,0,0,1,0,TRUE,TRUE,TRUE,TRUE,TRUE,2016,3.9309232031755195,0,1.9654616015877597,-3.9309232031755195,22.591027216906827,0.3333333333333333,TRUE,TRUE,0.023713930801981236,1,24
2308401,CE,MISSÃO VELHA,2016,34274,20_a_50_mil,10.442142328220795,55.01254595320068,20.65,68.98,293.16,48.88,30.3,1.04,0.622,1,FALSE,18.055862182749806,29.694225549023066,30.380507909556187,40.99,29.199999999999996,18.055862182749806,29.694225549023066,30.380507909556187,40.99,29.199999999999996,0,0,1,1,0,TRUE,TRUE,TRUE,TRUE,TRUE,2016,18.055862182749806,29.694225549023066,23.875043865886436,11.63836336627326,33.52350263651873,0.6666666666666666,TRUE,TRUE,0.06229575666554998,1,25
2311801,CE,RUSSAS,2016,69833,50_a_100_mil,11.153861956395138,35.62928701330316,7.55,50.17,372.43,23.17,21.02,4.24,0.674,1,FALSE,30.897335414070596,13.286515771117388,30.554557856436897,37.04,62.1,30.897335414070596,13.286515771117388,30.554557856436897,37.04,62.1,1,0,1,1,1,TRUE,TRUE,TRUE,TRUE,TRUE,2016,30.897335414070596,13.286515771117388,22.09192559259399,-17.61081964295321,43.23151928547897,1,TRUE,TRUE,0.040526586433389536,1,26
2903904,BA,BOM JESUS DA LAPA,2024,63480,50_a_100_mil,11.058480174640346,32.10617517328292,17.6,60.58,367.62,28.47,20.8,7.95,0.633,0,TRUE,30.830701886580847,28.670802062871697,30.944445255619097,35.5,44.6,30.830701886580847,28.670802062871697,30.944445255619097,35.5,44.6,1,0,1,1,1,TRUE,TRUE,TRUE,TRUE,TRUE,2016,30.830701886580847,28.670802062871697,29.75075197472627,-2.15989982370915,37.014815085206365,1,TRUE,TRUE,0.01820396651076533,1,27
2917607,BA,JAGUAQUARA,2016,51011,50_a_100_mil,10.839796574724032,23.83995608790261,12.81,63.91,307.08,36.73,28.85,2.45,0.58,1,FALSE,47.30047446897546,28.06638207043757,31.35540699661944,29.270000000000003,30.5,47.30047446897546,28.06638207043757,31.35540699661944,29.270000000000003,30.5,1,0,1,0,1,TRUE,TRUE,TRUE,TRUE,TRUE,2016,47.30047446897546,28.06638207043757,37.68342826970651,-19.23409239853789,30.375135665539815,0.6666666666666666,TRUE,TRUE,0.018273089648047934,1,27
3303906,RJ,PETRÓPOLIS,,295917,100_a_500_mil,12.597834288579845,4.944291811555267,1.5,20.7,922.49,1.71,4.19,3.47,0.745,0,TRUE,11.795621617832982,26.148924395504597,30.448763676413932,38.47,38.6,11.795621617832982,26.148924395504597,30.448763676413932,38.47,38.6,0,0,1,1,1,TRUE,TRUE,TRUE,TRUE,TRUE,2016,11.795621617832982,26.148924395504597,18.97227300666879,14.353302777671615,35.83958789213798,1,TRUE,TRUE,0.04625558305887378,1,28
3306305,RJ,VOLTA REDONDA,2016,257803,100_a_500_mil,12.459951006347367,0.04538349049468004,1.47,16.69,920.51,0.64,3.47,3.75,0.771,1,FALSE,12.169813208972775,2.3722296832242873,0,21.93,46.6,12.169813208972775,2.3722296832242873,0,21.93,46.6,0,0,0,0,1,TRUE,TRUE,TRUE,TRUE,TRUE,2016,12.169813208972775,2.3722296832242873,7.271021446098531,-9.797583525748488,22.843333333333334,0.3333333333333333,TRUE,TRUE,0.049652768298441466,1,28
3506003,SP,BAURU,2016,343937,100_a_500_mil,12.748213780048559,1.672690056609205,1.08,12.95,1163.86,1.4,3.21,5.64,0.801,1,FALSE,28.178080926266613,27.512821614570008,0.8737915095110311,13.6,9.8,28.178080926266613,27.512821614570008,0.8737915095110311,13.6,9.8,0,0,0,0,0,TRUE,TRUE,TRUE,TRUE,TRUE,2016,28.178080926266613,27.512821614570008,27.84545127041831,-0.6652593116966052,8.091263836503677,0,TRUE,TRUE,0.08206817099653864,1,29
3506508,SP,BIRIGUI,2016,108728,100_a_500_mil,11.596604629635184,2.9808329041277317,0.35,9.91,812.51,3.13,4.75,3.89,0.78,1,FALSE,0,0,12.335125961126426,0,31.599999999999998,0,0,12.335125961126426,,31.599999999999998,0,0,0,0,1,TRUE,TRUE,TRUE,FALSE,TRUE,2016,0,0,0,0,14.645041987042141,0.3333333333333333,TRUE,FALSE,0.05453218420891633,1,30
3507506,SP,BOTUCATU,2016,127328,100_a_500_mil,11.754521713226655,3.6519854234732345,0.74,14.34,1089.1,5.51,4.29,6.07,0.8,1,FALSE,57.6935980180814,38.71636195936368,30.08014264329334,38.55,42.6,57.6935980180814,38.71636195936368,30.08014264329334,38.55,42.6,1,1,1,1,1,TRUE,TRUE,TRUE,TRUE,TRUE,2016,57.6935980180814,38.71636195936368,48.20497998872254,-18.977236058717722,37.076714214431114,1,TRUE,TRUE,0.07302801205845881,1,31
3507605,SP,BRAGANÇA PAULISTA,,146744,100_a_500_mil,11.896444850994186,3.059068854603936,0.7,13.93,974.08,4.31,4.6,1.61,0.776,0,TRUE,40.63334560624766,28.060184818722995,45.63504343005892,20.35,35.6,40.63334560624766,28.060184818722995,45.63504343005892,20.35,35.6,1,0,1,0,1,TRUE,TRUE,TRUE,TRUE,TRUE,2016,40.63334560624766,28.060184818722995,34.34676521248532,-12.573160787524664,33.861681143352975,0.6666666666666666,TRUE,TRUE,0.071200706790347415,1,31
3538709,SP,PIRACICABA,2025,364571,100_a_500_mil,12.806476598842224,2.1471812075014194,0.94,11.62,1143.2,2.24,3.23,3.46,0.785,0,TRUE,41.42587687195519,40.17537604354231,49.26763193114385,42.81,61.3,41.42587687195519,40.17537604354231,49.26763193114385,42.81,61.3,1,1,1,1,1,TRUE,TRUE,TRUE,TRUE,TRUE,2016,41.42587687195519,40.17537604354231,40.80062645774875,-1.250500828412882,51.125877310381284,1,TRUE,TRUE,0.08454274418538932,1,29
3552403,SP,SUMARÉ,2025,241311,100_a_500_mil,12.393841836981057,1.1773188955331502,0.88,14.5,820.03,1.61,5.14,2.26,0.762,0,TRUE,0,3.2895147539891036,0,15.4,28.2,0,3.2895147539891036,0,15.4,28.2,0,0,0,0,0,TRUE,TRUE,TRUE,TRUE,TRUE,2016,0,3.2895147539891036,1.6447573769945518,3.2895147539891036,14.533333333333333,0,TRUE,TRUE,0.05805519853942079,1,30
4100608,PR,ALTO PARANÁ,2016,13663,ate_20_mil,9.522446728338489,17.873087901632147,2.24,26.97,548.25,31.8,11.12,4.8,0.696,1,FALSE,37.567248894093154,19.80862558987559,41.58408826690649,53.47999999999999,57,37.567248894093154,19.80862558987559,41.58408826690649,53.47999999999999,57,1,0,1,1,1,TRUE,TRUE,TRUE,TRUE,TRUE,2016,37.567248894093154,19.80862558987559,28.687937241984372,-17.758623304217565,50.68802942230216,1,TRUE,TRUE,0.021971774432021127,1,32
4100707,PR,ALTO PIQUIRI,2016,10179,ate_20_mil,9.22808205345234,17.712938402593576,2.01,29.67,515.07,29.62,14.86,5.65,0.676,1,FALSE,22.7942808109834,39.5387268802641,31.156735235567353,31.25,39,22.7942808109834,39.5387268802641,31.156735235567353,31.25,39,0,1,1,1,1,TRUE,TRUE,TRUE,TRUE,TRUE,2016,22.7942808109834,39.5387268802641,31.16650384562375,16.744446069280702,33.80224507852245,1,TRUE,TRUE,0.02016444300993775,1,33
4101002,PR,AMPÉRE,2016,17308,ate_20_mil,9.758924101344775,23.405361682458977,3.59,25.48,618.76,19.44,8.01,3.55,0.709,1,FALSE,17.07222481222481,27.295620659942216,61.75248278666524,91.88,71.2,17.07222481222481,27.295620659942216,61.75248278666524,91.88,71.2,0,0,1,1,1,TRUE,TRUE,TRUE,TRUE,TRUE,2016,17.07222481222481,27.295620659942216,22.183922736083513,10.223395847717406,74.94416092888841,1,TRUE,TRUE,0.023701138181516215,1,34
4101101,PR,ANDIRÁ,2016,20610,20_a_50_mil,9.933531673884504,6.108685104318292,2.87,23.25,587.51,18.43,10.71,2.99,0.725,1,FALSE,36.689629384025935,31.19827450362433,49.04955824108867,76.45,31,36.689629384025935,31.19827450362433,49.04955824108867,76.45,31,1,1,1,1,1,TRUE,TRUE,TRUE,TRUE,TRUE,2016,36.689629384025935,31.19827450362433,33.943951943825134,-5.491354880401605,52.16651941369622,1,TRUE,TRUE,0.037060968360951664,1,35
4101150,PR,ÂNGULO,2020,2859,ate_20_mil,7.958227192322312,21.196222455403987,0.31,20.65,641.37,37.71,12.11,9.35,0.721,0,TRUE,44.2572972972973,81.097886283921,100,69.99,67.3,44.2572972972973,81.097886283921,100,69.99,67.3,1,1,1,1,1,TRUE,TRUE,TRUE,TRUE,TRUE,2016,44.2572972972973,81.097886283921,62.67759179060915,36.8405889866237,79.09666666666666,1,TRUE,TRUE,0.03095817113931691,1,64
4101200,PR,ANTONINA,,18891,ate_20_mil,9.846440897156853,14.970091578000106,6.13,40.03,572.38,16.84,9.23,6.7,0.687,0,TRUE,41.72274547274547,38.611804207867415,36.85795562178751,45.41,49.3,41.72274547274547,38.611804207867415,36.85795562178751,45.41,49.3,1,1,1,1,1,TRUE,TRUE,TRUE,TRUE,TRUE,2016,41.72274547274547,38.611804207867415,40.16727484030645,-3.1109412648780577,43.8559852072625,1,TRUE,TRUE,0.01369299564603555,1,83
4101705,PR,ARARUNA,2020,13419,ate_20_mil,9.504426892100957,21.939041657351517,1.32,21.26,566.78,26.92,10.57,2.46,0.704,0,TRUE,39.611496276732325,57.01280950808848,62.18931097512517,51.54,53.8,39.611496276732325,57.01280950808848,62.18931097512517,51.54,53.8,1,1,1,1,1,TRUE,TRUE,TRUE,TRUE,TRUE,2016,39.611496276732325,57.01280950808848,48.3121528924104,17.401313231356156,55.84310365837506,1,TRUE,TRUE,0.0383139732807878,1,40
4101903,PR,ASSAÍ,2016,16354,ate_20_mil,9.702227794721923,16.919408095878683,1.65,27.68,723.56,22.47,10.59,3.19,0.728,1,FALSE,32.77625859677719,28.999375043399763,42.61470116977342,40.2,86.6,32.77625859677719,28.999375043399763,42.61470116977342,40.2,86.6,1,0,1,1,1,TRUE,TRUE,TRUE,TRUE,TRUE,2016,32.77625859677719,28.999375043399763,30.887816820088474,-3.776883553377427,56.47156705659114,1,TRUE,TRUE,0.036353743765577665,1,36
4102604,PR,BARRACÃO,2016,9735,ate_20_mil,9.1834829178063,28.012326656394453,3.13,30.4,688.92,28.69,8.96,6.02,0.706,1,FALSE,68.58090721952654,100,68.17656643210384,100,100,68.58090721952654,100,68.17656643210384,100,100,1,1,1,1,1,TRUE,TRUE,TRUE,TRUE,TRUE,2016,68.58090721952654,100,84.29045360976326,31.419092780473463,89.39218881070128,1,TRUE,TRUE,0.0348672029817651,1,37
4102802,PR,BELA VISTA DO PARAÍSO,2024,15079,ate_20_mil,9.621058326365796,5.855825983155381,1.17,20.8,710.14,21.45,12.71,3.71,0.716,0,TRUE,19.760893340240603,24.13208603317841,5.892634580137126,20.29,13.7,19.760893340240603,24.13208603317841,5.892634580137126,20.29,13.7,0,0,0,0,0,TRUE,TRUE,TRUE,TRUE,TRUE,2016,19.760893340240603,24.13208603317841,21.946489686709505,4.371192692937807,13.294211526712374,0,TRUE,TRUE,0.029230621201067224,1,46
4102901,PR,BITURUNA,2026,15880,ate_20_mil,9.672815734801127,37.66372795969773,7.64,44.51,443.43,39.87,8.78,1.05,0.667,0,TRUE,49.66617983379752,63.62260864219038,82.09914651360624,57.29,49.4,49.66617983379752,63.62260864219038,82.09914651360624,57.29,49.4,1,1,1,1,1,TRUE,TRUE,TRUE,TRUE,TRUE,2016,49.66617983379752,63.62260864219038,56.64439423799395,13.956428808392857,62.929715504535416,1,TRUE,TRUE,0.03283934208312449,1,37
4103024,PR,BOA ESPERANÇA DO IGUAÇU,2016,2764,ate_20_mil,7.92443418488756,65.52098408104197,7.04,32.49,527.03,60.24,8.92,11.34,0.7,1,FALSE,0,75.71867520538198,77.83162636066277,80.01,54.1,0,75.71867520538198,77.83162636066277,80.01,54.1,0,1,1,1,1,TRUE,TRUE,TRUE,TRUE,TRUE,2016,0,75.71867520538198,37.85933760269099,75.71867520538198,70.64720878688759,1,TRUE,TRUE,0.03219200515932842,1,38
4103040,PR,BOA VENTURA DE SÃO ROQUE,2020,6554,ate_20_mil,8.787830829258759,76.44186756179433,8.1,47.99,415.44,62.73,12.88,1.46,0.655,0,TRUE,33.48230010567101,52.108208841695316,30.273733255678508,72.49,95.8,33.48230010567101,52.108208841695316,30.273733255678508,72.49,95.8,1,1,1,1,1,TRUE,TRUE,TRUE,TRUE,TRUE,2016,33.48230010567101,52.108208841695316,42.79525447368316,18.625908736024307,66.18791108522616,1,TRUE,TRUE,0.04209873260954777,1,65
4103057,PR,BOA VISTA DA APARECIDA,2022,7911,ate_20_mil,8.976009475021396,38.06092782201997,5.94,36.1,510.39,38.95,16.84,7.42,0.67,0,TRUE,46.108258738772165,36.535958047718516,56.845632373421275,66.99,86.2,46.108258738772165,36.535958047718516,56.845632373421275,66.99,86.2,1,1,1,1,1,TRUE,TRUE,TRUE,TRUE,TRUE,2016,46.108258738772165,36.535958047718516,41.322108393245344,-9.572300691053648,70.01187745780709,1,TRUE,TRUE,0.019064456418576622,1,52
4103156,PR,BOM JESUS DO SUL,2016,3796,ate_20_mil,8.241703159729818,75.42149631190728,7.72,41.27,430.51,60.5,11.03,2.76,0.697,1,FALSE,10.578618539393213,27.59909807831762,63.54393763956661,100,86,10.578618539393213,27.59909807831762,63.54393763956661,100,86,0,0,1,1,1,TRUE,TRUE,TRUE,TRUE,TRUE,2016,10.578618539393213,27.59909807831762,19.088858308855418,17.020479538924405,83.18131254652221,1,TRUE,TRUE,0.04759036116683868,1,39
4103206,PR,BOM SUCESSO,2024,6561,ate_20_mil,8.788898309344878,18.777625361987504,0.51,19.58,592.27,34.42,14.68,5.63,0.686,0,TRUE,19.11233314532807,32.764206004575804,30.044082381153896,65.19,38,19.11233314532807,32.764206004575804,30.044082381153896,65.19,38,0,1,1,1,1,TRUE,TRUE,TRUE,TRUE,TRUE,2016,19.11233314532807,32.764206004575804,25.93826957495194,13.651872859247735,44.41136079371796,1,TRUE,TRUE,0.020784238548274502,1,33
4103354,PR,BRAGANEY,2020,5735,ate_20_mil,8.65434302956347,40.41848299912816,3.11,32.74,580.75,38.19,14.18,2.28,0.701,0,TRUE,45.36129950598677,48.6668044077135,36.29159844316199,49.78,42.4,45.36129950598677,48.6668044077135,36.29159844316199,49.78,42.4,1,1,1,1,1,TRUE,TRUE,TRUE,TRUE,TRUE,2016,45.36129950598677,48.6668044077135,47.01405195685014,3.305504901726728,42.823866147720665,1,TRUE,TRUE,0.04121511103419982,1,81
4103453,PR,CAFELÂNDIA,2016,14662,ate_20_mil,9.593014391783532,15.782294366389303,0.4,13.76,721.38,20.39,4.72,5.91,0.748,1,FALSE,36.30710707872602,62.494665183938444,36.599254761247586,48.11,43.6,36.30710707872602,62.494665183938444,36.599254761247586,48.11,43.6,1,1,1,1,1,TRUE,TRUE,TRUE,TRUE,TRUE,2016,36.30710707872602,62.494665183938444,49.40088613133223,26.187558105212425,42.76975158708253,1,TRUE,TRUE,0.03937215321983769,1,40
4103479,PR,CAFEZAL DO SUL,2016,4290,ate_20_mil,8.364042011922063,22.494172494172496,1.03,24.89,569.82,33.12,16.24,3.2,0.692,1,FALSE,2.581166378938282,25.251846381093056,50.754211876257216,45.93,48.5,2.581166378938282,25.251846381093056,50.754211876257216,45.93,48.5,0,0,1,1,1,TRUE,TRUE,TRUE,TRUE,TRUE,2016,2.581166378938282,25.251846381093056,13.916506380015669,22.670680002154775,48.394737292085736,1,TRUE,TRUE,0.0257787813644798,1,41
4103909,PR,CAMPINA DA LAGOA,,15394,ate_20_mil,9.641733102094262,18.42925815252696,2.9,34.71,540.04,33.23,14.02,5.15,0.704,0,TRUE,3.6051835835238757,40.71232963009628,32.68289700271452,36.81,71,3.6051835835238757,40.71232963009628,32.68289700271452,36.81,71,0,1,1,1,1,TRUE,TRUE,TRUE,TRUE,TRUE,2016,3.6051835835238757,40.71232963009628,22.158756606810076,37.1071460465724,46.830965667571505,1,TRUE,TRUE,0.04180965275344083,1,86
4104055,PR,CAMPO BONITO,2020,4407,ate_20_mil,8.390949464841986,41.45677331518039,2.98,33.99,585.04,50.26,14.27,5.45,0.681,0,TRUE,32.60574543767398,31.512693746659536,51.77237977805179,63.77,48.8,32.60574543767398,31.512693746659536,51.77237977805179,63.77,48.8,1,1,1,1,1,TRUE,TRUE,TRUE,TRUE,TRUE,2016,32.60574543767398,31.512693746659536,32.059219592166755,-1.0930516910144448,54.780793259350595,1,TRUE,TRUE,0.02374795359981229,1,53
4104501,PR,CAPANEMA,2016,18526,ate_20_mil,9.826930429813974,39.81431501673324,2.39,19.28,701.11,38.78,7.86,4.05,0.706,1,FALSE,80.47919496299104,85.2010283629126,76.43394388445915,76.69,98.7,80.47919496299104,85.2010283629126,76.43394388445915,76.69,98.7,1,1,1,1,1,TRUE,TRUE,TRUE,TRUE,TRUE,2016,80.47919496299104,85.2010283629126,82.84011166295181,4.72183339992155,83.94131462815305,1,TRUE,TRUE,0.04890774469176989,1,42
4104600,PR,CAPITÃO LEÔNIDAS MARQUES,2016,14970,ate_20_mil,9.613803477413674,23.246492985971944,1.03,23.05,670.16,24.73,10.28,6.55,0.716,1,FALSE,62.13503655699567,87.6055669729207,91.0739173544486,94.62,100,62.13503655699567,87.6055669729207,91.0739173544486,94.62,100,1,1,1,1,1,TRUE,TRUE,TRUE,TRUE,TRUE,2016,62.13503655699567,87.6055669729207,74.87030176495819,25.470530415925026,95.2313057848162,1,TRUE,TRUE,0.040269851140132824,1,43
4104709,PR,CARLÓPOLIS,2020,13706,ate_20_mil,9.52558897214577,31.759813220487377,1.1,26.39,608.82,41.85,8.6,1.38,0.713,0,TRUE,28.70069628131321,32.445658968726,27.15327039033017,33.89,30.300000000000004,28.70069628131321,32.445658968726,27.15327039033017,33.89,30.300000000000004,0,1,0,1,1,TRUE,TRUE,TRUE,TRUE,TRUE,2016,28.70069628131321,32.445658968726,30.573177625019603,3.744962687412791,30.447756796776726,0.6666666666666666,TRUE,TRUE,0.04832159930108048,1,93
4105003,PR,CATANDUVAS,2020,10202,ate_20_mil,9.230339058482873,47.63771809449128,6.65,40.8,539.43,40.96,14.75,4.66,0.678,0,TRUE,35.59395155201795,35.57714696616902,29.38227838450836,92.9,67.2,35.59395155201795,35.57714696616902,29.38227838450836,92.9,67.2,1,1,0,1,1,TRUE,TRUE,TRUE,TRUE,TRUE,2016,35.59395155201795,35.57714696616902,35.58554925909348,-0.016804585848930742,63.16075946150279,0.6666666666666666,TRUE,TRUE,0.028163013093429508,1,85
4105102,PR,CENTENÁRIO DO SUL,2016,11190,ate_20_mil,9.322775801305971,16.586237712243076,1.46,22.09,571.32,28.5,14.54,1.03,0.668,1,FALSE,38.79767561021055,50.91945372612735,34.418130265385635,30.23,32.3,38.79767561021055,50.91945372612735,34.418130265385635,30.23,32.3,1,1,1,1,1,TRUE,TRUE,TRUE,TRUE,TRUE,2016,38.79767561021055,50.91945372612735,44.85856466816895,12.121778115916804,32.316043421795214,1,TRUE,TRUE,0.025548021512385326,1,44
4105805,PR,COLOMBO,2022,212967,100_a_500_mil,12.268892503111271,4.584747871735996,0.77,16.29,682.85,2.41,4.97,2.8,0.733,0,TRUE,47.80667345720821,14.69853713345864,32.42451991163097,31.419999999999998,57.9,47.80667345720821,14.69853713345864,32.42451991163097,31.419999999999998,57.9,1,0,1,1,1,TRUE,TRUE,TRUE,TRUE,TRUE,2016,47.80667345720821,14.69853713345864,31.252605295333424,-33.10813632374958,40.581506637210325,1,TRUE,TRUE,0.035712352573298585,1,56
4106001,PR,CONGONHINHAS,2016,8279,ate_20_mil,9.021477467138807,41.611305713250395,6.61,44.01,471.57,51.36,18.4,5.04,0.668,1,FALSE,33.802310508522076,39.710538054676384,59.889891189131895,100,73.7,33.802310508522076,39.710538054676384,59.889891189131895,100,73.7,1,1,1,1,1,TRUE,TRUE,TRUE,TRUE,TRUE,2016,33.802310508522076,39.710538054676384,36.75642428159923,5.908227546154308,77.86329706304397,1,TRUE,TRUE,0.03488984352886506,1,45
4106308,PR,CORBÉLIA,2016,16312,ate_20_mil,9.699656312254291,14.32074546346248,0.97,20,743.65,24.38,8.24,3.48,0.738,1,FALSE,8.211699695121952,3.0272345384318995,31.740500530222693,27.68,65.2,8.211699695121952,3.0272345384318995,31.740500530222693,27.68,65.2,0,0,1,0,1,TRUE,TRUE,TRUE,TRUE,TRUE,2016,8.211699695121952,3.0272345384318995,5.619467116776926,-5.184465156690052,41.54016684340756,0.6666666666666666,TRUE,TRUE,0.03137707339715539,1,46
4106605,PR,CRUZEIRO DO OESTE,2016,20416,20_a_50_mil,9.924074186144516,13.46492946708464,0.77,22.27,617.44,19.75,13.37,3.66,0.717,1,FALSE,27.032472303035643,56.69352347539242,67.35781556043645,63.73,57.2,27.032472303035643,56.69352347539242,67.35781556043645,63.73,57.2,0,1,1,1,1,TRUE,TRUE,TRUE,TRUE,TRUE,2016,27.032472303035643,56.69352347539242,41.86299788921403,29.661051172356775,62.76260518681215,1,TRUE,TRUE,0.04828172231984332,1,47
4106704,PR,CRUZEIRO DO SUL,2016,4563,ate_20_mil,8.425735580927402,25.39995616918694,1.91,25.79,558.9,36.01,12.84,5.92,0.713,1,FALSE,50.16248895316141,100,25.47499654648432,0,44.2,50.16248895316141,100,25.47499654648432,,44.2,1,1,0,0,1,TRUE,TRUE,TRUE,FALSE,TRUE,2016,50.16248895316141,100,75.08124447658071,49.83751104683859,23.224998848828108,0.3333333333333333,TRUE,FALSE,0.051120791730528685,1,48
4106852,PR,CRUZMALTINA,2024,3162,ate_20_mil,8.058960017769417,52.46679316888046,0.65,32.19,456.21,56.02,18.38,3.43,0.666,0,TRUE,0,0,33.31043129388165,38.47,57.6,0,0,33.31043129388165,38.47,57.6,0,0,1,1,1,TRUE,TRUE,TRUE,TRUE,TRUE,2016,0,0,0,0,43.12681043129388,1,TRUE,TRUE,0.024409479168675578,1,62
4107009,PR,CURIÚVA,2024,13923,ate_20_mil,9.541297427909285,31.243266537384184,3.3,39.9,455.24,40.52,14.65,1.37,0.656,0,TRUE,22.89666627924996,19.776124039765026,0,51.24,23.3,22.89666627924996,19.776124039765026,0,51.24,23.3,0,0,0,1,0,TRUE,TRUE,TRUE,TRUE,TRUE,2016,22.89666627924996,19.776124039765026,21.336395159507493,-3.1205422394849336,24.846666666666668,0.3333333333333333,TRUE,TRUE,0.02389072369283985,1,94
4107108,PR,DIAMANTE DO NORTE,2024,5516,ate_20_mil,8.615408238913192,17.494561276287165,1.13,22.01,619.39,29.21,12.03,6.61,0.723,0,TRUE,30.358490967961828,38.905400886213535,27.83463004866557,40.41,50.7,30.358490967961828,38.905400886213535,27.83463004866557,40.41,50.7,1,1,0,1,1,TRUE,TRUE,TRUE,TRUE,TRUE,2016,30.358490967961828,38.905400886213535,34.631945927087685,8.546909918251707,39.64821001622185,0.6666666666666666,TRUE,TRUE,0.027377398192775817,1,54
4107256,PR,DOURADINA,2016,7445,ate_20_mil,8.915297945118109,29.670920080591,0.3,15.17,708.51,17.02,10.06,5.79,0.724,1,FALSE,22.50043639537421,37.50869839208647,30.072537972515136,30,52.3,22.50043639537421,37.50869839208647,30.072537972515136,30,52.3,0,1,1,1,1,TRUE,TRUE,TRUE,TRUE,TRUE,2016,22.50043639537421,37.50869839208647,30.00456739373034,15.008261996712264,37.45751265750504,1,TRUE,TRUE,0.02249814307845916,1,49
4107405,PR,ENÉAS MARQUES,2016,6103,ate_20_mil,8.716535732544495,65.16467311158446,2.85,24.74,948.7,51.56,9.37,7.35,0.752,1,FALSE,61.79635761589404,15.913276119662278,35.5056373937677,67.39,65.4,61.79635761589404,15.913276119662278,35.5056373937677,67.39,65.4,1,0,1,1,1,TRUE,TRUE,TRUE,TRUE,TRUE,2016,61.79635761589404,15.913276119662278,38.854816867778155,-45.88308149623176,56.09854579792257,1,TRUE,TRUE,0.04109893121363052,1,50
4107751,PR,FIGUEIRA,2016,8293,ate_20_mil,9.023167064451204,14.494151694199928,1.82,30,551.93,27.05,15.23,3.27,0.677,1,FALSE,0,0,16.942349097928577,68.93,17.1,0,0,16.942349097928577,68.93,17.1,0,0,0,1,0,TRUE,TRUE,TRUE,TRUE,TRUE,2016,0,0,0,0,34.324116365976195,0.3333333333333333,TRUE,TRUE,0.015425941188926344,1,51
4107850,PR,FLOR DA SERRA DO SUL,,4726,ate_20_mil,8.460834457746854,65.21371138383411,3.24,30,549.7,53.37,12.07,3.42,0.682,0,TRUE,0,28.86477434758099,0,40.04,30.9,0,28.86477434758099,0,40.04,30.9,0,0,0,1,1,TRUE,TRUE,TRUE,TRUE,TRUE,2016,0,28.86477434758099,14.432387173790495,28.86477434758099,23.646666666666665,0.6666666666666666,TRUE,TRUE,0.0321982244332302,1,38
4107900,PR,FLORESTA,2024,5931,ate_20_mil,8.687948111838727,7.772719608834935,0.88,12.51,649.71,14.53,7.5,11.18,0.736,0,TRUE,0,33.241648992576884,35.57347849564831,49.19,35.5,0,33.241648992576884,35.57347849564831,49.19,35.5,0,1,1,1,1,TRUE,TRUE,TRUE,TRUE,TRUE,2016,0,33.241648992576884,16.620824496288442,33.241648992576884,40.0878261652161,1,TRUE,TRUE,0.013951669748017885,1,78
4108205,PR,FORMOSA DO OESTE,,7541,ate_20_mil,8.928110078202646,34.09362153560536,1.18,23.2,593.44,37.52,10.91,3.37,0.723,0,TRUE,10.378111444778112,35.454443756023686,49.76210073631688,37.36,35.7,10.378111444778112,35.454443756023686,49.76210073631688,37.36,35.7,0,1,1,1,1,TRUE,TRUE,TRUE,TRUE,TRUE,2016,10.378111444778112,35.454443756023686,22.9162776004009,25.076332311245572,40.94070024543896,1,TRUE,TRUE,0.047050982871215945,1,61
4108320,PR,FRANCISCO ALVES,2016,6418,ate_20_mil,8.766861821669803,34.02929261452166,3.9,27.17,512.87,34.47,17.17,4.8,0.669,1,FALSE,26.546804486328647,26.6660367850844,31.031990477934443,31.31,38.7,26.546804486328647,26.6660367850844,31.031990477934443,31.31,38.7,0,0,1,1,1,TRUE,TRUE,TRUE,TRUE,TRUE,2016,26.546804486328647,26.6660367850844,26.606420635706524,0.11923229875575458,33.68066349264481,1,TRUE,TRUE,0.01888475014970288,1,52
4108601,PR,GOIOERÊ,,29018,20_a_50_mil,10.27567160607563,13.012612860982838,1.85,23.64,707.58,14.67,11.35,1.95,0.731,0,TRUE,0,29.099695768304805,79.61975479089965,38.28,31.200000000000003,0,29.099695768304805,79.61975479089965,38.28,31.200000000000003,0,0,1,1,1,TRUE,TRUE,TRUE,TRUE,TRUE,2016,0,29.099695768304805,14.549847884152403,29.099695768304805,49.699918263633215,1,TRUE,TRUE,0.04844099790741237,1,90
4108908,PR,GUAIRAÇÁ,2016,6197,ate_20_mil,8.731820582962108,19.977408423430692,1.01,22.33,614.06,47.13,15.1,4.61,0.693,1,FALSE,2.5630814773047645,0,0,0,22.4,2.5630814773047645,0,0,,22.4,0,0,0,0,0,TRUE,TRUE,TRUE,FALSE,TRUE,2016,2.5630814773047645,0,1.2815407386523823,-2.5630814773047645,7.466666666666666,0,TRUE,FALSE,0.02469084263991649,1,53
4108957,PR,GUAMIRANGA,2024,7900,ate_20_mil,8.974618038455112,71.69620253164557,2.49,39.17,478.34,70.91,7.92,0.36,0.669,0,TRUE,32.98948251387276,40.80385577524414,36.40077551585653,30.179999999999996,73.1,32.98948251387276,40.80385577524414,36.40077551585653,30.179999999999996,73.1,1,1,1,1,1,TRUE,TRUE,TRUE,TRUE,TRUE,2016,32.98948251387276,40.80385577524414,36.896669144558444,7.8143732613713794,46.5602585052855,1,TRUE,TRUE,0.04793852605521743,1,77
4109005,PR,GUAPIRAMA,2016,3891,ate_20_mil,8.266421472984554,25.469031097404265,3.04,34.63,505.91,34.54,13.53,3,0.702,1,FALSE,32.23572767552829,41.097843591657174,42.643497405252404,35.03,38.8,32.23572767552829,41.097843591657174,42.643497405252404,35.03,38.8,1,1,1,1,1,TRUE,TRUE,TRUE,TRUE,TRUE,2016,32.23572767552829,41.097843591657174,36.66678563359273,8.862115916128886,38.82449913508413,1,TRUE,TRUE,0.030517928636412603,1,54
4109203,PR,GUARACI,2024,5227,ate_20_mil,8.561592778712923,19.647981633824372,0.42,16.92,595.93,28.45,12.06,1.44,0.698,0,TRUE,0,23.733130207257453,47.877980844409706,60.1,49.4,0,23.733130207257453,47.877980844409706,60.1,49.4,0,0,1,1,1,TRUE,TRUE,TRUE,TRUE,TRUE,2016,0,23.733130207257453,11.866565103628727,23.733130207257453,52.45932694813657,1,TRUE,TRUE,0.024466870920253,1,41
4109302,PR,GUARANIAÇU,2016,14582,ate_20_mil,9.587543170366375,46.48196406528597,5.53,35.37,614.94,42.8,11.66,2.23,0.677,1,FALSE,80.93359452209515,97.86568583129454,64.57437229113735,56.839999999999996,65.8,80.93359452209515,97.86568583129454,64.57437229113735,56.839999999999996,65.8,1,1,1,1,1,TRUE,TRUE,TRUE,TRUE,TRUE,2016,80.93359452209515,97.86568583129454,89.39964017669485,16.932091309199393,62.40479076371245,1,TRUE,TRUE,0.051162810343471816,1,55
4109401,PR,GUARAPUAVA,2016,167328,100_a_500_mil,12.027711236987857,8.567006119716963,2.24,27.71,750.09,11.26,6.42,5.65,0.731,1,FALSE,17.762408528277167,15.286393425639071,38.931903458908394,49.73,51.4,17.762408528277167,15.286393425639071,38.931903458908394,49.73,51.4,0,0,1,1,1,TRUE,TRUE,TRUE,TRUE,TRUE,2016,17.762408528277167,15.286393425639071,16.52440097695812,-2.4760151026380957,46.68730115296946,1,TRUE,TRUE,0.03536046241494173,1,56
4109658,PR,HONÓRIO SERPA,2020,5955,ate_20_mil,8.691986481789401,66.61628883291351,6.87,44.09,443.83,58.07,10.21,6.55,0.683,0,TRUE,53.27385837034176,100,100,82.94,100,53.27385837034176,100,100,82.94,100,1,1,1,1,1,TRUE,TRUE,TRUE,TRUE,TRUE,2016,53.27385837034176,100,76.63692918517089,46.72614162965824,94.31333333333333,1,TRUE,TRUE,0.051767096744482446,1,55
4109757,PR,IBEMA,2022,6066,ate_20_mil,8.710454688248527,18.5459940652819,3.09,33.48,499.24,34.46,13.08,5.1,0.685,0,TRUE,35.1279485928095,17.730738993710695,50.38697758799974,82.93,76.7,35.1279485928095,17.730738993710695,50.38697758799974,82.93,76.7,1,0,1,1,1,TRUE,TRUE,TRUE,TRUE,TRUE,2016,35.1279485928095,17.730738993710695,26.4293437932601,-17.397209599098808,70.00565919599991,1,TRUE,TRUE,0.016521413270341158,1,88
4109906,PR,ICARAÍMA,2016,8839,ate_20_mil,9.086929027060949,29.403778707998644,3.16,28.04,525.92,24.58,12.89,4.69,0.666,1,FALSE,0,0,32.686889246277445,30,31.899999999999995,0,0,32.686889246277445,30,31.899999999999995,0,0,1,1,1,TRUE,TRUE,TRUE,TRUE,TRUE,2016,0,0,0,0,31.52896308209248,1,TRUE,TRUE,0.010325657660457137,1,57
4110003,PR,IGUARAÇU,2016,3982,ate_20_mil,8.289539484624141,10.622802611752888,1.07,19.14,678.32,18.86,10.33,5.26,0.758,1,FALSE,56.64279961340206,0,0,93.16,0,56.64279961340206,0,0,93.16,,1,0,0,1,0,TRUE,TRUE,TRUE,TRUE,FALSE,2016,56.64279961340206,0,28.32139980670103,-56.64279961340206,31.05333333333333,0.3333333333333333,TRUE,FALSE,0.021975563885607195,1,58
4110078,PR,IMBAÚ,2025,11274,ate_20_mil,9.33025446864152,37.37803796345574,4.91,37.58,418.52,29.46,17.68,1.35,0.622,0,TRUE,27.135746308016877,18.373478655767485,17.839121058460105,37.3,39.5,27.135746308016877,18.373478655767485,17.839121058460105,37.3,39.5,0,0,0,1,1,TRUE,TRUE,TRUE,TRUE,TRUE,2016,27.135746308016877,18.373478655767485,22.75461248189218,-8.762267652249392,31.546373686153366,0.6666666666666666,TRUE,TRUE,0.011685769096530045,1,57
4110656,PR,IRACEMA DO OESTE,2016,2578,ate_20_mil,7.8547691834991324,22.342901474010866,1.94,23.27,524.51,41.85,17.2,9.42,0.707,1,FALSE,24.57930886456321,33.95142390455223,33.78005910238257,44.62,35.4,24.57930886456321,33.95142390455223,33.78005910238257,44.62,35.4,0,1,1,1,1,TRUE,TRUE,TRUE,TRUE,TRUE,2016,24.57930886456321,33.95142390455223,29.26536638455772,9.37211503998902,37.93335303412752,1,TRUE,TRUE,0.02363529197350501,1,59
4110805,PR,IRETAMA,2020,10622,ate_20_mil,9.270682600982344,41.7529655432122,3.38,40.62,608.11,44.27,18.17,3.57,0.665,0,TRUE,45.04535786714151,39.95368798193006,67.07099545930842,92.5,80,45.04535786714151,39.95368798193006,67.07099545930842,92.5,80,1,1,1,1,1,TRUE,TRUE,TRUE,TRUE,TRUE,2016,45.04535786714151,39.95368798193006,42.49952292453578,-5.091669885211452,79.85699848643614,1,TRUE,TRUE,0.030533848255850392,1,89
4110953,PR,ITAIPULÂNDIA,2016,9026,ate_20_mil,9.107864580386947,47.47396410370042,1.47,21.28,1019.87,25.11,8.18,3.73,0.738,1,FALSE,43.504003894895945,28.831488253268553,61.93334973832045,65.23,57.9,43.504003894895945,28.831488253268553,61.93334973832045,65.23,57.9,1,0,1,1,1,TRUE,TRUE,TRUE,TRUE,TRUE,2016,43.504003894895945,28.831488253268553,36.167746074082245,-14.672515641627392,61.68778324610682,1,TRUE,TRUE,0.02835901151829191,1,60
4111506,PR,IVAIPORÃ,2020,31816,20_a_50_mil,10.367724586887526,13.760372139803872,2.01,25.31,666.73,22.63,12.32,7.01,0.73,0,TRUE,34.34992404335688,29.725529991870964,33.887822500844464,37.81,57.5,34.34992404335688,29.725529991870964,33.887822500844464,37.81,57.5,1,0,1,1,1,TRUE,TRUE,TRUE,TRUE,TRUE,2016,34.34992404335688,29.725529991870964,32.03772701761392,-4.624394051485915,43.065940833614825,1,TRUE,TRUE,0.03884614883942434,1,35
4111704,PR,JABOTI,2025,4902,ate_20_mil,8.497398564088058,38.24969400244798,0.75,27.96,618.6,52.69,12.21,1.16,0.718,0,TRUE,5.174710910005027,8.080122324159023,30.048255511195972,30,30,5.174710910005027,8.080122324159023,30.048255511195972,30,30,0,0,1,1,1,TRUE,TRUE,TRUE,TRUE,TRUE,2016,5.174710910005027,8.080122324159023,6.627416617082025,2.9054114141539955,30.016085170398657,1,TRUE,TRUE,0.050398582811874246,1,39
4112504,PR,JARDIM ALEGRE,2024,12324,ate_20_mil,9.419303859716559,41.81272314183707,14.29,46.94,608.16,49.92,16.31,1.24,0.689,0,TRUE,2.6109409715967096,66.2985507495826,77.9698726676941,58.5,91.9,2.6109409715967096,66.2985507495826,77.9698726676941,58.5,91.9,0,1,1,1,1,TRUE,TRUE,TRUE,TRUE,TRUE,2016,2.6109409715967096,66.2985507495826,34.454745860589654,63.68760977798589,76.12329088923137,1,TRUE,TRUE,0.08287362132338506,1,73
4112900,PR,JUNDIAÍ DO SUL,2016,3433,ate_20_mil,8.141189793457691,42.44101369064958,7.45,41.11,485.95,53.24,15.55,0.19,0.688,1,FALSE,0,19.855870730254964,34.15909556488784,32.19,31.4,0,19.855870730254964,34.15909556488784,32.19,31.4,0,0,1,1,1,TRUE,TRUE,TRUE,TRUE,TRUE,2016,0,19.855870730254964,9.927935365127482,19.855870730254964,32.58303185496261,1,TRUE,TRUE,0.043689374906320334,1,61
4112959,PR,JURANDA,2024,7641,ate_20_mil,8.941283763647567,23.583300615102736,1.47,30.46,544.87,32.67,12.98,1.97,0.708,0,TRUE,36.16195090439277,35.62541921746074,88.96141512148994,97.56,63,36.16195090439277,35.62541921746074,88.96141512148994,97.56,63,1,1,1,1,1,TRUE,TRUE,TRUE,TRUE,TRUE,2016,36.16195090439277,35.62541921746074,35.89368506092676,-0.5365316869320296,83.17380504049665,1,TRUE,TRUE,0.03815992441385234,1,36
4113429,PR,LIDIANÓPOLIS,2016,3973,ate_20_mil,8.287276755814599,48.50239114019632,0.77,33.38,477.52,52.16,19.07,8.92,0.68,1,FALSE,0,28.58745988078863,49.83524944849822,51.22999999999999,80.6,0,28.58745988078863,49.83524944849822,51.22999999999999,80.6,0,0,1,1,1,TRUE,TRUE,TRUE,TRUE,TRUE,2016,0,28.58745988078863,14.293729940394314,28.58745988078863,60.5550831494994,1,TRUE,TRUE,0.027266991477781326,1,62
4113601,PR,LOBATO,2024,4401,ate_20_mil,8.38958706681109,6.725744149057032,0.42,12.86,653.7,13.27,11.81,7.07,0.744,0,TRUE,64.99144946157611,23.538020086083215,20.975247989485872,45.46,70.5,64.99144946157611,23.538020086083215,20.975247989485872,45.46,70.5,1,0,0,1,1,TRUE,TRUE,TRUE,TRUE,TRUE,2016,64.99144946157611,23.538020086083215,44.26473477382966,-41.453429375492895,45.64508266316196,0.6666666666666666,TRUE,TRUE,0.01853016699841295,1,58
4113809,PR,LUPIONÓPOLIS,2024,4592,ate_20_mil,8.432070937999402,11.171602787456449,2.39,22.74,636.69,18.05,11.78,3.68,0.71,0,TRUE,33.334317534317535,25.136434569369104,33.114137859177106,29.58,34.2,33.334317534317535,25.136434569369104,33.114137859177106,29.58,34.2,1,0,1,0,1,TRUE,TRUE,TRUE,TRUE,TRUE,2016,33.334317534317535,25.136434569369104,29.235376051843318,-8.19788296494843,32.29804595305904,0.6666666666666666,TRUE,TRUE,0.01685799225126226,1,71
4113908,PR,MALLET,,12973,ate_20_mil,9.470625553571013,41.64803823325368,5.11,30.29,552.86,47.98,3.51,3.16,0.708,0,TRUE,93.8160978618421,100,92.16167523719852,100,93.7,93.8160978618421,100,92.16167523719852,100,93.7,1,1,1,1,1,TRUE,TRUE,TRUE,TRUE,TRUE,2016,93.8160978618421,100,96.90804893092104,6.1839021381579045,95.28722507906618,1,TRUE,TRUE,0.05736586978893005,1,72
4114104,PR,MANDAGUAÇU,2024,19781,ate_20_mil,9.892477160016076,11.1015621050503,0.38,13.68,693.16,11.24,9.41,4.35,0.718,0,TRUE,25.09725691192285,34.81465314210535,31.752025927217765,34.42,31.6,25.09725691192285,34.81465314210535,31.752025927217765,34.42,31.6,0,1,1,1,1,TRUE,TRUE,TRUE,TRUE,TRUE,2016,25.09725691192285,34.81465314210535,29.9559550270141,9.717396230182498,32.59067530907259,1,TRUE,TRUE,0.02401067151647562,1,34
4114500,PR,MANOEL RIBAS,2024,13169,ate_20_mil,9.48562086171022,48.325613182473994,4.28,36.45,729.51,36.61,14.68,3.96,0.716,0,TRUE,0,0,0.6436412450287923,54.15,37.4,0,0,0.6436412450287923,54.15,37.4,0,0,0,1,1,TRUE,TRUE,TRUE,TRUE,TRUE,2016,0,0,0,0,30.73121374834293,0.6666666666666666,TRUE,TRUE,0.0387581116834053,1,50
4114708,PR,MARIA HELENA,2016,5956,ate_20_mil,8.6921543938039,32.941571524513094,1.9,25.28,552.13,37.01,15.3,5.2,0.703,1,FALSE,33.95422458731538,36.723558036353225,96.48823481375192,11.87,30.6,33.95422458731538,36.723558036353225,96.48823481375192,11.87,30.6,1,1,1,0,1,TRUE,TRUE,TRUE,TRUE,TRUE,2016,33.95422458731538,36.723558036353225,35.3388913118343,2.7693334490378447,46.31941160458397,0.6666666666666666,TRUE,TRUE,0.0326769966249224,1,63
4114906,PR,MARILÂNDIA DO SUL,2024,8863,ate_20_mil,9.089640586738398,28.7600135394336,1.93,33.63,497.15,46.47,11.21,1.19,0.691,0,TRUE,25.676881156379316,26.647142018466134,50.150670286247355,84.79,76.5,25.676881156379316,26.647142018466134,50.150670286247355,84.79,76.5,0,0,1,1,1,TRUE,TRUE,TRUE,TRUE,TRUE,2016,25.676881156379316,26.647142018466134,26.162011587422725,0.9702608620868176,70.48022342874913,1,TRUE,TRUE,0.037626138403525404,1,45
4115101,PR,MARILUZ,2016,10224,ate_20_mil,9.232493176617316,17.185054773082943,4.1,38.59,466.87,36.05,18.9,4.76,0.639,1,FALSE,26.327828219578375,96.62912436548223,60.04389631416346,36.17,40,26.327828219578375,96.62912436548223,60.04389631416346,36.17,40,0,1,1,1,1,TRUE,TRUE,TRUE,TRUE,TRUE,2016,26.327828219578375,96.62912436548223,61.4784762925303,70.30129614590385,45.40463210472115,1,TRUE,TRUE,0.029175295815251107,1,64
4115804,PR,MEDIANEIRA,2024,41817,20_a_50_mil,10.641058234397995,10.586603534447711,0.87,12.53,914.67,11.43,5.76,3.9,0.763,0,TRUE,48.05384782311288,99.50364893642477,49.97000510813239,0,1.7,48.05384782311288,99.50364893642477,49.97000510813239,,1.7,1,1,1,0,0,TRUE,TRUE,TRUE,FALSE,TRUE,2016,48.05384782311288,99.50364893642477,73.77874837976883,51.449801113311885,17.22333503604413,0.3333333333333333,TRUE,FALSE,0.08542400476451961,1,76
4115853,PR,MERCEDES,2016,5046,ate_20_mil,8.526351129201004,51.66468489892984,2.33,19.49,657.38,50.87,4.53,5.57,0.74,1,FALSE,0,33.351703184600375,52.592734659477685,84.81,100,0,33.351703184600375,52.592734659477685,84.81,100,0,1,1,1,1,TRUE,TRUE,TRUE,TRUE,TRUE,2016,0,33.351703184600375,16.675851592300187,33.351703184600375,79.13424488649257,1,TRUE,TRUE,0.04530692897467594,1,65
4115903,PR,MIRADOR,2016,2327,ate_20_mil,7.752335163302292,32.144391920928236,1.93,30.71,474.75,35.13,15.65,11.37,0.68,1,FALSE,100,100,91.44686104023714,91.36,100,100,100,91.44686104023714,91.36,100,1,1,1,1,1,TRUE,TRUE,TRUE,TRUE,TRUE,2016,100,100,100,0,94.26895368007905,1,TRUE,TRUE,0.01657083049333673,1,66
4116109,PR,MOREIRA SALES,2025,12606,ate_20_mil,9.441928170073055,21.20418848167539,3.61,29.37,528.33,35.66,16.83,7.41,0.675,0,TRUE,57.15237800565771,39.71889707896506,65.72451687866928,31.3,33,57.15237800565771,39.71889707896506,65.72451687866928,31.3,33,1,1,1,1,1,TRUE,TRUE,TRUE,TRUE,TRUE,2016,57.15237800565771,39.71889707896506,48.43563754231138,-17.433480926692653,43.341505626223096,1,TRUE,TRUE,0.021109042103427574,1,32
4116307,PR,MUNHOZ DE MELO,2024,3672,ate_20_mil,8.20849175174038,19.00871459694989,0,16,637.77,35.68,11.47,6.46,0.726,0,TRUE,23.70745428973277,0,37.59950074327546,80.01,80.6,23.70745428973277,0,37.59950074327546,80.01,80.6,0,0,1,1,1,TRUE,TRUE,TRUE,TRUE,TRUE,2016,23.70745428973277,0,11.853727144866385,-23.70745428973277,66.06983358109181,1,TRUE,TRUE,0.019539480468981005,1,75
4116406,PR,NOSSA SENHORA DAS GRAÇAS,2024,3836,ate_20_mil,8.252185436003328,17.049009384775808,0.87,17.55,547.55,18.3,13.35,2.15,0.709,0,TRUE,13.86243922204214,32.203851744186046,0,0,0,13.86243922204214,32.203851744186046,0,,,0,1,0,0,0,TRUE,TRUE,TRUE,FALSE,FALSE,2016,13.86243922204214,32.203851744186046,23.033145483114094,18.341412522143905,0,0,TRUE,FALSE,0.023759307204198464,1,91
4117008,PR,NOVA FÁTIMA,2016,8147,ate_20_mil,9.005405040310642,18.87811464342703,1.66,28.85,555.2,33.29,14.6,3.92,0.688,1,FALSE,47.735916860916866,50.381661075531156,33.4817615129267,31.76,42.7,47.735916860916866,50.381661075531156,33.4817615129267,31.76,42.7,1,1,1,1,1,TRUE,TRUE,TRUE,TRUE,TRUE,2016,47.735916860916866,50.381661075531156,49.05878896822401,2.6457442146142895,35.98058717097557,1,TRUE,TRUE,0.0287620990309411,1,67
4117222,PR,NOVA SANTA ROSA,2016,7626,ate_20_mil,8.939318740417509,30.30422239706268,0.13,14.02,758.84,42.89,3.39,3.85,0.731,1,FALSE,33.557923880049366,22.77912968794732,61.34985050099286,54.07,56.5,33.557923880049366,22.77912968794732,61.34985050099286,54.07,56.5,1,0,1,1,1,TRUE,TRUE,TRUE,TRUE,TRUE,2016,33.557923880049366,22.77912968794732,28.168526783998345,-10.778794192102044,57.306616833664286,1,TRUE,TRUE,0.028842356484009738,1,68
4117255,PR,NOVA PRATA DO IGUAÇU,2016,10377,ate_20_mil,9.247347097605278,41.53416208923581,3.68,25.35,668.06,43.38,10.98,4.86,0.716,1,FALSE,35.980429395698806,31.45260605142002,30.199783367432907,34.75,92.7,35.980429395698806,31.45260605142002,30.199783367432907,34.75,92.7,1,1,1,1,1,TRUE,TRUE,TRUE,TRUE,TRUE,2016,35.980429395698806,31.45260605142002,33.71651772355941,-4.5278233442787865,52.549927789144306,1,TRUE,TRUE,0.040285676314622355,1,69
4117297,PR,NOVO ITACOLOMI,2016,2827,ate_20_mil,7.946971357693591,43.8273788468341,0.27,23.79,553.56,51.11,10.93,2.63,0.71,1,FALSE,22.34384808537351,20.101945766921965,0,0,42.7,22.34384808537351,20.101945766921965,0,,42.7,0,0,0,0,1,TRUE,TRUE,TRUE,FALSE,TRUE,2016,22.34384808537351,20.101945766921965,21.222896926147737,-2.241902318451544,14.233333333333334,0.3333333333333333,TRUE,FALSE,0.03448440471041638,1,70
4117404,PR,OURIZONA,2016,3380,ate_20_mil,8.125630988477065,9.940828402366863,0,14.13,709.99,23.69,9.55,4.95,0.72,1,FALSE,35.12741240397227,33.127958761440546,66.56891945557601,94.82,97.2,35.12741240397227,33.127958761440546,66.56891945557601,94.82,97.2,1,1,1,1,1,TRUE,TRUE,TRUE,TRUE,TRUE,2016,35.12741240397227,33.127958761440546,34.127685582706405,-1.9994536425317264,86.196306485192,1,TRUE,TRUE,0.017043219189396597,1,71
4117453,PR,OURO VERDE DO OESTE,2024,5692,ate_20_mil,8.646816959209742,29.04075895994378,1.39,23.05,578.86,31.27,10.85,0.76,0.709,0,TRUE,34.400031723372194,36.19987669943866,62.02863225119744,69.98,54.3,34.400031723372194,36.19987669943866,62.02863225119744,69.98,54.3,1,1,1,1,1,TRUE,TRUE,TRUE,TRUE,TRUE,2016,34.400031723372194,36.19987669943866,35.29995421140543,1.799844976066467,62.10287741706581,1,TRUE,TRUE,0.03405426596231791,1,63
4117800,PR,PALMITAL,2024,14865,ate_20_mil,9.606764735432199,50.22536158762193,8.69,46.7,447.15,49.15,15.59,2.54,0.639,0,TRUE,0,30.56284001063856,30.38347981253397,35.74,40.8,0,30.56284001063856,30.38347981253397,35.74,40.8,0,1,1,1,1,TRUE,TRUE,TRUE,TRUE,TRUE,2016,0,30.56284001063856,15.28142000531928,30.56284001063856,35.641159937511325,1,TRUE,TRUE,0.026173437947925066,1,92
4118006,PR,PARAÍSO DO NORTE,2016,11772,ate_20_mil,9.373479109353363,5.71695548759769,0.18,10.52,864.18,24.68,9.78,3.58,0.746,1,FALSE,100,83.37596203809916,99.20687515419755,95.66,100,100,83.37596203809916,99.20687515419755,95.66,100,1,1,1,1,1,TRUE,TRUE,TRUE,TRUE,TRUE,2016,100,83.37596203809916,91.68798101904957,-16.62403796190084,98.28895838473251,1,TRUE,TRUE,0.05509351800200949,1,72
4118709,PR,PAULO FRONTIN,2016,6913,ate_20_mil,8.841158975945264,68.56646897150297,5.7,32.03,579.76,63.84,3.95,0.94,0.708,1,FALSE,26.074645669291343,80.27147360126082,37.80636310566258,81.36,77.5,26.074645669291343,80.27147360126082,37.80636310566258,81.36,77.5,0,1,1,1,1,TRUE,TRUE,TRUE,TRUE,TRUE,2016,26.074645669291343,80.27147360126082,53.17305963527608,54.19682793196948,65.5554543685542,1,TRUE,TRUE,0.08323852940029265,1,73
4118907,PR,PÉROLA,2016,10208,ate_20_mil,9.23092700558457,20.94435736677116,0.18,12.84,637.59,20.51,9.2,2.15,0.7,1,FALSE,41.095888942488074,46.17473729054246,50.27463059256109,38.12,34.7,41.095888942488074,46.17473729054246,50.27463059256109,38.12,34.7,1,1,1,1,1,TRUE,TRUE,TRUE,TRUE,TRUE,2016,41.095888942488074,46.17473729054246,43.63531311651526,5.078848348054386,41.031543530853696,1,TRUE,TRUE,0.023391010038692078,1,74
4119004,PR,PÉROLA D'OESTE,2020,6761,ate_20_mil,8.818926087090677,52.86200266232806,2.77,24.16,613.32,54.99,10.42,6.93,0.726,0,TRUE,16.392440025252526,34.54610471691837,34.673233670821304,70.89,40.4,16.392440025252526,34.54610471691837,34.673233670821304,70.89,40.4,0,1,1,1,1,TRUE,TRUE,TRUE,TRUE,TRUE,2016,16.392440025252526,34.54610471691837,25.46927237108545,18.153664691665846,48.6544112236071,1,TRUE,TRUE,0.05175539575326831,1,82
4119251,PR,PINHAL DE SÃO BENTO,2016,2625,ate_20_mil,7.872836175025724,55.58095238095238,0.99,25.52,514.89,58.43,9.73,7.59,0.695,1,FALSE,29.036966104271162,2.7792898082033877,61.31134984338294,90.45,100,29.036966104271162,2.7792898082033877,61.31134984338294,90.45,100,0,0,1,1,1,TRUE,TRUE,TRUE,TRUE,TRUE,2016,29.036966104271162,2.7792898082033877,15.908127956237275,-26.257676296067775,83.92044994779431,1,TRUE,TRUE,0.016908636530865367,1,75
4119608,PR,PITANGA,2016,32638,20_a_50_mil,10.39323253269088,36.91402659476684,4.85,34.2,609.77,40.19,11.3,2.62,0.702,1,FALSE,44.14563566313237,85.56394640682095,38.03789045027838,44.09,71.1,44.14563566313237,85.56394640682095,38.03789045027838,44.09,71.1,1,1,1,1,1,TRUE,TRUE,TRUE,TRUE,TRUE,2016,44.14563566313237,85.56394640682095,64.85479103497666,41.41831074368858,51.07596348342613,1,TRUE,TRUE,0.08503094956035304,1,76
4119657,PR,PITANGUEIRAS,2024,2814,ate_20_mil,7.942362237674335,27.50533049040512,0.61,18.08,518.34,45.22,13.19,6.65,0.71,0,TRUE,66.98750267608648,100,85.92073723228995,74.18,59,66.98750267608648,100,85.92073723228995,74.18,59,1,1,1,1,1,TRUE,TRUE,TRUE,TRUE,TRUE,2016,66.98750267608648,100,83.49375133804324,33.01249732391352,73.03357907742999,1,TRUE,TRUE,0.0483330302991452,1,48
4119806,PR,PLANALTO,2016,13654,ate_20_mil,9.521787797978225,55.55881060495093,2.5,26.19,641.16,52.22,10.08,4.76,0.706,1,FALSE,37.769429378111305,34.42293445547521,41.88454650062174,46.71,100,37.769429378111305,34.42293445547521,41.88454650062174,46.71,100,1,1,1,1,1,TRUE,TRUE,TRUE,TRUE,TRUE,2016,37.769429378111305,34.42293445547521,36.096181916793256,-3.346494922636097,62.86484883354058,1,TRUE,TRUE,0.046272891374019784,1,77
4119905,PR,PONTA GROSSA,2023,311611,100_a_500_mil,12.649510894024447,2.2072391539451433,1.63,21.4,877.1,4.52,3.9,3.82,0.763,0,TRUE,17.54891820139085,26.7081554132387,31.75152246197671,36.08,39.7,17.54891820139085,26.7081554132387,31.75152246197671,36.08,39.7,0,0,1,1,1,TRUE,TRUE,TRUE,TRUE,TRUE,2016,17.54891820139085,26.7081554132387,22.128536807314774,9.159237211847849,35.843840820658905,1,TRUE,TRUE,0.0652748788883359,1,95
4120200,PR,PORTO RICO,2016,2530,ate_20_mil,7.835974581721566,30.27667984189723,2.68,27.3,590.58,26.81,13.56,11.94,0.735,1,FALSE,0,0,20.23474053594215,8.83,93.9,,,20.23474053594215,8.83,93.9,0,0,0,0,1,FALSE,FALSE,TRUE,TRUE,TRUE,2016,0,0,0,0,40.98824684531405,0.3333333333333333,FALSE,TRUE,0.014109269069537753,1,78
4120309,PR,PORTO VITÓRIA,2016,4020,ate_20_mil,8.299037181613066,44.40298507462686,1.49,33.92,531.11,44.06,6.46,0.38,0.685,1,FALSE,40.33818926631685,46.18924856527977,45.70117488082279,78.4,79.2,40.33818926631685,46.18924856527977,45.70117488082279,78.4,79.2,1,1,1,1,1,TRUE,TRUE,TRUE,TRUE,TRUE,2016,40.33818926631685,46.18924856527977,43.26371891579831,5.851059298962916,67.7670582936076,1,TRUE,TRUE,0.025284691778984382,1,79
4120358,PR,PRANCHITA,2016,5628,ate_20_mil,8.63550941823428,35.9452736318408,3.73,21.97,815.6,29.89,9.99,8.13,0.752,1,FALSE,35.52576150356448,31.04448742746615,65.29230694887407,59.97,100,35.52576150356448,31.04448742746615,65.29230694887407,59.97,100,1,1,1,1,1,TRUE,TRUE,TRUE,TRUE,TRUE,2016,35.52576150356448,31.04448742746615,33.28512446551532,-4.48127407609833,75.0874356496247,1,TRUE,TRUE,0.03116893654523023,1,80
4120408,PR,PRESIDENTE CASTELO BRANCO,2024,4784,ate_20_mil,8.473032295630468,12.270066889632108,1.33,13.79,603.83,19.15,13.42,8.75,0.713,0,TRUE,41.89932107964895,38.944485566247224,53.852515221374944,63.44,62.6,41.89932107964895,38.944485566247224,53.852515221374944,63.44,62.6,1,1,1,1,1,TRUE,TRUE,TRUE,TRUE,TRUE,2016,41.89932107964895,38.944485566247224,40.42190332294808,-2.9548355134017257,59.96417174045831,1,TRUE,TRUE,0.015664537279852512,1,66
4120507,PR,PRIMEIRO DE MAIO,2024,10832,ate_20_mil,9.290259995152056,6.914697193500738,1.83,27.86,604.96,27.68,11.17,2.03,0.701,0,TRUE,51.05919300807422,48.94546263345196,58.430689748935016,87.27,37.6,51.05919300807422,48.94546263345196,58.430689748935016,87.27,37.6,1,1,1,1,1,TRUE,TRUE,TRUE,TRUE,TRUE,2016,51.05919300807422,48.94546263345196,50.002327820763085,-2.113730374622257,61.10022991631167,1,TRUE,TRUE,0.03068844237562892,1,67
4120655,PR,QUARTO CENTENÁRIO,,4856,ate_20_mil,8.487970332739334,40.0329489291598,4.02,30.48,723.41,42.28,13.78,3.16,0.71,0,TRUE,42.74733472472925,28.180265135984694,36.482337483746676,80.57,36.4,42.74733472472925,28.180265135984694,36.482337483746676,80.57,36.4,1,0,1,1,1,TRUE,TRUE,TRUE,TRUE,TRUE,2016,42.74733472472925,28.180265135984694,35.46379993035697,-14.567069588744555,51.15077916124889,1,TRUE,TRUE,0.03400531106430017,1,80
4121208,PR,QUITANDINHA,2022,17089,ate_20_mil,9.746190260646909,71.4026566797355,6.88,40.99,452.08,48.95,7.64,3.13,0.68,0,TRUE,41.126261903057205,52.495224135174034,47.60952247412561,47.15,50.6,41.126261903057205,52.495224135174034,47.60952247412561,47.15,50.6,1,1,1,1,1,TRUE,TRUE,TRUE,TRUE,TRUE,2016,41.126261903057205,52.495224135174034,46.81074301911562,11.368962232116829,48.45317415804187,1,TRUE,TRUE,0.04119265896387298,1,97
4121406,PR,REALEZA,2016,16338,ate_20_mil,9.701248961901815,27.800220345207492,1.16,17.45,704.94,25.43,8.4,3.84,0.722,1,FALSE,58.937438135323326,62.3978774576192,83.3510381011628,80.37,92.9,58.937438135323326,62.3978774576192,83.3510381011628,80.37,92.9,1,1,1,1,1,TRUE,TRUE,TRUE,TRUE,TRUE,2016,58.937438135323326,62.3978774576192,60.66765779647126,3.4604393222958763,85.54034603372094,1,TRUE,TRUE,0.04021604868995125,1,81
4121604,PR,RENASCENÇA,2016,6812,ate_20_mil,8.826441041782578,48.84028185554903,4.74,29.27,831.49,49.98,10.31,4.47,0.733,1,FALSE,33.45397181693478,32.8819866782508,63.69300937766411,63.59,100,33.45397181693478,32.8819866782508,63.69300937766411,63.59,100,1,1,1,1,1,TRUE,TRUE,TRUE,TRUE,TRUE,2016,33.45397181693478,32.8819866782508,33.16797924759279,-0.5719851386839849,75.76100312588804,1,TRUE,TRUE,0.05074884419569803,1,82
4121752,PR,RESERVA DO IGUAÇU,2016,7307,ate_20_mil,8.896588071791218,46.55809497741891,13.61,53.48,419.62,40.15,13.31,3.96,0.648,1,FALSE,41.53887303851641,43.44937308565258,45.928448112148885,31.89,47,41.53887303851641,43.44937308565258,45.928448112148885,31.89,47,1,1,1,1,1,TRUE,TRUE,TRUE,TRUE,TRUE,2016,41.53887303851641,43.44937308565258,42.4941230620845,1.9105000471361748,41.606149370716295,1,TRUE,TRUE,0.01638903422775844,1,83
4121802,PR,RIBEIRÃO CLARO,,10678,ate_20_mil,9.275940829060131,33.64862333770369,5.29,28.99,639.91,27.58,7.94,1.93,0.716,0,TRUE,30.775349087003228,29.943698633940464,33.63865581124865,56.69,52.7,30.775349087003228,29.943698633940464,33.63865581124865,56.69,52.7,1,0,1,1,1,TRUE,TRUE,TRUE,TRUE,TRUE,2016,30.775349087003228,29.943698633940464,30.359523860471846,-0.831650453062764,47.67621860374955,1,TRUE,TRUE,0.030984843301894972,1,60
4122503,PR,RONCADOR,2022,11537,ate_20_mil,9.35331454092729,38.28551616538095,6.64,41.92,500.36,40.98,16.62,2.35,0.681,0,TRUE,39.3638061352734,34.743099614101645,52.746592611539434,50.85,46.39999999999999,39.3638061352734,34.743099614101645,52.746592611539434,50.85,46.39999999999999,1,1,1,1,1,TRUE,TRUE,TRUE,TRUE,TRUE,2016,39.3638061352734,34.743099614101645,37.05345287468752,-4.620706521171755,49.99886420384647,1,TRUE,TRUE,0.03962701740757323,1,69
4122651,PR,ROSÁRIO DO IVAÍ,2020,5588,ate_20_mil,8.628376720376853,51.30637079455977,7.67,44.4,422.97,50.45,21.17,3.63,0.662,0,TRUE,16.539604755784058,32.081170779931504,91.79784440885341,100,93.8,16.539604755784058,32.081170779931504,91.79784440885341,100,93.8,0,1,1,1,1,TRUE,TRUE,TRUE,TRUE,TRUE,2016,16.539604755784058,32.081170779931504,24.310387767857783,15.541566024147446,95.1992814696178,1,TRUE,TRUE,0.036479244355866844,1,84
4122800,PR,SALGADO FILHO,2016,4403,ate_20_mil,8.390041405755754,48.807631160572335,3.35,30.43,557.15,55.01,11.57,8.16,0.7,1,FALSE,38.541201697956325,58.62822292740976,35.17644573444045,41.27,33.4,38.541201697956325,58.62822292740976,35.17644573444045,41.27,33.4,1,1,1,1,1,TRUE,TRUE,TRUE,TRUE,TRUE,2016,38.541201697956325,58.62822292740976,48.58471231268304,20.087021229453434,36.61548191148015,1,TRUE,TRUE,0.03454171586792697,1,84
4122909,PR,SALTO DO ITARARÉ,,5178,ate_20_mil,8.552174160311482,28.09965237543453,4.11,35.4,490.56,43.6,15.96,2.76,0.704,0,TRUE,0,0,0,0,0,0,0,0,,,0,0,0,0,0,TRUE,TRUE,TRUE,FALSE,FALSE,2016,0,0,0,0,0,0,TRUE,FALSE,0.03531976498652173,1,70
4123808,PR,SANTA IZABEL DO OESTE,2016,13132,ate_20_mil,9.482807278621483,43.4891867194639,4.1,31.1,540.49,38.46,10.49,6.19,0.696,1,FALSE,56.175469233608766,45.83539921667572,32.363507847361134,0,19,56.175469233608766,45.83539921667572,32.363507847361134,,19,1,1,1,0,0,TRUE,TRUE,TRUE,FALSE,TRUE,2016,56.175469233608766,45.83539921667572,51.00543422514224,-10.340070016933048,17.12116928245371,0.3333333333333333,TRUE,FALSE,0.029044502728024366,1,85
4123907,PR,SANTA MARIANA,2016,12435,ate_20_mil,9.428270356237505,33.09207880981102,1.72,27.23,564.1,34.18,14.62,2.5,0.7,1,FALSE,0,27.94519486056472,8.023249448550128,45.85,0,0,27.94519486056472,8.023249448550128,45.85,0,0,0,0,1,0,TRUE,TRUE,TRUE,TRUE,TRUE,2016,0,27.94519486056472,13.97259743028236,27.94519486056472,17.957749816183377,0.3333333333333333,TRUE,TRUE,0.04325781859977308,1,86
4124020,PR,SANTA TEREZA DO OESTE,2025,10332,ate_20_mil,9.243001154215731,22.231900890437476,2.73,27.76,573.27,17.79,8.09,3.32,0.705,0,TRUE,38.51094844844845,42.57902163687676,34.11166673102419,25.27,36.4,38.51094844844845,42.57902163687676,34.11166673102419,25.27,36.4,1,1,1,0,1,TRUE,TRUE,TRUE,TRUE,TRUE,2016,38.51094844844845,42.57902163687676,40.5449850426626,4.068073188428308,31.927222243674727,0.6666666666666666,TRUE,TRUE,0.02109384654627445,1,74
4124103,PR,SANTO ANTÔNIO DA PLATINA,2022,42707,20_a_50_mil,10.662118120207166,13.49427494321774,1.4,23.53,765.04,16.57,10.35,2.2,0.718,0,TRUE,28.28669203530469,54.57989701207144,56.54321677896296,71.66,68.2,28.28669203530469,54.57989701207144,56.54321677896296,71.66,68.2,0,1,1,1,1,TRUE,TRUE,TRUE,TRUE,TRUE,2016,28.28669203530469,54.57989701207144,41.43329452368806,26.293204976766752,65.46773892632099,1,TRUE,TRUE,0.04849239142504307,1,47
4124202,PR,SANTO ANTÔNIO DO CAIUÁ,2020,2727,ate_20_mil,7.910957382845589,22.14888155482215,2.73,28.88,455.52,41.18,14,5.53,0.696,0,TRUE,35.923619309982946,32.384170481256966,21.922280458352603,0,17.6,35.923619309982946,32.384170481256966,21.922280458352603,,17.6,1,1,0,0,0,TRUE,TRUE,TRUE,FALSE,TRUE,2016,35.923619309982946,32.384170481256966,34.153894895619956,-3.5394488287259804,13.174093486117535,0,TRUE,FALSE,0.02215601457302629,1,59
4124400,PR,SANTO ANTÔNIO DO SUDOESTE,2016,18893,ate_20_mil,9.846546762073318,27.428147991319538,5.74,33.36,585.95,30.35,12.52,4.77,0.671,1,FALSE,17.166001887559332,18.570034273193624,48.42904739185751,64.8,30.7,17.166001887559332,18.570034273193624,48.42904739185751,64.8,30.7,0,0,1,1,1,TRUE,TRUE,TRUE,TRUE,TRUE,2016,17.166001887559332,18.570034273193624,17.86801808037648,1.4040323856342916,47.97634913061917,1,TRUE,TRUE,0.01714023858428418,1,87
4124608,PR,SÃO CARLOS DO IVAÍ,2020,6354,ate_20_mil,8.756839814829462,10.623229461756374,0.71,16.82,635.85,21.99,11.6,0.95,0.682,0,TRUE,33.904731143103234,27.346811652570814,42.69303232093552,15.48,59.3,33.904731143103234,27.346811652570814,42.69303232093552,15.48,59.3,1,0,1,0,1,TRUE,TRUE,TRUE,TRUE,TRUE,2016,33.904731143103234,27.346811652570814,30.625771397837024,-6.55791949053242,39.15767744031184,0.6666666666666666,TRUE,TRUE,0.015486314042448634,1,51
4124707,PR,SÃO JERÔNIMO DA SERRA,2024,11337,ate_20_mil,9.335826992017598,50.06615506747817,12.78,50.4,393.81,53.21,18.45,1.67,0.637,0,TRUE,54.930756865736704,80.6575375982775,53.28260171649937,52.22,32.8,54.930756865736704,80.6575375982775,53.28260171649937,52.22,32.8,1,1,1,1,1,TRUE,TRUE,TRUE,TRUE,TRUE,2016,54.930756865736704,80.6575375982775,67.7941472320071,25.726780732540796,46.100867238833125,1,TRUE,TRUE,0.04582737665786386,1,42
4124905,PR,SÃO JOÃO DO CAIUÁ,2016,5911,ate_20_mil,8.684570300824369,14.752156995432244,1.92,29.36,545.41,44.83,14.19,6.93,0.664,1,FALSE,33.580601211699566,23.366482069291557,22.027879549938213,63.20000000000001,58,33.580601211699566,23.366482069291557,22.027879549938213,63.20000000000001,58,1,0,0,1,1,TRUE,TRUE,TRUE,TRUE,TRUE,2016,33.580601211699566,23.366482069291557,28.47354164049556,-10.214119142408009,47.74262651664608,0.6666666666666666,TRUE,TRUE,0.013243148002789206,1,88
4125357,PR,SÃO JORGE DO PATROCÍNIO,2016,6041,ate_20_mil,8.706324840138741,41.41698394305578,0.34,15.93,630.8,43.87,15.47,1.2,0.676,1,FALSE,35.764946048410614,34.10951134380454,36.39670056625825,38.8,89.5,35.764946048410614,34.10951134380454,36.39670056625825,38.8,89.5,1,1,1,1,1,TRUE,TRUE,TRUE,TRUE,TRUE,2016,35.764946048410614,34.10951134380454,34.93722869610758,-1.6554347046060727,54.89890018875275,1,TRUE,TRUE,0.030783669291759904,1,89
4125456,PR,SÃO JOSÉ DAS PALMEIRAS,2025,3830,ate_20_mil,8.250620082174692,37.04960835509139,1.55,28.17,570.26,39.48,14.97,3.71,0.713,0,TRUE,31.116408454453502,44.971909629756894,50.00179302198033,43.77,48.4,31.116408454453502,44.971909629756894,50.00179302198033,43.77,48.4,1,1,1,1,1,TRUE,TRUE,TRUE,TRUE,TRUE,2016,31.116408454453502,44.971909629756894,38.0441590421052,13.855501175303392,47.39059767399345,1,TRUE,TRUE,0.04318550109258115,1,96
4125605,PR,SÃO MATEUS DO SUL,2016,41257,20_a_50_mil,10.627576074335622,37.69299755193058,3.64,26.67,669.78,31.97,4.09,2.67,0.719,1,FALSE,23.754220683123187,42.824577314421425,38.19237650228368,76.75,90.5,23.754220683123187,42.824577314421425,38.19237650228368,76.75,90.5,0,1,1,1,1,TRUE,TRUE,TRUE,TRUE,TRUE,2016,23.754220683123187,42.824577314421425,33.289398998772306,19.07035663129824,68.4807921674279,1,TRUE,TRUE,0.04774410812842937,1,90
4125902,PR,SÃO PEDRO DO PARANÁ,2016,2491,ate_20_mil,7.820439515262181,34.52428743476516,0.55,24.23,544.76,29.9,13.55,1.96,0.704,1,FALSE,31.76426738360015,28.565730987030385,31.184610785813504,20.48,100,31.76426738360015,28.565730987030385,31.184610785813504,20.48,100,1,0,1,0,1,TRUE,TRUE,TRUE,TRUE,TRUE,2016,31.76426738360015,28.565730987030385,30.164999185315267,-3.1985363965697644,50.554870261937836,0.6666666666666666,TRUE,TRUE,0.024179206701046764,1,91
4126207,PR,SAPOPEMA,2020,6736,ate_20_mil,8.815221555922163,47.26840855106888,5.73,38.16,603.35,45.47,18.36,5.56,0.655,0,TRUE,47.734202065170344,55.68011239035088,31.85390093801182,31.05,30.299999999999997,47.734202065170344,55.68011239035088,31.85390093801182,31.05,30.299999999999997,1,1,1,1,1,TRUE,TRUE,TRUE,TRUE,TRUE,2016,47.734202065170344,55.68011239035088,51.70715722776061,7.9459103251805345,31.06796697933727,1,TRUE,TRUE,0.023488302969962467,1,79
4126603,PR,SIQUEIRA CAMPOS,2024,18454,ate_20_mil,9.8230364281385,27.256963259997832,0.76,24.64,655.16,19.88,9.42,2.95,0.704,0,TRUE,37.11982145952505,80.82405304249468,76.39788890720784,61.82000000000001,45.5,37.11982145952505,80.82405304249468,76.39788890720784,61.82000000000001,45.5,1,1,1,1,1,TRUE,TRUE,TRUE,TRUE,TRUE,2016,37.11982145952505,80.82405304249468,58.97193725100986,43.70423158296963,61.239296302402614,1,TRUE,TRUE,0.040678910977667376,1,43
4126900,PR,TAPIRA,2016,5836,ate_20_mil,8.671800909642677,41.14119259766964,0.87,23.07,583.51,43.33,14.73,7.94,0.697,1,FALSE,0,36.671104749858536,28.80519026958776,31.189999999999998,34.8,0,36.671104749858536,28.80519026958776,31.189999999999998,34.8,0,1,0,1,1,TRUE,TRUE,TRUE,TRUE,TRUE,2016,0,36.671104749858536,18.335552374929268,36.671104749858536,31.59839675652925,0.6666666666666666,TRUE,TRUE,0.0290575249264924,1,92
4127809,PR,TOMAZINA,2016,8791,ate_20_mil,9.081483749851179,53.145262199977246,4.15,36.43,489.45,48.7,14.18,3.29,0.699,1,FALSE,29.441789797117167,30.005390518951653,57.013711211703736,52.67,61.9,29.441789797117167,30.005390518951653,57.013711211703736,52.67,61.9,0,1,1,1,1,TRUE,TRUE,TRUE,TRUE,TRUE,2016,29.441789797117167,30.005390518951653,29.723590158034412,0.5636007218344865,57.194570403901245,1,TRUE,TRUE,0.04954415945293432,1,93
4127858,PR,TRÊS BARRAS DO PARANÁ,2020,11824,ate_20_mil,9.377886643187983,48.45230040595399,7.37,37.58,562.22,49.94,13.55,6.23,0.681,0,TRUE,30,30,30.00125853545198,38.17,31.5,30,30,30.00125853545198,38.17,31.5,1,1,1,1,1,TRUE,TRUE,TRUE,TRUE,TRUE,2016,30,30,30,0,33.22375284515066,1,TRUE,TRUE,0.02942018292211778,1,68
4127908,PR,TUNEIRAS DO OESTE,2016,8695,ate_20_mil,9.070503426788383,31.30534790109258,1.22,30.43,493.46,33.1,10.24,1.37,0.695,1,FALSE,0,0,17.840606904343968,31.58,45.10000000000001,0,0,17.840606904343968,31.58,45.10000000000001,0,0,0,1,1,TRUE,TRUE,TRUE,TRUE,TRUE,2016,0,0,0,0,31.50686896811466,0.6666666666666666,TRUE,TRUE,0.02369175147160201,1,94
4128104,PR,UMUARAMA,2016,100676,100_a_500_mil,11.519662718622893,7.172513806666932,0.59,14.17,880.6,5.99,6.5,2.81,0.761,1,FALSE,45.22123735594612,42.79639574331088,38.51275490264642,48.73,55.2,45.22123735594612,42.79639574331088,38.51275490264642,48.73,55.2,1,1,1,1,1,TRUE,TRUE,TRUE,TRUE,TRUE,2016,45.22123735594612,42.79639574331088,44.008816549628506,-2.424841612635241,47.48091830088214,1,TRUE,TRUE,0.06340055490039632,1,95
4128500,PR,WENCESLAU BRAZ,,19298,ate_20_mil,9.86775674258033,19.634158980205203,3.76,35.98,594.42,26.67,11.66,4.37,0.687,0,TRUE,35.38642246568745,32.897644662117855,15.592971723914669,86.49,69.8,35.38642246568745,32.897644662117855,15.592971723914669,86.49,69.8,1,1,0,1,1,TRUE,TRUE,TRUE,TRUE,TRUE,2016,35.38642246568745,32.897644662117855,34.14203356390266,-2.4887778035695973,57.29432390797155,0.6666666666666666,TRUE,TRUE,0.022303007133097064,1,44
4128534,PR,VENTANIA,,9957,ate_20_mil,9.206031100388085,34.60881791704329,3.95,41.64,411.92,36.61,16.14,1.63,0.65,0,TRUE,9.177844285683637,7.932053462491219,12.493289296873735,34.03,21.3,9.177844285683637,7.932053462491219,12.493289296873735,34.03,21.3,0,0,0,1,0,TRUE,TRUE,TRUE,TRUE,TRUE,2016,9.177844285683637,7.932053462491219,8.554948874087428,-1.2457908231924177,22.60776309895791,0.3333333333333333,TRUE,TRUE,0.01818182568639497,1,87
4128658,PR,VIRMOND,2016,3950,ate_20_mil,8.281470857895167,52.40506329113924,7.74,31.35,655.2,50.92,7.86,4.57,0.722,1,FALSE,28.054646936656283,48.65414601280138,100,85.57,100,28.054646936656283,48.65414601280138,100,85.57,100,0,1,1,1,1,TRUE,TRUE,TRUE,TRUE,TRUE,2016,28.054646936656283,48.65414601280138,38.35439647472883,20.599499076145094,95.19,1,TRUE,TRUE,0.04256583088563788,1,96
4128708,PR,VITORINO,2025,6513,ate_20_mil,8.781555458546402,38.76861661292799,2.71,21.04,742.97,30.45,6.12,3.67,0.702,0,TRUE,40.04036682865653,54.32529062473864,55.54657597087031,38.36,59.20000000000001,40.04036682865653,54.32529062473864,55.54657597087031,38.36,59.20000000000001,1,1,1,1,1,TRUE,TRUE,TRUE,TRUE,TRUE,2016,40.04036682865653,54.32529062473864,47.182828726697586,14.284923796082111,51.03552532362344,1,TRUE,TRUE,0.020982410724359697,1,49
4128807,PR,XAMBRÊ,2016,6012,ate_20_mil,8.701512750872865,66.89953426480372,2.11,24.36,633.91,28.5,13.7,2.6,0.706,1,FALSE,0,39.56650699047513,69.91968897050384,59.65,58,0,39.56650699047513,69.91968897050384,59.65,58,0,1,1,1,1,TRUE,TRUE,TRUE,TRUE,TRUE,2016,0,39.56650699047513,19.783253495237567,39.56650699047513,62.523229656834616,1,TRUE,TRUE,0.038738693864484496,1,97
4203006,SC,CAÇADOR,2016,70762,50_a_100_mil,11.167077412430533,8.910149515276562,1.6,21.4,744.28,10.81,6.33,4.56,0.735,1,FALSE,23.89432251446709,33.501435387352416,24.971981649945995,66.74,60.6,23.89432251446709,33.501435387352416,24.971981649945995,66.74,60.6,0,1,0,1,1,TRUE,TRUE,TRUE,TRUE,TRUE,2016,23.89432251446709,33.501435387352416,28.697878950909754,9.607112872885327,50.770660549982,0.6666666666666666,TRUE,TRUE,0.0372397373969879,1,98
4203501,SC,CAMPO ERÊ,2016,9370,ate_20_mil,9.145268375232467,33.27641408751334,4.59,31.56,631.08,40.08,14.03,11.12,0.69,1,FALSE,37.80858806404658,31.075247333932932,48.097688187200454,63.55,75.4,37.80858806404658,31.075247333932932,48.097688187200454,63.55,75.4,1,1,1,1,1,TRUE,TRUE,TRUE,TRUE,TRUE,2016,37.80858806404658,31.075247333932932,34.441917698989755,-6.73334073011365,62.34922939573349,1,TRUE,TRUE,0.016648943572367143,1,99
4203709,SC,CANELINHA,2016,10603,ate_20_mil,9.268892258925797,36.56512307837404,5.2,17.66,721.27,5.11,8.42,2.07,0.697,1,FALSE,45.53545737751345,0,51.06292766008307,75.98,85.6,45.53545737751345,0,51.06292766008307,75.98,85.6,1,0,1,1,1,TRUE,TRUE,TRUE,TRUE,TRUE,2016,45.53545737751345,0,22.767728688756726,-45.53545737751345,70.88097588669436,1,TRUE,TRUE,0.009495973609994346,1,100
4203907,SC,CAPINZAL,2016,20769,20_a_50_mil,9.941216769346136,14.516827964755164,0.5,12.31,811.66,12.21,5.95,2.33,0.752,1,FALSE,36.49292454540839,51.439966677446115,64.03376434642254,73.96,84.8,36.49292454540839,51.439966677446115,64.03376434642254,73.96,84.8,1,1,1,1,1,TRUE,TRUE,TRUE,TRUE,TRUE,2016,36.49292454540839,51.439966677446115,43.966445611427254,14.947042132037723,74.26458811547418,1,TRUE,TRUE,0.04657308593574052,1,101
4205159,SC,DOUTOR PEDRINHO,,3604,ate_20_mil,8.189799618728228,43.97891231964484,1.07,8.67,679.44,18.82,4.05,5.76,0.716,0,TRUE,73.88130733944953,0,39.84070104934137,31.22,45.1,73.88130733944953,0,39.84070104934137,31.22,45.1,1,0,1,1,1,TRUE,TRUE,TRUE,TRUE,TRUE,2016,73.88130733944953,0,36.94065366972477,-73.88130733944953,38.72023368311379,1,TRUE,TRUE,0.007361284798299305,1,100
4205357,SC,FLOR DO SERTÃO,2016,1588,ate_20_mil,7.370230641807081,79.34508816120906,3.7,20.7,778.06,61.2,12.87,9.84,0.708,1,FALSE,30.080893167535766,45.28341245863904,55.01983187307602,63.089999999999996,50,30.080893167535766,45.28341245863904,55.01983187307602,63.089999999999996,50,1,1,1,1,1,TRUE,TRUE,TRUE,TRUE,TRUE,2016,30.080893167535766,45.28341245863904,37.682152813087406,15.202519291103275,56.03661062435867,1,TRUE,TRUE,0.02661564707953301,1,102
4206751,SC,IBIAM,,1945,ate_20_mil,7.573017256052546,64.26735218508998,1.9,17.07,786.22,49.04,6.62,4.66,0.725,0,TRUE,38.49028400597908,30.215983958751075,40.66362697866483,57.33,63.4,38.49028400597908,30.215983958751075,40.66362697866483,57.33,63.4,1,1,1,1,1,TRUE,TRUE,TRUE,TRUE,TRUE,2016,38.49028400597908,30.215983958751075,34.35313398236508,-8.274300047228003,53.79787565955494,1,TRUE,TRUE,0.02521311128649961,1,102
4207908,SC,IRINEÓPOLIS,2016,10448,ate_20_mil,9.254165851516213,66.31891271056662,2.6,31.31,708.34,65.93,7.53,5.73,0.699,1,FALSE,30.029611187625814,37.923843390006304,30.147696095673588,35.49,36.3,30.029611187625814,37.923843390006304,30.147696095673588,35.49,36.3,1,1,1,1,1,TRUE,TRUE,TRUE,TRUE,TRUE,2016,30.029611187625814,37.923843390006304,33.97672728881606,7.89423220238049,33.97923203189119,1,TRUE,TRUE,0.042695721037459694,1,103
4210605,SC,MASSARANDUBA,,14674,ate_20_mil,9.59383249927394,48.166825678070055,0,6.05,847.63,24.33,3.66,2.5,0.774,0,TRUE,69.19477821616452,58.00189838079285,50.45274482203901,64.99,100,69.19477821616452,58.00189838079285,50.45274482203901,64.99,100,1,1,1,1,1,TRUE,TRUE,TRUE,TRUE,TRUE,2016,69.19477821616452,58.00189838079285,63.59833829847869,-11.19287983537167,71.814248274013,1,TRUE,TRUE,0.07205179463810563,1,104
4211306,SC,NAVEGANTES,,60556,50_a_100_mil,11.011323835731769,5.208402140167778,1.47,13.08,756.39,10.11,4.44,4.35,0.736,0,TRUE,37.69745804416114,48.02030776680956,40.014223697679455,65.84,64.3,37.69745804416114,48.02030776680956,40.014223697679455,65.84,64.3,1,1,1,1,1,TRUE,TRUE,TRUE,TRUE,TRUE,2016,37.69745804416114,48.02030776680956,42.858882905485345,10.32284972264842,56.718074565893154,1,TRUE,TRUE,0.0358066806526928,1,98
4212239,SC,PARAÍSO,,4080,ate_20_mil,8.313852267398207,64.43627450980392,2.74,23.08,743.76,64.98,11.9,5.89,0.7,0,TRUE,29.009192096048018,40.24389034703995,41.90094071319186,32.44,0,29.009192096048018,40.24389034703995,41.90094071319186,32.44,0,0,1,1,1,0,TRUE,TRUE,TRUE,TRUE,TRUE,2016,29.009192096048018,40.24389034703995,34.62654122154399,11.234698250991933,24.780313571063953,0.6666666666666666,TRUE,TRUE,0.039857601628573124,1,103
4212908,SC,PINHALZINHO,2016,16332,ate_20_mil,9.700881652439467,16.636051922605926,0.77,9.64,893.85,19.4,5.26,3.82,0.783,1,FALSE,52.265587113596766,54.37419828128275,45.310981929022425,38.53,60.5,52.265587113596766,54.37419828128275,45.310981929022425,38.53,60.5,1,1,1,1,1,TRUE,TRUE,TRUE,TRUE,TRUE,2016,52.265587113596766,54.37419828128275,53.319892697439755,2.1086111676859858,48.11366064300748,1,TRUE,TRUE,0.06874768474386359,1,104
4216909,SC,SÃO LOURENÇO DO OESTE,2025,21792,20_a_50_mil,9.989298208949238,22.540381791483114,1.62,13.91,841.27,19.87,7.14,3.8,0.749,0,TRUE,41.48414227399442,42.81736321595492,32.10234337020258,38.9,57.79999999999999,41.48414227399442,42.81736321595492,32.10234337020258,38.9,57.79999999999999,1,1,1,1,1,TRUE,TRUE,TRUE,TRUE,TRUE,2016,41.48414227399442,42.81736321595492,42.15075274497467,1.333220941960498,42.93411445673419,1,TRUE,TRUE,0.04536715463723062,1,101
4218905,SC,URUBICI,,10699,ate_20_mil,9.277905558138606,33.95644452752594,1.31,27,713.25,42.6,7,6.57,0.694,0,TRUE,53.11603972481135,29.1145272046261,51.034918891059036,39.87,49,53.11603972481135,29.1145272046261,51.034918891059036,39.87,49,1,0,1,1,1,TRUE,TRUE,TRUE,TRUE,TRUE,2016,53.11603972481135,29.1145272046261,41.11528346471873,-24.00151252018525,46.634972963686344,1,TRUE,TRUE,0.01716237039591679,1,99
5210901,GO,ITAPACI,,18458,ate_20_mil,9.823253159825523,9.659768122223426,2.36,28.9,705.2,27.41,13.88,9.08,0.725,0,TRUE,0,42.447212092694976,0,0,10.6,0,42.447212092694976,0,,10.6,0,1,0,0,0,TRUE,TRUE,TRUE,FALSE,TRUE,2016,0,42.447212092694976,21.223606046347488,42.447212092694976,3.533333333333333,0,TRUE,FALSE,0.03728071700882355,1,105
5212204,GO,JUSSARA,2016,19153,ate_20_mil,9.860214640302662,20.60251657703754,3,26.72,951.07,21.87,13.39,6.35,0.743,1,FALSE,32.99274913304851,26.62501113784193,30.102961136430853,25.82,34.4,32.99274913304851,26.62501113784193,30.102961136430853,25.82,34.4,1,0,1,0,1,TRUE,TRUE,TRUE,TRUE,TRUE,2016,32.99274913304851,26.62501113784193,29.80888013544522,-6.367737995206582,30.107653712143616,0.6666666666666666,TRUE,TRUE,0.037752009316965984,1,105
2100477,MA,ALTO ALEGRE DO PINDARÉ,2025,31057,20_a_50_mil,10.343579504787346,68.35174034839167,42.95,86.17,144.91,59.39,35.6,8.08,0.558,0,TRUE,8.110808456493048,1.2628893090689888,39.74,86.8,32.28806355768998,8.110808456493048,1.2628893090689888,39.74,86.8,32.28806355768998,0,0,1,1,1,TRUE,TRUE,TRUE,TRUE,TRUE,2017,8.110808456493048,1.2628893090689888,4.686848882781018,-6.84791914742406,52.942687852563324,1,TRUE,TRUE,0.026539511026833475,1,7
2100956,MA,ARAME,2024,31702,20_a_50_mil,10.364135049357838,60.40943789035392,44.31,83.15,210.09,60.57,36.01,9.19,0.512,0,TRUE,0,0,0,6,14.913730850479647,0,0,,6,14.913730850479647,0,0,0,0,0,TRUE,TRUE,FALSE,TRUE,TRUE,2017,0,0,0,0,6.971243616826549,0,TRUE,FALSE,0.010959329524111987,1,8
2101608,MA,BARRA DO CORDA,2017,82830,50_a_100_mil,11.32454559359231,37.64578051430641,26.21,67.13,305.61,37.09,30.27,6.45,0.606,1,FALSE,33.984400343552366,23.555063212263892,45.02,49,21.313204192718352,33.984400343552366,23.555063212263892,45.02,49,21.313204192718352,1,0,1,1,0,TRUE,TRUE,TRUE,TRUE,TRUE,2017,33.984400343552366,23.555063212263892,28.769731777908127,-10.429337131288474,38.44440139757278,0.6666666666666666,TRUE,TRUE,0.04123013205239783,1,1
2102200,MA,BURITI,2025,27013,20_a_50_mil,10.204073510592933,68.90756302521008,47.94,83.21,157.21,60.86,33,6.48,0.548,0,TRUE,15.438088234078947,11.485721831244964,30.31,28.8,0,15.438088234078947,11.485721831244964,30.31,28.8,0,0,0,1,0,0,TRUE,TRUE,TRUE,TRUE,TRUE,2017,15.438088234078947,11.485721831244964,13.461905032661956,-3.9523664028339827,19.703333333333333,0.3333333333333333,TRUE,TRUE,0.028892153657856745,1,10
2102309,MA,BURITI BRAVO,2017,22899,20_a_50_mil,10.03884852046658,25.699812218874182,29.63,72.04,229.21,40.41,33.42,5.22,0.59,1,FALSE,40.767907989982504,55.42655716973795,56.77,36.6,0,40.767907989982504,55.42655716973795,56.77,36.6,0,1,1,1,1,0,TRUE,TRUE,TRUE,TRUE,TRUE,2017,40.767907989982504,55.42655716973795,48.097232579860226,14.658649179755443,31.123333333333335,0.6666666666666666,TRUE,TRUE,0.0438472002199987,1,2
2103000,MA,CAXIAS,2017,155129,100_a_500_mil,11.952012307831193,23.590044414648453,17.21,62.48,324.9,23.93,27.65,7.51,0.624,1,FALSE,38.490623115938,22.6177365985053,50.39,40.4,4.15544800373217,38.490623115938,22.6177365985053,50.39,40.4,4.15544800373217,1,0,1,1,0,TRUE,TRUE,TRUE,TRUE,TRUE,2017,38.490623115938,22.6177365985053,30.554179857221648,-15.8728865174327,31.648482667910724,0.6666666666666666,TRUE,TRUE,0.03748051196544048,1,3
2103604,MA,COROATÁ,2024,61725,50_a_100_mil,11.03044431421338,30.243823410287565,31.93,73.19,237.3,46.68,34.73,3.68,0.576,0,TRUE,26.99017516007722,18.19201578256736,24.85,28.100000000000005,17.52400200395492,26.99017516007722,18.19201578256736,24.85,28.100000000000005,17.52400200395492,0,0,0,0,0,TRUE,TRUE,TRUE,TRUE,TRUE,2017,26.99017516007722,18.19201578256736,22.59109547132229,-8.798159377509862,23.491334001318307,0,TRUE,TRUE,0.04178337964908732,1,1
2104073,MA,FEIRA NOVA DO MARANHÃO,2025,8126,ate_20_mil,9.002824076547672,76.28599556977603,40.35,80.06,192.39,72.05,22.02,7.96,0.532,0,TRUE,44.913666752378504,33.791652000421266,30.98,0,8.85964544379815,44.913666752378504,33.791652000421266,30.98,0,8.85964544379815,1,1,1,0,0,TRUE,TRUE,TRUE,TRUE,TRUE,2017,44.913666752378504,33.791652000421266,39.352659376399885,-11.122014751957238,13.279881814599383,0.3333333333333333,TRUE,TRUE,0.007676362373939083,1,4
2104081,MA,FERNANDO FALCÃO,2017,9241,ate_20_mil,9.13140538388804,83.70306243912997,51.61,90.45,106.99,84.09,41.64,7.48,0.443,1,FALSE,29.45908346972177,0,33.48,42.1,29.787912866238752,29.45908346972177,0,33.48,42.1,29.787912866238752,0,0,1,1,0,TRUE,TRUE,TRUE,TRUE,TRUE,2017,29.45908346972177,0,14.729541734860884,-29.45908346972177,35.12263762207958,0.6666666666666666,TRUE,TRUE,0.006395397774537975,1,4
2104107,MA,FORTALEZA DOS NOGUEIRAS,2017,11646,ate_20_mil,9.362718052397065,39.73037952945217,22.48,64.9,271.6,41.37,17.7,9.96,0.616,1,FALSE,32.90366549108534,37.05203824710971,50.56,58.1,34.53152716259374,32.90366549108534,37.05203824710971,50.56,58.1,34.53152716259374,1,1,1,1,1,TRUE,TRUE,TRUE,TRUE,TRUE,2017,32.90366549108534,37.05203824710971,34.97785186909752,4.148372756024365,47.73050905419792,1,TRUE,TRUE,0.008604697834333165,1,5
2105153,MA,IGARAPÉ DO MEIO,2021,12550,ate_20_mil,9.43747594455993,50.54183266932271,24.65,74.47,216.25,47.23,31.11,11.05,0.569,0,TRUE,31.928702896444833,29.62967227706018,32.7,42,16.765680982181248,31.928702896444833,29.62967227706018,32.7,42,16.765680982181248,1,0,1,1,0,TRUE,TRUE,TRUE,TRUE,TRUE,2017,31.928702896444833,29.62967227706018,30.779187586752506,-2.299030619384652,30.48856032739375,0.6666666666666666,TRUE,TRUE,0.009176034198189223,1,5
2105476,MA,JENIPAPO DOS VIEIRAS,2017,15440,ate_20_mil,9.644716823578767,83.68523316062176,54.26,86,127.24,75.33,36.92,6.23,0.49,1,FALSE,34.06717115461011,31.473925455209617,32.73,30.6,2.3400687452102193,34.06717115461011,31.473925455209617,32.73,30.6,2.3400687452102193,1,1,1,1,0,TRUE,TRUE,TRUE,TRUE,TRUE,2017,34.06717115461011,31.473925455209617,32.770548304909866,-2.593245699400491,21.890022915070073,0.6666666666666666,TRUE,TRUE,0.023533293814622505,1,6
2106300,MA,MAGALHÃES DE ALMEIDA,2024,17587,ate_20_mil,9.774915271736365,49.03621993517939,39.39,79.71,181.73,50.29,33.17,4.14,0.567,0,TRUE,35.38503810755959,32.15398669648937,32.41,47.4,25.93828951533515,35.38503810755959,32.15398669648937,32.41,47.4,25.93828951533515,1,1,1,1,0,TRUE,TRUE,TRUE,TRUE,TRUE,2017,35.38503810755959,32.15398669648937,33.769512402024475,-3.2310514110702186,35.249429838445046,0.6666666666666666,TRUE,TRUE,0.03477063787609917,1,9
2106706,MA,MIRADOR,2017,20452,20_a_50_mil,9.92583595619989,54.170741247799725,50.29,82.46,163.97,54.77,32.05,4.72,0.545,1,FALSE,27.613309781559188,9.486154528838066,97.81,31,10.44500184659322,27.613309781559188,9.486154528838066,97.81,31,10.44500184659322,0,0,1,1,0,TRUE,TRUE,TRUE,TRUE,TRUE,2017,27.613309781559188,9.486154528838066,18.549732155198626,-18.127155252721124,46.41833394886441,0.6666666666666666,TRUE,TRUE,0.026464255184951907,1,7
2107803,MA,PARNARAMA,2017,34586,20_a_50_mil,10.451204254885868,60.88012490603134,38.17,78.42,183.8,53.12,38.57,16.74,0.542,1,FALSE,0,0,70.51,31.399999999999995,30.087840024236613,0,0,70.51,31.399999999999995,30.087840024236613,0,0,1,1,1,TRUE,TRUE,TRUE,TRUE,TRUE,2017,0,0,0,0,43.99928000807887,1,TRUE,TRUE,0.010313714376249937,1,8
2108009,MA,PASTOS BONS,2017,18067,ate_20_mil,9.801842348773928,31.881330602756407,28.56,71.56,230.94,45.36,26.55,4.19,0.61,1,FALSE,50.355179901398316,38.98576419456048,42.71,44.5,0,50.355179901398316,38.98576419456048,42.71,44.5,0,1,1,1,1,0,TRUE,TRUE,TRUE,TRUE,TRUE,2017,50.355179901398316,38.98576419456048,44.6704720479794,-11.369415706837835,29.07,0.6666666666666666,TRUE,TRUE,0.033233782506250864,1,9
2108454,MA,PERITORÓ,2017,21201,20_a_50_mil,9.961803629358965,63.43568699589642,39.96,82.16,178.51,30.54,39.35,6.96,0.564,1,FALSE,12.936775998100114,16.604147244265217,16.45,42.8,17.982921612069262,12.936775998100114,16.604147244265217,16.45,42.8,17.982921612069262,0,0,0,1,0,TRUE,TRUE,TRUE,TRUE,TRUE,2017,12.936775998100114,16.604147244265217,14.770461621182665,3.6673712461651036,25.744307204023087,0.3333333333333333,TRUE,TRUE,0.030532847951117402,1,10
2109239,MA,PRESIDENTE MÉDICI,2024,6374,ate_20_mil,8.759982494977281,38.75117665516159,27,77.3,201.15,47.99,28.04,17.14,0.591,0,TRUE,33.369910922811506,29.84318504411917,40.19,50.9,45.74755905860474,33.369910922811506,29.84318504411917,40.19,50.9,45.74755905860474,1,0,1,1,1,TRUE,TRUE,TRUE,TRUE,TRUE,2017,33.369910922811506,29.84318504411917,31.60654798346534,-3.5267258786923357,45.61251968620158,1,TRUE,TRUE,0.005765015673932197,1,11
2111003,MA,SÃO JOÃO BATISTA,2025,19920,ate_20_mil,9.899479531138589,73.1726907630522,45.59,84.89,171.53,60.59,23.74,9.07,0.598,0,TRUE,33.98706947077699,0,36.08,24.9,33.59983704732909,33.98706947077699,,36.08,24.9,33.59983704732909,1,0,1,0,1,TRUE,FALSE,TRUE,TRUE,TRUE,2017,33.98706947077699,0,16.993534735388494,-33.98706947077699,31.526612349109694,0.6666666666666666,FALSE,TRUE,0.02398574992911805,1,6
2111201,MA,SÃO JOSÉ DE RIBAMAR,2024,163045,100_a_500_mil,12.001781515307222,76.87202919439419,7.41,48.11,435.4,4.08,7.21,4.35,0.708,0,TRUE,7.598476933354646,27.821987858259924,24.21,30.300000000000004,18.10416463639612,7.598476933354646,27.821987858259924,24.21,30.300000000000004,18.10416463639612,0,0,0,1,0,TRUE,TRUE,TRUE,TRUE,TRUE,2017,7.598476933354646,27.821987858259924,17.710232395807285,20.223510924905277,24.204721545465375,0.3333333333333333,TRUE,TRUE,0.03687193246765147,1,3
2111706,MA,SÃO VICENTE FERRER,2024,20863,20_a_50_mil,9.945732534129874,73.96826918468102,41.57,82.75,184.71,58.8,28.48,5.38,0.592,0,TRUE,97.013967076554,0,97.89,18.4,21.431759241079842,97.013967076554,,97.89,18.4,21.431759241079842,1,0,1,0,0,TRUE,FALSE,TRUE,TRUE,TRUE,2017,97.013967076554,0,48.506983538277,-97.013967076554,45.90725308035995,0.3333333333333333,FALSE,TRUE,0.041658447589356544,1,2
2112274,MA,TUFILÂNDIA,2017,5596,ate_20_mil,8.629807335785372,51.17941386704789,26.98,80.25,181.75,50.94,37.05,15.39,0.555,1,FALSE,30.213494895144212,14.862718402541413,14,12.9,0,30.213494895144212,14.862718402541413,14,12.9,0,1,0,0,0,0,TRUE,TRUE,TRUE,TRUE,TRUE,2017,30.213494895144212,14.862718402541413,22.538106648842813,-15.3507764926028,8.966666666666667,0,TRUE,TRUE,0.004928908816171703,1,11
2200103,PI,AGRICOLÂNDIA,,5098,ate_20_mil,8.53660358493606,29.344841114162417,24,65.81,245.68,40.51,29.51,4.76,0.599,0,TRUE,0,0,7.76,11,3.2637523445357597,0,0,7.76,11,3.2637523445357597,0,0,0,0,0,TRUE,TRUE,TRUE,TRUE,TRUE,2017,0,0,0,0,7.34125078151192,0,TRUE,TRUE,0.006632888993991913,1,13
2200202,PI,ÁGUA BRANCA,2017,16451,ate_20_mil,9.708141544619421,11.62239377545438,14.39,56.11,335.63,19.84,25.77,3.53,0.639,1,FALSE,3.8838499748490953,2.159038225238189,60.82,56.2,0.6698163267011507,3.8838499748490953,2.159038225238189,60.82,56.2,0.6698163267011507,0,0,1,1,0,TRUE,TRUE,TRUE,TRUE,TRUE,2017,3.8838499748490953,2.159038225238189,3.021444100043642,-1.7248117496109066,39.22993877556705,0.6666666666666666,TRUE,TRUE,0.010832748203570022,1,12
2200707,PI,ANÍSIO DE ABREU,,9098,ate_20_mil,9.115809888129949,50.505605627610464,32.14,67.6,221.91,42.44,31.15,1.05,0.594,0,TRUE,0,0,0,0,0,0,0,,0,0,0,0,0,0,0,TRUE,TRUE,FALSE,TRUE,TRUE,2017,0,0,0,0,0,0,TRUE,FALSE,0.016997050696649012,1,15
2200905,PI,AROAZES,,5779,ate_20_mil,8.661985936317778,40.647170790794256,22.62,64.66,265.91,40.69,33.15,2.81,0.583,0,TRUE,3.720876385632833,3.5603786027909785,1.87,27.5,0,3.720876385632833,3.5603786027909785,1.87,27.5,0,0,0,0,0,0,TRUE,TRUE,TRUE,TRUE,TRUE,2017,3.720876385632833,3.5603786027909785,3.6406274942119055,-0.16049778284185434,9.79,0,TRUE,TRUE,0.007877360229006392,1,14
2201705,PI,BERTOLÍNIA,2017,5319,ate_20_mil,8.579040594742317,26.790750141003947,20.27,57.68,325.94,38.08,26.59,0.83,0.612,1,FALSE,0,0,2.11,0,0,0,0,2.11,0,0,0,0,0,0,0,TRUE,TRUE,TRUE,TRUE,TRUE,2017,0,0,0,0,0.7033333333333333,0,TRUE,TRUE,0.007182330002814569,1,13
2207751,PI,PASSAGEM FRANCA DO PIAUÍ,2017,4546,ate_20_mil,8.422003004412488,45.402551693796745,23.26,56.51,323.31,39.47,41.5,0.18,0.561,1,FALSE,0,0,0,0,0,0,0,,0,0,0,0,0,0,0,TRUE,TRUE,FALSE,TRUE,TRUE,2017,0,0,0,0,0,0,TRUE,FALSE,0.00861081543017283,1,14
2208809,PI,REGENERAÇÃO,,17556,ate_20_mil,9.773151050808124,21.36591478696742,21.25,64.83,299.65,39.74,34.33,3.2,0.591,0,TRUE,2.0479934761382665,0,0,71.5,0,2.0479934761382665,0,,71.5,0,0,0,0,1,0,TRUE,TRUE,FALSE,TRUE,TRUE,2017,2.0479934761382665,0,1.0239967380691333,-2.0479934761382665,23.833333333333332,0.3333333333333333,TRUE,FALSE,0.01251341023253278,1,12
2209450,PI,SANTO ANTÔNIO DOS MILAGRES,2017,2059,ate_20_mil,7.629975707027789,60.80621661000486,27.11,74.84,208.58,46.67,30.03,0.57,0.619,1,FALSE,37.729711495213,23.69161206829257,12.33,8.3,3.238974176945603,37.729711495213,23.69161206829257,12.33,8.3,3.238974176945603,1,0,0,0,0,TRUE,TRUE,TRUE,TRUE,TRUE,2017,37.729711495213,23.69161206829257,30.710661781752787,-14.038099426920432,7.9563247256485345,0,TRUE,TRUE,0.018406340003642403,1,15
2301505,CE,ARNEIROZ,2017,7650,ate_20_mil,8.942460926820582,49.294117647058826,19.9,69.82,269.77,37.03,32.83,3.06,0.618,1,FALSE,28.536906047516204,59.6021104197905,36.58,40.1,27.342162707534797,28.536906047516204,59.6021104197905,36.58,40.1,27.342162707534797,0,1,1,1,0,TRUE,TRUE,TRUE,TRUE,TRUE,2017,28.536906047516204,59.6021104197905,44.06950823365335,31.065204372274295,34.674054235844935,0.6666666666666666,TRUE,TRUE,0.033712023320464087,1,16
2302206,CE,BEBERIBE,2024,49311,20_a_50_mil,10.805902458874636,56.17407880594593,20.15,64.22,304.61,35.56,28.28,5.51,0.638,0,TRUE,18.70039100374527,13.461136601040105,18.59,9.1,3.139361421136956,18.70039100374527,13.461136601040105,18.59,9.1,3.139361421136956,0,0,0,0,0,TRUE,TRUE,TRUE,TRUE,TRUE,2017,18.70039100374527,13.461136601040105,16.08076380239269,-5.239254402705166,10.276453807045652,0,TRUE,TRUE,0.03596340477509494,1,17
2302503,CE,BREJO SANTO,2017,45193,20_a_50_mil,10.718697486570514,37.92180204898989,13.83,61.28,325.64,23.72,24.35,1.41,0.647,1,FALSE,26.359336538762832,25.325777182365105,33.32,29.8,21.326451152906966,26.359336538762832,25.325777182365105,33.32,29.8,21.326451152906966,0,0,1,0,0,TRUE,TRUE,TRUE,TRUE,TRUE,2017,26.359336538762832,25.325777182365105,25.842556860563967,-1.0335593563977277,28.14881705096899,0.3333333333333333,TRUE,TRUE,0.035101666808234074,1,17
2306702,CE,JAGUARETAMA,2024,17863,ate_20_mil,9.790486813448885,52.58915075855119,27.99,71.55,247.85,47.75,30.78,7.37,0.612,0,TRUE,29.614363165633772,35.24279797941732,43.03,86.1,39.23049107537373,29.614363165633772,35.24279797941732,43.03,86.1,39.23049107537373,0,1,1,1,1,TRUE,TRUE,TRUE,TRUE,TRUE,2017,29.614363165633772,35.24279797941732,32.42858057252555,5.628434813783546,56.12016369179124,1,TRUE,TRUE,0.031860137870302105,1,16
2308302,CE,MILAGRES,2024,28316,20_a_50_mil,10.25118229489408,52.12600649809295,17.6,67.27,261.96,33.66,31,6.03,0.628,0,TRUE,29.400688463261808,29.67479428346456,38.24,58.599999999999994,22.15761548229137,29.400688463261808,29.67479428346456,38.24,58.599999999999994,22.15761548229137,0,0,1,1,0,TRUE,TRUE,TRUE,TRUE,TRUE,2017,29.400688463261808,29.67479428346456,29.537741373363183,0.2741058202027524,39.66587182743046,0.6666666666666666,TRUE,TRUE,0.03278527281292013,1,18
2312403,CE,SÃO GONÇALO DO AMARANTE,2017,43890,20_a_50_mil,10.68944178268228,34.980633401686035,15.32,60.4,309.14,23.13,21.86,8.22,0.665,1,FALSE,47.498095943017745,34.740676463269665,47.17,41.9,36.360670154273116,47.498095943017745,34.740676463269665,47.17,41.9,36.360670154273116,1,1,1,1,1,TRUE,TRUE,TRUE,TRUE,TRUE,2017,47.498095943017745,34.740676463269665,41.119386203143705,-12.75741947974808,41.810223384757705,1,TRUE,TRUE,0.034103987769469005,1,18
2312601,CE,SÃO LUÍS DO CURU,2017,12332,ate_20_mil,9.419952789006041,35.444372364579955,22.07,66.88,257.9,23.81,23.96,8.81,0.62,1,FALSE,23.028943009356674,32.88914686595098,48.45,61.8,16.839091893803744,23.028943009356674,32.88914686595098,48.45,61.8,16.839091893803744,0,1,1,1,0,TRUE,TRUE,TRUE,TRUE,TRUE,2017,23.028943009356674,32.88914686595098,27.959044937653825,9.860203856594303,42.36303063126792,0.6666666666666666,TRUE,TRUE,0.011888404153237038,1,19
2313708,CE,UMARI,2025,7545,ate_20_mil,8.928640371201949,48.07157057654076,30.53,75.19,223.62,35.8,34.57,13.65,0.591,0,TRUE,20.366915422885572,39.808152328009996,73.59,26.1,31.384435781161983,20.366915422885572,39.808152328009996,73.59,26.1,31.384435781161983,0,1,1,0,1,TRUE,TRUE,TRUE,TRUE,TRUE,2017,20.366915422885572,39.808152328009996,30.087533875447782,19.441236905124423,43.69147859372066,0.6666666666666666,TRUE,TRUE,0.013415438716421951,1,19
2903409,BA,BELMONTE,2026,21798,20_a_50_mil,9.989573501449257,47.60987246536379,13.19,66.96,289.9,38.98,26.85,8,0.598,0,TRUE,8.297657864971333,6.677256826384115,12.38,11.9,0,8.297657864971333,6.677256826384115,12.38,11.9,0,0,0,0,0,0,TRUE,TRUE,TRUE,TRUE,TRUE,2017,8.297657864971333,6.677256826384115,7.487457345677724,-1.620401038587218,8.093333333333334,0,TRUE,TRUE,0.0068285258113725215,1,20
2908903,BA,CORAÇÃO DE MARIA,2017,22401,20_a_50_mil,10.016860879703811,58.03758760769608,22.92,68.18,257.21,49.68,22.78,8.36,0.592,1,FALSE,17.785275806521835,10.158357593100828,7.65,0,0,17.785275806521835,10.158357593100828,7.65,0,0,0,0,0,0,0,TRUE,TRUE,TRUE,TRUE,TRUE,2017,17.785275806521835,10.158357593100828,13.971816699811331,-7.626918213421007,2.5500000000000003,0,TRUE,TRUE,0.008647689848928447,1,20
2909901,BA,CURAÇÁ,2017,32168,20_a_50_mil,10.37872744857711,57.3520268589903,23.29,72.24,236.77,65.36,26.76,6.08,0.581,1,FALSE,13.23477013926578,29.293047991817613,16.48,26.4,0,13.23477013926578,29.293047991817613,16.48,26.4,0,0,0,0,0,0,TRUE,TRUE,TRUE,TRUE,TRUE,2017,13.23477013926578,29.293047991817613,21.263909065541696,16.058277852551832,14.293333333333333,0,TRUE,TRUE,0.017718058768511052,1,21
2915502,BA,ITAJUÍPE,2024,21081,20_a_50_mil,9.956127439860307,20.12238508609649,10.53,55.78,354.2,22.1,23.42,3.49,0.599,0,TRUE,26.124950242671883,31.320014516433453,33.69,79.2,23.60836146274507,26.124950242671883,31.320014516433453,33.69,79.2,23.60836146274507,0,1,1,1,0,TRUE,TRUE,TRUE,TRUE,TRUE,2017,26.124950242671883,31.320014516433453,28.722482379552666,5.19506427376157,45.49945382091502,0.6666666666666666,TRUE,TRUE,0.008167952335940514,1,22
2915809,BA,ITAMBÉ,2017,23089,20_a_50_mil,10.047111592619004,14.68664732123522,7.53,54.57,312.32,25.38,26.75,0.8,0.578,1,FALSE,25.031934514693134,27.433450298504834,20.3,28.2,6.425062280042707,25.031934514693134,27.433450298504834,20.3,28.2,6.425062280042707,0,0,0,0,0,TRUE,TRUE,TRUE,TRUE,TRUE,2017,25.031934514693134,27.433450298504834,26.232692406598986,2.4015157838117,18.308354093347567,0,TRUE,TRUE,0.00770697045573997,1,22
2918407,BA,JUAZEIRO,2017,197965,100_a_500_mil,12.195845526374658,18.786149066754223,7.59,49.09,476.58,21.73,14.25,5.48,0.677,1,FALSE,36.0909331324788,39.48496548776132,31.05,31,0.8171278177669414,36.0909331324788,39.48496548776132,31.05,31,0.8171278177669414,1,1,1,1,0,TRUE,TRUE,TRUE,TRUE,TRUE,2017,36.0909331324788,39.48496548776132,37.78794931012006,3.394032355282519,20.95570927258898,0.6666666666666666,TRUE,TRUE,0.0380915842114152,1,23
2919207,BA,LAURO DE FREITAS,2024,163449,100_a_500_mil,12.004256294054718,0,3.48,30.32,1031.78,0.71,5.17,4.32,0.754,0,TRUE,41.79792059264058,53.31553347536134,38.4,37.6,0.9589023051360307,41.79792059264058,53.31553347536134,38.4,37.6,0.9589023051360307,1,1,1,1,0,TRUE,TRUE,TRUE,TRUE,TRUE,2017,41.79792059264058,53.31553347536134,47.55672703400096,11.517612882720762,25.652967435045344,0.6666666666666666,TRUE,TRUE,0.03829132666865919,1,23
2925758,BA,PRESIDENTE TANCREDO NEVES,2025,23846,20_a_50_mil,10.079371767366077,59.87167659146188,20.75,69.14,270.35,57.19,31.65,0.71,0.559,0,TRUE,13.17324638702855,28.598527275941244,41.64,29,20.023364915014692,13.17324638702855,28.598527275941244,41.64,29,20.023364915014692,0,0,1,0,0,TRUE,TRUE,TRUE,TRUE,TRUE,2017,13.17324638702855,28.598527275941244,20.885886831484896,15.425280888912694,30.221121638338232,0.3333333333333333,TRUE,TRUE,0.017223450483508547,1,21
3113404,MG,Caratinga,2017,85239,50_a_100_mil,11.35321435456232,17.32188317554171,4.75,34.36,610.29,17.73,10.16,8.63,0.706,1,FALSE,30.72023426734037,35.50048626822529,48.160000000000004,59.1,34.765915431202345,30.72023426734037,35.50048626822529,48.160000000000004,59.1,34.765915431202345,1,1,1,1,1,TRUE,TRUE,TRUE,TRUE,TRUE,2017,30.72023426734037,35.50048626822529,33.11036026778283,4.780252000884918,47.341971810400786,1,TRUE,TRUE,0.01881141236329873,1,24
3118403,MG,Conselheiro Pena,2021,22242,20_a_50_mil,10.009737672378787,20.865929322902616,7.72,47.57,445.95,30.79,17.41,7.54,0.662,0,TRUE,28.470594455017974,31.586854525422968,37.4,20.7,5.989158387599885,28.470594455017974,31.586854525422968,37.4,20.7,5.989158387599885,0,1,1,0,0,TRUE,TRUE,TRUE,TRUE,TRUE,2017,28.470594455017974,31.586854525422968,30.02872449022047,3.1162600704049943,21.36305279586663,0.3333333333333333,TRUE,TRUE,0.010913577956846977,1,25
3120904,MG,Curvelo,,74219,50_a_100_mil,11.214775461066532,9.211926865088454,2.07,35.67,581.65,16.01,8.35,6.66,0.713,0,TRUE,31.404062081569418,38.09620201671213,37.56,36.8,13.962626158059395,31.404062081569418,38.09620201671213,37.56,36.8,13.962626158059395,1,1,1,1,0,TRUE,TRUE,TRUE,TRUE,TRUE,2017,31.404062081569418,38.09620201671213,34.750132049140774,6.692139935142709,29.440875386019798,0.6666666666666666,TRUE,TRUE,0.019037105175093025,1,24
3129806,MG,Ibirité,,158954,100_a_500_mil,11.976370131168585,0.22899706833423503,1.73,28.22,525.64,1.24,6.37,3.28,0.704,0,TRUE,0,0,0,0,0,0,,,0,0,0,0,0,0,0,TRUE,FALSE,FALSE,TRUE,TRUE,2017,0,0,0,0,0,0,FALSE,FALSE,0.012671269647887392,1,26
3135803,MG,Jequitinhonha,2017,24131,20_a_50_mil,10.091252599948522,29.29841282996975,11.33,56.52,376.03,36.66,27.33,8.77,0.615,1,FALSE,30.152183170270664,28.004085852752787,37.93,43.1,28.129513259379895,30.152183170270664,28.004085852752787,37.93,43.1,28.129513259379895,1,0,1,1,0,TRUE,TRUE,TRUE,TRUE,TRUE,2017,30.152183170270664,28.004085852752787,29.078134511511728,-2.148097317517877,36.3865044197933,0.6666666666666666,TRUE,TRUE,0.010748584224194275,1,25
3154606,MG,Ribeirão das Neves,2017,296317,100_a_500_mil,12.599185106198638,0.7302989703594461,2.21,30.03,479.77,1.24,6.72,4.24,0.684,1,FALSE,8.454588113080229,4.102973209454544,0.88,13,18.248972051511906,8.454588113080229,4.102973209454544,0.88,13,18.248972051511906,0,0,0,0,0,TRUE,TRUE,TRUE,TRUE,TRUE,2017,8.454588113080229,4.102973209454544,6.278780661267387,-4.351614903625685,10.709657350503969,0,TRUE,TRUE,0.013777874868622324,1,26
3518800,SP,GUARULHOS,2023,1221979,mais_500_mil,14.015982233623298,0,1.95,20.63,829.91,0.35,4.31,3.07,0.763,0,TRUE,32.8735462833722,19.811950235916278,59.19,26.2,11.73536279249437,32.8735462833722,19.811950235916278,59.19,26.2,11.73536279249437,1,0,1,0,0,TRUE,TRUE,TRUE,TRUE,TRUE,2017,32.8735462833722,19.811950235916278,26.34274825964424,-13.061596047455922,32.37512093083146,0.3333333333333333,TRUE,TRUE,0.07969622327849311,1,27
3548708,SP,SÃO BERNARDO DO CAMPO,2017,765463,mais_500_mil,13.548236158489782,1.67284375600127,0.99,13.22,1212.65,0.53,3.18,2.91,0.805,1,FALSE,40.85851556511078,20.462763838920438,56.72,37.9,11.325321021271199,40.85851556511078,20.462763838920438,56.72,37.9,11.325321021271199,1,0,1,1,0,TRUE,TRUE,TRUE,TRUE,TRUE,2017,40.85851556511078,20.462763838920438,30.660639702015608,-20.39575172619034,35.3151070070904,0.6666666666666666,TRUE,TRUE,0.08024131064034534,1,27
4100509,PR,ALTÔNIA,2017,20516,20_a_50_mil,9.92896034850916,26.42815363618639,0.86,19.1,585.49,24.13,10.83,3.5,0.721,1,FALSE,31.572030087482627,26.180301991187278,28.26,62.5,23.817433230488252,31.572030087482627,26.180301991187278,28.26,62.5,23.817433230488252,1,0,0,1,0,TRUE,TRUE,TRUE,TRUE,TRUE,2017,31.572030087482627,26.180301991187278,28.876166039334954,-5.391728096295349,38.192477743496084,0.3333333333333333,TRUE,TRUE,0.015289162110265988,1,28
4100806,PR,ALVORADA DO SUL,2017,10283,ate_20_mil,9.23824732522919,28.639502090829524,6.08,29.06,605.41,25.69,10.92,3.27,0.708,1,FALSE,30.015436565364208,30.722384869710403,34.18,42.5,43.4121996776092,30.015436565364208,30.722384869710403,34.18,42.5,43.4121996776092,1,1,1,1,1,TRUE,TRUE,TRUE,TRUE,TRUE,2017,30.015436565364208,30.722384869710403,30.368910717537304,0.706948304346195,40.03073322586973,1,TRUE,TRUE,0.011707896185370643,1,29
4102901,PR,BITURUNA,2026,15880,ate_20_mil,9.672815734801127,37.66372795969773,7.64,44.51,443.43,39.87,8.78,1.05,0.667,0,TRUE,63.62260864219038,80.97105462051985,57.29,49.4,4.11170653907496,63.62260864219038,80.97105462051985,57.29,49.4,4.11170653907496,1,1,1,1,0,TRUE,TRUE,TRUE,TRUE,TRUE,2017,63.62260864219038,80.97105462051985,72.29683163135512,17.348445978329472,36.93390217969165,0.6666666666666666,TRUE,TRUE,0.024615909301402856,1,30
4103206,PR,BOM SUCESSO,2024,6561,ate_20_mil,8.788898309344878,18.777625361987504,0.51,19.58,592.27,34.42,14.68,5.63,0.686,0,TRUE,32.764206004575804,29.409858879276126,65.19,38,22.81060947583124,32.764206004575804,29.409858879276126,65.19,38,22.81060947583124,1,0,1,1,0,TRUE,TRUE,TRUE,TRUE,TRUE,2017,32.764206004575804,29.409858879276126,31.087032441925963,-3.354347125299679,42.00020315861041,0.6666666666666666,TRUE,TRUE,0.005805766694661461,1,41
4103305,PR,BORRAZÓPOLIS,2017,7878,ate_20_mil,8.971829343530851,26.26301091647626,2.03,24.26,604.08,43,12.51,2.42,0.717,1,FALSE,45.74529251113986,71.5242073498516,82.7,63.7,50.87125513862557,45.74529251113986,71.5242073498516,82.7,63.7,50.87125513862557,1,1,1,1,1,TRUE,TRUE,TRUE,TRUE,TRUE,2017,45.74529251113986,71.5242073498516,58.63474993049573,25.778914838711735,65.75708504620853,1,TRUE,TRUE,0.024266000154393914,1,30
4103503,PR,CALIFÓRNIA,2024,8069,ate_20_mil,8.995784837848506,25.29433634898996,1.73,24.21,698.38,21.2,9.25,4.32,0.722,0,TRUE,51.42061847123196,65.85226887920608,98.49,95.3,63.030756495569086,51.42061847123196,65.85226887920608,98.49,95.3,63.030756495569086,1,1,1,1,1,TRUE,TRUE,TRUE,TRUE,TRUE,2017,51.42061847123196,65.85226887920608,58.63644367521902,14.431650407974118,85.60691883185636,1,TRUE,TRUE,0.014855813332992377,1,49
4104105,PR,CAMPO DO TENENTE,2025,7125,ate_20_mil,8.871365005136852,41.13684210526315,2.73,39.09,488.06,35.1,9.81,4.22,0.686,0,TRUE,52.84999893419734,63.236284616983305,27.53,39.1,57.26374326634793,52.84999893419734,63.236284616983305,27.53,39.1,57.26374326634793,1,1,0,1,1,TRUE,TRUE,TRUE,TRUE,TRUE,2017,52.84999893419734,63.236284616983305,58.04314177559032,10.386285682785967,41.29791442211598,0.6666666666666666,TRUE,TRUE,0.01170075044057315,1,35
4104303,PR,CAMPO MOURÃO,2022,87194,50_a_100_mil,11.375890800190287,5.181549189164392,1.23,17.95,843.42,7.87,7.78,4.12,0.757,0,TRUE,55.88663589755469,24.788046270487765,38.2,57,27.761532436284366,55.88663589755469,24.788046270487765,38.2,57,27.761532436284366,1,0,1,1,0,TRUE,TRUE,TRUE,TRUE,TRUE,2017,55.88663589755469,24.788046270487765,40.337341084021226,-31.098589627066925,40.98717747876145,0.6666666666666666,TRUE,TRUE,0.030618367565345493,1,31
4104402,PR,CÂNDIDO DE ABREU,2024,16655,ate_20_mil,9.72046575062778,71.46802761933354,10.96,51.11,438.62,63.97,17.64,2.08,0.629,0,TRUE,31.1883986318912,34.06436690279991,25.57,32.4,55.56665262523233,31.1883986318912,34.06436690279991,25.57,32.4,55.56665262523233,1,1,0,1,1,TRUE,TRUE,TRUE,TRUE,TRUE,2017,31.1883986318912,34.06436690279991,32.626382767345554,2.875968270908711,37.84555087507744,0.6666666666666666,TRUE,TRUE,0.013688692453077796,1,33
4104907,PR,CASTRO,2017,67084,50_a_100_mil,11.113700844451518,26.560729831256335,3.91,32.32,639.54,24.27,8.24,2.64,0.703,1,FALSE,47.86349312838041,50.485539468631785,39.69,63.3,35.99584331002156,47.86349312838041,50.485539468631785,39.69,63.3,35.99584331002156,1,1,1,1,1,TRUE,TRUE,TRUE,TRUE,TRUE,2017,47.86349312838041,50.485539468631785,49.1745162985061,2.622046340251373,46.32861443667385,1,TRUE,TRUE,0.028472742714975074,1,31
4105508,PR,CIANORTE,2017,69958,50_a_100_mil,11.155650340959463,10.972297664312874,0.58,9.47,837.13,7.98,5.94,2.68,0.755,1,FALSE,28.744386926778652,30.75289757022556,29.31,40.6,34.21020514929696,28.744386926778652,30.75289757022556,29.31,40.6,34.21020514929696,0,1,0,1,1,TRUE,TRUE,TRUE,TRUE,TRUE,2017,28.744386926778652,30.75289757022556,29.748642248502108,2.0085106434469076,34.706735049765655,0.6666666666666666,TRUE,TRUE,0.025626574474395314,1,32
4105706,PR,CLEVELÂNDIA,2025,17240,ate_20_mil,9.754987544217684,14.39675174013921,3.91,35.36,696.71,23.02,12.3,4.41,0.694,0,TRUE,34.463145374630024,42.34353321776965,44.01,51.2,9.667774818786265,34.463145374630024,42.34353321776965,44.01,51.2,9.667774818786265,1,1,1,1,0,TRUE,TRUE,TRUE,TRUE,TRUE,2017,34.463145374630024,42.34353321776965,38.40333929619983,7.880387843139623,34.95925827292876,0.6666666666666666,TRUE,TRUE,0.011110981478972175,1,51
4106100,PR,CONSELHEIRO MAIRINCK,2025,3636,ate_20_mil,8.19863945529737,30.83058305830583,2.41,36.71,534.5,31.49,11.01,7.93,0.707,0,TRUE,46.11670844581566,27.11541458968919,34.56,37.5,5.899322996287399,46.11670844581566,27.11541458968919,34.56,37.5,5.899322996287399,1,0,1,1,0,TRUE,TRUE,TRUE,TRUE,TRUE,2017,46.11670844581566,27.11541458968919,36.61606151775243,-19.00129385612647,25.98644099876247,0.6666666666666666,TRUE,TRUE,0.0052603974022415265,1,37
4106803,PR,CRUZ MACHADO,2017,18040,ate_20_mil,9.800346793616615,66.42461197339246,14.54,48.91,414.98,63.89,6.33,0.54,0.664,1,FALSE,23.705101817889133,23.5326872504968,30.44,19.6,30.08277039566476,23.705101817889133,23.5326872504968,30.44,19.6,30.08277039566476,0,0,1,0,1,TRUE,TRUE,TRUE,TRUE,TRUE,2017,23.705101817889133,23.5326872504968,23.618894534192968,-0.17241456739233385,26.707590131888253,0.6666666666666666,TRUE,TRUE,0.014000144682116003,1,33
4107108,PR,DIAMANTE DO NORTE,2024,5516,ate_20_mil,8.615408238913192,17.494561276287165,1.13,22.01,619.39,29.21,12.03,6.61,0.723,0,TRUE,38.905400886213535,30.020216469960825,40.41,50.7,19.070034390802363,38.905400886213535,30.020216469960825,40.41,50.7,19.070034390802363,1,1,1,1,0,TRUE,TRUE,TRUE,TRUE,TRUE,2017,38.905400886213535,30.020216469960825,34.46280867808718,-8.88518441625271,36.72667813026745,0.6666666666666666,TRUE,TRUE,0.007891251285286486,1,45
4107157,PR,DIAMANTE D'OESTE,2017,5027,ate_20_mil,8.522578663692576,49.05510244678735,9.89,44.4,447.57,45.34,18.29,6.4,0.644,1,FALSE,53.29721620270045,30.976629359017746,97.17,99.5,89.31056778433381,53.29721620270045,30.976629359017746,97.17,99.5,89.31056778433381,1,1,1,1,1,TRUE,TRUE,TRUE,TRUE,TRUE,2017,53.29721620270045,30.976629359017746,42.136922780859095,-22.3205868436827,95.32685592811127,1,TRUE,TRUE,0.006655524568703583,1,34
4107520,PR,ESPERANÇA NOVA,2017,1970,ate_20_mil,7.585788821732034,61.82741116751269,2.31,21.09,584.46,45.52,12.07,10.53,0.689,1,FALSE,100,100,98.34,100,0,100,100,98.34,100,0,1,1,1,1,0,TRUE,TRUE,TRUE,TRUE,TRUE,2017,100,100,100,0,66.11333333333333,0.6666666666666666,TRUE,TRUE,0.010534826263777913,1,35
4107736,PR,FERNANDES PINHEIRO,2023,5932,ate_20_mil,8.688116703257823,64.69993256911665,9.55,48.11,446.98,46.78,10.7,6.73,0.645,0,TRUE,32.2545298305917,31.54754371608974,40.5,84.8,44.709363711397664,32.2545298305917,31.54754371608974,40.5,84.8,44.709363711397664,1,1,1,1,1,TRUE,TRUE,TRUE,TRUE,TRUE,2017,32.2545298305917,31.54754371608974,31.90103677334072,-0.7069861145019587,56.66978790379922,1,TRUE,TRUE,0.004456010714256321,1,40
4109104,PR,GUAPOREMA,2017,2219,ate_20_mil,7.704811922932594,42.27129337539432,0.06,18.15,572.72,21.84,13.07,2.7,0.719,1,FALSE,72.55097911698823,100,100,99.5,0,72.55097911698823,100,100,99.5,0,1,1,1,1,0,TRUE,TRUE,TRUE,TRUE,TRUE,2017,72.55097911698823,100,86.27548955849412,27.44902088301177,66.5,0.6666666666666666,TRUE,TRUE,0.02201828823000546,1,36
4110409,PR,INDIANÓPOLIS,2017,4299,ate_20_mil,8.366137716496281,26.79692951849267,0.3,11.49,652.36,25.87,10.92,7.46,0.724,1,FALSE,36.89451476793249,28.77222283440628,39.81,42.3,15.621088626100192,36.89451476793249,28.77222283440628,39.81,42.3,15.621088626100192,1,0,1,1,0,TRUE,TRUE,TRUE,TRUE,TRUE,2017,36.89451476793249,28.77222283440628,32.833368801169385,-8.122291933526213,32.5770295420334,0.6666666666666666,TRUE,TRUE,0.005876187164907263,1,37
4111308,PR,ITAÚNA DO SUL,2022,3583,ate_20_mil,8.183955717304954,28.858498464973486,1.19,30.6,460.51,27.6,20.77,11.91,0.656,0,TRUE,37.584787417055786,23.740698917557445,22.44,30.600000000000005,23.119862518492152,37.584787417055786,23.740698917557445,22.44,30.600000000000005,23.119862518492152,1,0,0,1,0,TRUE,TRUE,TRUE,TRUE,TRUE,2017,37.584787417055786,23.740698917557445,30.662743167306616,-13.84408849949834,25.386620839497386,0.3333333333333333,TRUE,TRUE,0.0028167573019034224,1,55
4112009,PR,JAGUARIAÍVA,2025,32606,20_a_50_mil,10.3922515994996,14.000490707231798,2.39,35.26,616.79,15.67,7.38,3.61,0.743,0,TRUE,10.47558551860219,14.010330060391055,38.59,52.1,2.868336390528017,10.47558551860219,14.010330060391055,38.59,52.1,2.868336390528017,0,0,1,1,0,TRUE,TRUE,TRUE,TRUE,TRUE,2017,10.47558551860219,14.010330060391055,12.242957789496622,3.534744541788866,31.186112130176006,0.6666666666666666,TRUE,TRUE,0.015857304635209964,1,28
4112207,PR,JANIÓPOLIS,,6532,ate_20_mil,8.784468454090355,38.18126148193509,2.8,30.13,577.55,36.89,18.99,2.22,0.696,0,TRUE,33.83117877440443,37.24699302617964,38.86,46.6,16.220600605332105,33.83117877440443,37.24699302617964,38.86,46.6,16.220600605332105,1,1,1,1,0,TRUE,TRUE,TRUE,TRUE,TRUE,2017,33.83117877440443,37.24699302617964,35.53908590029204,3.4158142517752097,33.893533535110706,0.6666666666666666,TRUE,TRUE,0.014761985630134679,1,42
4113304,PR,LARANJEIRAS DO SUL,2017,30777,20_a_50_mil,10.334522936755823,18.669785879065536,4.6,32.75,659.33,22.12,9.2,4.73,0.706,1,FALSE,34.64862728785358,26.47884860677186,66.99,55.4,19.868612202561533,34.64862728785358,26.47884860677186,66.99,55.4,19.868612202561533,1,0,1,1,0,TRUE,TRUE,TRUE,TRUE,TRUE,2017,34.64862728785358,26.47884860677186,30.563737947312717,-8.16977868108172,47.41953740085384,0.6666666666666666,TRUE,TRUE,0.01257566643015954,1,38
4114005,PR,MAMBORÊ,2017,13961,ate_20_mil,9.544023006988647,35.649308788768714,2.61,31.55,616.46,33.43,11.76,2.94,0.719,1,FALSE,36.39557951635041,30.543298343565365,30,30,30,36.39557951635041,30.543298343565365,30,30,30,1,1,1,1,1,TRUE,TRUE,TRUE,TRUE,TRUE,2017,36.39557951635041,30.543298343565365,33.46943892995789,-5.852281172785045,30,1,TRUE,TRUE,0.016419513487840206,1,39
4114104,PR,MANDAGUAÇU,2024,19781,ate_20_mil,9.892477160016076,11.1015621050503,0.38,13.68,693.16,11.24,9.41,4.35,0.718,0,TRUE,34.81465314210535,28.991196958893145,34.42,31.6,36.40744926900057,34.81465314210535,28.991196958893145,34.42,31.6,36.40744926900057,1,0,1,1,1,TRUE,TRUE,TRUE,TRUE,TRUE,2017,34.81465314210535,28.991196958893145,31.90292505049925,-5.823456183212205,34.14248308966686,1,TRUE,TRUE,0.010211257448359554,1,52
4114351,PR,MANFRINÓPOLIS,2017,3127,ate_20_mil,8.047829357457841,79.14934441957148,9.23,41.38,435.85,64.91,15.93,4.74,0.645,1,FALSE,45.60816422208827,35.561378646608915,32.92,95.2,53.00211325480374,45.60816422208827,35.561378646608915,32.92,95.2,53.00211325480374,1,1,1,1,1,TRUE,TRUE,TRUE,TRUE,TRUE,2017,45.60816422208827,35.561378646608915,40.584771434348596,-10.046785575479355,60.37403775160125,1,TRUE,TRUE,0.006618439004000979,1,40
4115002,PR,MARILENA,2017,6858,ate_20_mil,8.833171133022866,27.32575094779819,1.34,28.56,461.09,36.2,13.68,1.62,0.681,1,FALSE,30.970129407823094,23.60558861023046,33.24,23.9,26.75248001184483,30.970129407823094,23.60558861023046,33.24,23.9,26.75248001184483,1,0,1,0,0,TRUE,TRUE,TRUE,TRUE,TRUE,2017,30.970129407823094,23.60558861023046,27.287859009026775,-7.364540797592635,27.964160003948276,0.3333333333333333,TRUE,TRUE,0.007669793910519292,1,41
4115358,PR,MARIPÁ,,5684,ate_20_mil,8.64541048921699,42.61083743842365,0.29,12.94,781.94,50.73,3.43,3.11,0.758,0,TRUE,89.13920790812246,80.38917770071102,92.84,98.9,36.46006205353922,89.13920790812246,80.38917770071102,92.84,98.9,36.46006205353922,1,1,1,1,1,TRUE,TRUE,TRUE,TRUE,TRUE,2017,89.13920790812246,80.38917770071102,84.76419280441674,-8.750030207411442,76.06668735117974,1,TRUE,TRUE,0.027102678578524796,1,43
4115408,PR,MARMELEIRO,2017,13900,ate_20_mil,9.539644119118783,36.51798561151079,2.48,24.26,751.42,39.13,8.98,3.01,0.722,1,FALSE,41.66017250319333,42.41615591659736,54.75,53.2,26.897881149414893,41.66017250319333,42.41615591659736,54.75,53.2,26.897881149414893,1,1,1,1,0,TRUE,TRUE,TRUE,TRUE,TRUE,2017,41.66017250319333,42.41615591659736,42.03816420989534,0.7559834134040315,44.94929371647163,0.6666666666666666,TRUE,TRUE,0.015591749007247198,1,42
4115606,PR,MATELÂNDIA,2023,16078,ate_20_mil,9.685207156887905,27.7708670232616,1.7,21.91,683.91,23.75,7.21,5,0.725,0,TRUE,39.64318820657873,46.85125232992939,71.93,100,51.33994539948728,39.64318820657873,46.85125232992939,71.93,100,51.33994539948728,1,1,1,1,1,TRUE,TRUE,TRUE,TRUE,TRUE,2017,39.64318820657873,46.85125232992939,43.247220268254054,7.20806412335066,74.42331513316243,1,TRUE,TRUE,0.013765078479933412,1,53
4115739,PR,MATO RICO,2017,3818,ate_20_mil,8.247482004285693,74.9345206914615,15.14,58.34,296.21,68.06,19.58,4.49,0.632,1,FALSE,100,90.01443941425893,100,100,55.353156585180706,100,90.01443941425893,100,100,55.353156585180706,1,1,1,1,1,TRUE,TRUE,TRUE,TRUE,TRUE,2017,100,90.01443941425893,95.00721970712947,-9.98556058574107,85.1177188617269,1,TRUE,TRUE,0.028971050804301145,1,43
4116703,PR,NOVA AURORA,2017,11866,ate_20_mil,9.381432446818588,23.81594471599528,2.19,27,734.83,31.83,5.26,3.2,0.733,1,FALSE,37.96511104208728,47.48300947266405,38.35,42.5,14.051334751033584,37.96511104208728,47.48300947266405,38.35,42.5,14.051334751033584,1,1,1,1,0,TRUE,TRUE,TRUE,TRUE,TRUE,2017,37.96511104208728,47.48300947266405,42.72406025737567,9.517898430576771,31.633778250344527,0.6666666666666666,TRUE,TRUE,0.013563285852293357,1,44
4116901,PR,NOVA ESPERANÇA,2022,26615,20_a_50_mil,10.189230245606858,8.61168513995867,0.78,16.83,719.26,16.59,9.32,5.38,0.722,0,TRUE,42.67396008220923,33.98086804387211,33.14,34.1,29.613609264056567,42.67396008220923,33.98086804387211,33.14,34.1,29.613609264056567,1,1,1,1,0,TRUE,TRUE,TRUE,TRUE,TRUE,2017,42.67396008220923,33.98086804387211,38.32741406304066,-8.69309203833712,32.284536421352186,0.6666666666666666,TRUE,TRUE,0.012917785093064642,1,38
4117206,PR,NOVA OLÍMPIA,2017,5503,ate_20_mil,8.613048677059759,14.86461929856442,1.12,15.4,619.47,27.62,14.14,5.58,0.71,1,FALSE,33.46950749614684,30.638457600328728,71.2,61.2,12.048282833241474,33.46950749614684,30.638457600328728,71.2,61.2,12.048282833241474,1,1,1,1,0,TRUE,TRUE,TRUE,TRUE,TRUE,2017,33.46950749614684,30.638457600328728,32.053982548237784,-2.8310498958181114,48.14942761108049,0.6666666666666666,TRUE,TRUE,0.00744650458967149,1,45
4117453,PR,OURO VERDE DO OESTE,2024,5692,ate_20_mil,8.646816959209742,29.04075895994378,1.39,23.05,578.86,31.27,10.85,0.76,0.709,0,TRUE,36.19987669943866,51.876942192240975,69.98,54.3,25.055960387037008,36.19987669943866,51.876942192240975,69.98,54.3,25.055960387037008,1,1,1,1,0,TRUE,TRUE,TRUE,TRUE,TRUE,2017,36.19987669943866,51.876942192240975,44.03840944583982,15.677065492802313,49.77865346234567,0.6666666666666666,TRUE,TRUE,0.013104816024093954,1,54
4117909,PR,PALOTINA,2017,28683,20_a_50_mil,10.264059891753556,14.074538925495938,0.98,14.02,904.85,19.61,6.18,4.59,0.768,1,FALSE,59.978925572057726,35.24148872723865,41.31,54.2,37.257606991458744,59.978925572057726,35.24148872723865,41.31,54.2,37.257606991458744,1,1,1,1,1,TRUE,TRUE,TRUE,TRUE,TRUE,2017,59.978925572057726,35.24148872723865,47.61020714964819,-24.73743684481908,44.255868997152916,1,TRUE,TRUE,0.023216625124068208,1,46
4118857,PR,PEROBAL,2017,5653,ate_20_mil,8.63994165667529,45.51565540421015,1.8,24.69,565.43,26.08,13.1,5.17,0.713,1,FALSE,21.55953807241747,26.589942586364188,41.97,36.6,21.20845926710029,21.55953807241747,26.589942586364188,41.97,36.6,21.20845926710029,0,0,1,1,0,TRUE,TRUE,TRUE,TRUE,TRUE,2017,21.55953807241747,26.589942586364188,24.074740329390828,5.030404513946717,33.25948642236676,0.6666666666666666,TRUE,TRUE,0.008311561713368255,1,47
4119657,PR,PITANGUEIRAS,2024,2814,ate_20_mil,7.942362237674335,27.50533049040512,0.61,18.08,518.34,45.22,13.19,6.65,0.71,0,TRUE,100,100,74.18,59,19.239354277738368,100,100,74.18,59,19.239354277738368,1,1,1,1,0,TRUE,TRUE,TRUE,TRUE,TRUE,2017,100,100,100,0,50.80645142591279,0.6666666666666666,TRUE,TRUE,0.0213691081092528,1,36
4120002,PR,PORECATU,2024,14189,ate_20_mil,9.560222295507314,19.360067658044965,0.47,13.84,742.25,9.65,10.06,1.96,0.738,0,TRUE,0,62.93615495731715,35.72,25,5.272028883387687,0,62.93615495731715,35.72,25,5.272028883387687,0,1,1,0,0,TRUE,TRUE,TRUE,TRUE,TRUE,2017,0,62.93615495731715,31.468077478658575,62.93615495731715,21.997342961129227,0.3333333333333333,TRUE,TRUE,0.019498719586430097,1,48
4120150,PR,PORTO BARREIRO,2017,3663,ate_20_mil,8.206037762778815,81.13568113568114,4.95,40.02,535.4,77.97,11.34,0.13,0.688,1,FALSE,0,82.21098742008728,39.07,75.7,23.951611206932817,0,82.21098742008728,39.07,75.7,23.951611206932817,0,1,1,1,0,TRUE,TRUE,TRUE,TRUE,TRUE,2017,0,82.21098742008728,41.10549371004364,82.21098742008728,46.24053706897761,0.6666666666666666,TRUE,TRUE,0.018955807453085297,1,48
4120903,PR,QUEDAS DO IGUAÇU,2022,30605,20_a_50_mil,10.32891867328517,31.42623754288515,12.23,36.1,586.88,32.27,12.02,3.48,0.681,0,TRUE,44.47078160570648,41.107325239250436,58.06,32.2,70.48309753358969,44.47078160570648,41.107325239250436,58.06,32.2,70.48309753358969,1,1,1,1,1,TRUE,TRUE,TRUE,TRUE,TRUE,2017,44.47078160570648,41.107325239250436,42.78905342247846,-3.3634563664560417,53.58103251119656,1,TRUE,TRUE,0.02151433951990524,1,46
4121802,PR,RIBEIRÃO CLARO,,10678,ate_20_mil,9.275940829060131,33.64862333770369,5.29,28.99,639.91,27.58,7.94,1.93,0.716,0,TRUE,29.943698633940464,30.866518719499698,56.69,52.7,23.545525585983835,29.943698633940464,30.866518719499698,56.69,52.7,23.545525585983835,0,1,1,1,0,TRUE,TRUE,TRUE,TRUE,TRUE,2017,29.943698633940464,30.866518719499698,30.405108676720083,0.9228200855592341,44.31184186199461,0.6666666666666666,TRUE,TRUE,0.01204953564444033,1,29
4122602,PR,RONDON,2017,8996,ate_20_mil,9.104535313079205,20.008892841262785,0.2,10.64,724.58,22.62,11.39,2.69,0.713,1,FALSE,48.89655738602156,69.07831771360017,61.4,72.7,4.693106903815637,48.89655738602156,69.07831771360017,61.4,72.7,4.693106903815637,1,1,1,1,0,TRUE,TRUE,TRUE,TRUE,TRUE,2017,48.89655738602156,69.07831771360017,58.98743754981086,20.18176032757861,46.264368967938545,0.6666666666666666,TRUE,TRUE,0.01591411785655216,1,49
4122701,PR,SABÁUDIA,2024,6096,ate_20_mil,8.715388097366482,16.387795275590552,1.35,18.11,663.2,32.99,10.51,2.57,0.74,0,TRUE,43.90809157990498,42.88937769523552,51.48,53.7,31.187348364716023,43.90809157990498,42.88937769523552,51.48,53.7,31.187348364716023,1,1,1,1,1,TRUE,TRUE,TRUE,TRUE,TRUE,2017,43.90809157990498,42.88937769523552,43.39873463757025,-1.0187138846694666,45.45578278823867,1,TRUE,TRUE,0.015573768519403555,1,44
4123006,PR,SALTO DO LONTRA,2026,13689,ate_20_mil,9.524347869595513,45.71553802323033,1.64,23.47,650.57,38.78,10.5,2.61,0.718,0,TRUE,39.27394184190829,25.22355283837464,26.32,37.2,0,39.27394184190829,25.22355283837464,26.32,37.2,,1,0,0,1,0,TRUE,TRUE,TRUE,TRUE,FALSE,2017,39.27394184190829,25.22355283837464,32.24874734014146,-14.050389003533649,21.173333333333336,0.3333333333333333,TRUE,FALSE,0.014193608232590861,1,39
4123600,PR,SANTA INÊS,2024,1818,ate_20_mil,7.505492274737424,34.433443344334435,2.14,22.81,533.95,40.02,14.05,5.44,0.717,0,TRUE,50.17836203172252,27.564472031108885,26.79,42.7,5.995966490847037,50.17836203172252,27.564472031108885,26.79,42.7,5.995966490847037,1,0,0,1,0,TRUE,TRUE,TRUE,TRUE,TRUE,2017,50.17836203172252,27.564472031108885,38.8714170314157,-22.613890000613637,25.161988830282347,0.3333333333333333,TRUE,TRUE,0.006778232869843578,1,34
4123956,PR,SANTA MÔNICA,2022,3571,ate_20_mil,8.18060094759445,58.69504340520862,0.27,26.26,614.27,36.92,13.81,13.15,0.704,0,TRUE,35.163062955441404,34.49047602988561,33.85,50,0,35.163062955441404,34.49047602988561,33.85,50,0,1,1,1,1,0,TRUE,TRUE,TRUE,TRUE,TRUE,2017,35.163062955441404,34.49047602988561,34.82676949266351,-0.672586925555791,27.95,0.6666666666666666,TRUE,TRUE,0.004161971265133858,1,50
4125555,PR,SÃO MANOEL DO PARANÁ,2017,2098,ate_20_mil,7.6487397889562425,44.75691134413727,0.38,12.33,710.62,26.59,14.31,17.34,0.725,1,FALSE,30.724154010125236,31.89638849911931,32.62,54.1,27.07419778883036,30.724154010125236,31.89638849911931,32.62,54.1,27.07419778883036,1,1,1,1,0,TRUE,TRUE,TRUE,TRUE,TRUE,2017,30.724154010125236,31.89638849911931,31.310271254622272,1.172234488994075,37.93139926294345,0.6666666666666666,TRUE,TRUE,0.0027411256807655586,1,50
4126272,PR,SAUDADE DO IGUAÇU,2025,5028,ate_20_mil,8.522777569710138,50.21877486077963,4.08,30.45,604.56,21.25,8.98,3.64,0.699,0,TRUE,34.638649685216,34.2216059156552,49.29,52,40.98414592259161,34.638649685216,34.2216059156552,49.29,52,40.98414592259161,1,1,1,1,1,TRUE,TRUE,TRUE,TRUE,TRUE,2017,34.638649685216,34.2216059156552,34.4301278004356,-0.4170437695607987,47.42471530753053,1,TRUE,TRUE,0.006711985594940686,1,47
4126504,PR,SERTANÓPOLIS,2017,15638,ate_20_mil,9.65745912868446,12.32254764036322,0.85,16.31,701.27,19.95,7.23,1.03,0.723,1,FALSE,33.27880752807212,38.67890188493146,67.89,57.3,37.351059235822184,33.27880752807212,38.67890188493146,67.89,57.3,37.351059235822184,1,1,1,1,1,TRUE,TRUE,TRUE,TRUE,TRUE,2017,33.27880752807212,38.67890188493146,35.97885470650179,5.400094356859341,54.180353078607396,1,TRUE,TRUE,0.013125837620327003,1,51
4126801,PR,TAPEJARA,2017,14598,ate_20_mil,9.588639812011577,9.809562953829293,0.59,18.47,599.13,10.28,12.6,1.48,0.703,1,FALSE,34.52286644787305,29.872162060896578,48.15,42.20000000000001,27.073153852370087,34.52286644787305,29.872162060896578,48.15,42.20000000000001,27.073153852370087,1,0,1,1,0,TRUE,TRUE,TRUE,TRUE,TRUE,2017,34.52286644787305,29.872162060896578,32.197514254384814,-4.6507043869764715,39.141051284123364,0.6666666666666666,TRUE,TRUE,0.011319087672412034,1,52
4127106,PR,TELÊMACO BORBA,,69872,50_a_100_mil,11.154420275725343,2.049461873139455,2.53,23.58,732.78,8.38,7.83,2.82,0.734,0,TRUE,32.811313756751396,34.16345227556683,35.3,53,27.791367125050026,32.811313756751396,34.16345227556683,35.3,53,27.791367125050026,1,1,1,1,0,TRUE,TRUE,TRUE,TRUE,TRUE,2017,32.811313756751396,34.16345227556683,33.487383016159114,1.352138518815437,38.697122375016676,0.6666666666666666,TRUE,TRUE,0.025093693568522746,1,32
4127403,PR,TERRA ROXA,2017,16759,ate_20_mil,9.726690706384874,23.61716092845635,1.98,21.29,611.85,27.73,10.73,4.47,0.714,1,FALSE,37.27878460499662,44.543361712831405,60.82,84.4,31.716709913917384,37.27878460499662,44.543361712831405,60.82,84.4,31.716709913917384,1,1,1,1,1,TRUE,TRUE,TRUE,TRUE,TRUE,2017,37.27878460499662,44.543361712831405,40.911073158914014,7.264577107834782,58.97890330463913,1,TRUE,TRUE,0.015622247945343675,1,53
4128559,PR,VERA CRUZ DO OESTE,2017,8973,ate_20_mil,9.101975347298058,23.514989412682493,6.32,33.81,632.91,29.47,12,2.33,0.699,1,FALSE,32.60118226600986,43.3865970051972,42.29,29,28.671005800283368,32.60118226600986,43.3865970051972,42.29,29,28.671005800283368,1,1,1,0,0,TRUE,TRUE,TRUE,TRUE,TRUE,2017,32.60118226600986,43.3865970051972,37.99388963560353,10.785414739187345,33.32033526676112,0.3333333333333333,TRUE,TRUE,0.012676141531080461,1,54
4128625,PR,ALTO PARAÍSO,2017,3206,ate_20_mil,8.072779333169498,44.728633811603245,6.99,35.17,540.24,35.32,15.65,22.93,0.678,1,FALSE,38.00738210139041,38.167448872791645,64.89,93.1,4.741786253776435,38.00738210139041,38.167448872791645,64.89,93.1,4.741786253776435,1,1,1,1,0,TRUE,TRUE,TRUE,TRUE,TRUE,2017,38.00738210139041,38.167448872791645,38.08741548709103,0.16006677140123315,54.24392875125881,0.6666666666666666,TRUE,TRUE,0.0020846433234941023,1,55
4318200,RS,SÃO FRANCISCO DE PAULA,2017,20537,20_a_50_mil,9.929983416340093,36.68013828699421,2.64,28.77,628.15,30.31,7.92,2.67,0.685,1,FALSE,42.05208912321936,14.12563122082782,52.84,39.2,29.362654256104754,42.05208912321936,14.12563122082782,52.84,39.2,29.362654256104754,1,0,1,1,0,TRUE,TRUE,TRUE,TRUE,TRUE,2017,42.05208912321936,14.12563122082782,28.08886017202359,-27.92645790239154,40.46755141870159,0.6666666666666666,TRUE,TRUE,0.007381185685379817,1,56
4318408,RS,SÃO JERÔNIMO,2024,22134,20_a_50_mil,10.00487016682473,22.946597994036324,4.33,26.91,768.93,23.94,9.07,8.19,0.696,0,TRUE,38.97222447243712,17.46140652955872,21.37,45.6,26.59478972780211,38.97222447243712,17.46140652955872,21.37,45.6,26.59478972780211,1,0,0,1,0,TRUE,TRUE,TRUE,TRUE,TRUE,2017,38.97222447243712,17.46140652955872,28.216815500997917,-21.5108179428784,31.188263242600705,0.3333333333333333,TRUE,TRUE,0.005844762555080388,1,56
1501907,PA,BUJARU,2018,25695,20_a_50_mil,10.15405169942633,68.48024907569567,31.25,81.17,174.18,68.03,15.85,6.14,0.552,1,FALSE,60.98478685967849,63.052738151829885,34.5,54.85526028203732,26.533997355287294,60.98478685967849,63.052738151829885,34.5,54.85526028203732,26.533997355287294,1,1,1,1,0,TRUE,TRUE,TRUE,TRUE,TRUE,2018,60.98478685967849,63.052738151829885,62.01876250575419,2.067951292151392,38.62975254577487,0.6666666666666666,TRUE,TRUE,0.01350146334565022,1,1
1504000,PA,LIMOEIRO DO AJURU,2023,25021,20_a_50_mil,10.127470751247781,75.23280444426682,38.31,80.77,172.12,69.93,16.11,6.84,0.541,0,TRUE,46.588394858617306,20.0943377597161,18.6,30.829006496486784,31.197918176489797,46.588394858617306,20.0943377597161,18.6,30.829006496486784,31.197918176489797,1,0,0,1,1,TRUE,TRUE,TRUE,TRUE,TRUE,2018,46.588394858617306,20.0943377597161,33.3413663091667,-26.494057098901205,26.87564155765886,0.6666666666666666,TRUE,TRUE,0.014243507978316394,1,1
1701002,TO,ANANÁS,2018,9865,ate_20_mil,9.196748418456716,17.445514445007603,6.81,52.11,380.36,30.96,21.03,16.3,0.671,1,FALSE,23.605772356766632,29.443633108776556,19.7,0.46856418183346105,5.221380944763199,23.605772356766632,29.443633108776556,19.7,0.46856418183346105,5.221380944763199,0,0,0,0,0,TRUE,TRUE,TRUE,TRUE,TRUE,2018,23.605772356766632,29.443633108776556,26.524702732771594,5.837860752009924,8.463315042198886,0,TRUE,TRUE,0.03448314380728749,1,2
1701051,TO,ANGICO,2018,3175,ate_20_mil,8.063062911326792,38.96062992125984,13.51,62.42,288.86,37.81,18.62,25.84,0.648,1,FALSE,17.0090765314245,7.1995472016005895,16.5,4.637723387723388,0,17.0090765314245,7.1995472016005895,16.5,4.637723387723388,0,0,0,0,0,0,TRUE,TRUE,TRUE,TRUE,TRUE,2018,17.0090765314245,7.1995472016005895,12.104311866512546,-9.809529329823912,7.045907795907796,0,TRUE,TRUE,0.03704873923403749,1,3
1702307,TO,ARAPOEMA,2018,6742,ate_20_mil,8.816111895794005,19.089291011569262,4.03,49.44,442.33,39.64,19.12,12.36,0.68,1,FALSE,29.89271377211856,39.828977406911754,31.3,14.625200374866978,34.06370068552953,29.89271377211856,39.828977406911754,31.3,14.625200374866978,34.06370068552953,0,1,1,0,1,TRUE,TRUE,TRUE,TRUE,TRUE,2018,29.89271377211856,39.828977406911754,34.86084558951516,9.936263634793193,26.66296702013217,0.6666666666666666,TRUE,TRUE,0.022351378374336317,1,4
1703305,TO,BOM JESUS DO TOCANTINS,,3768,ate_20_mil,8.234299635696253,25,10.31,50.49,381.43,31.81,16.23,13.96,0.66,0,TRUE,0,0,3.1,0,0,0,0,3.1,0,0,0,0,0,0,0,TRUE,TRUE,TRUE,TRUE,TRUE,2018,0,0,0,0,1.0333333333333334,0,TRUE,TRUE,0.012910827043388766,1,10
1703800,TO,BURITI DO TOCANTINS,2018,9768,ate_20_mil,9.18686701579054,23.68959868959869,19.26,71.67,287.05,36.53,24.53,17.39,0.627,1,FALSE,5.329207526943725,0,5.5,3.9000131222956163,1.4887350487248208,5.329207526943725,0,5.5,3.9000131222956163,1.4887350487248208,0,0,0,0,0,TRUE,TRUE,TRUE,TRUE,TRUE,2018,5.329207526943725,0,2.6646037634718627,-5.329207526943725,3.629582723673479,0,TRUE,TRUE,0.038596982506652,1,5
1703891,TO,CARRASCO BONITO,2025,3688,ate_20_mil,8.212839584676484,46.664859002169194,28.14,76.27,234.45,50.83,32.02,20.82,0.594,0,TRUE,0,24.763620211254654,46.8,0,42.5459683007102,,24.763620211254654,46.8,0,42.5459683007102,0,0,1,0,1,FALSE,TRUE,TRUE,TRUE,TRUE,2018,0,24.763620211254654,12.381810105627327,24.763620211254654,29.781989433570065,0.6666666666666666,FALSE,TRUE,0.038629950118260724,1,3
1705557,TO,COMBINADO,,4669,ate_20_mil,8.448700194970938,14.32855001070893,4.18,48.46,455.39,33.06,19.73,16.31,0.697,0,TRUE,27.920810103829563,30.01416271924209,35.9,0,11.169725394852627,27.920810103829563,30.01416271924209,35.9,0,11.169725394852627,0,1,1,0,0,TRUE,TRUE,TRUE,TRUE,TRUE,2018,27.920810103829563,30.01416271924209,28.967486411535827,2.0933526154125275,15.689908464950875,0.3333333333333333,TRUE,TRUE,0.03545719055311175,1,2
1707306,TO,DUERÉ,2018,4592,ate_20_mil,8.432070937999402,33.471254355400696,6.86,51.46,467.9,44.69,13.54,11.38,0.679,1,FALSE,0,0,28.8,0,56.544939936710804,0,0,28.8,0,56.544939936710804,0,0,0,0,1,TRUE,TRUE,TRUE,TRUE,TRUE,2018,0,0,0,0,28.448313312236934,0.3333333333333333,TRUE,TRUE,0.010325806098954836,1,6
1707553,TO,FÁTIMA,2024,3805,ate_20_mil,8.244071270295786,17.608409986859396,7.95,49.93,464.94,19.83,16.26,18.35,0.697,0,TRUE,57.93290920729357,72.36463835035896,100,18.76526926832994,24.57853925374367,57.93290920729357,72.36463835035896,100,18.76526926832994,24.57853925374367,1,1,1,0,0,TRUE,TRUE,TRUE,TRUE,TRUE,2018,57.93290920729357,72.36463835035896,65.14877377882627,14.43172914306539,47.78126950735787,0.3333333333333333,TRUE,TRUE,0.039792151884481854,1,11
1707702,TO,FILADÉLFIA,2025,8505,ate_20_mil,9.048409504829962,34.88536155202822,19.95,66.54,291.57,40.07,20.87,16.53,0.621,0,TRUE,32.895497351426144,7.575814815654333,15.3,1.0991158223828832,13.491432015470936,32.895497351426144,7.575814815654333,15.3,1.0991158223828832,13.491432015470936,1,0,0,0,0,TRUE,TRUE,TRUE,TRUE,TRUE,2018,32.895497351426144,7.575814815654333,20.23565608354024,-25.31968253577181,9.963515945951274,0,TRUE,TRUE,0.03224329114642974,1,12
1708254,TO,FORTALEZA DO TABOCÃO,2018,2419,ate_20_mil,7.791109510610028,18.64406779661017,9.64,50.56,370,23.6,18.97,23.13,0.659,1,FALSE,0,5.475389655312742,32.1,16.52032212345453,27.095162240026916,,5.475389655312742,32.1,16.52032212345453,27.095162240026916,0,0,1,0,0,FALSE,TRUE,TRUE,TRUE,TRUE,2018,0,5.475389655312742,2.737694827656371,5.475389655312742,25.23849478782715,0.3333333333333333,FALSE,TRUE,0.021203159332164764,1,7
1708304,TO,GOIANORTE,,4956,ate_20_mil,8.508354242749032,44.30992736077482,15.9,61,329.64,54.06,17.96,14.62,0.621,0,TRUE,2.1538309113504734,0,18.4,0,0,2.1538309113504734,0,18.4,0,0,0,0,0,0,0,TRUE,TRUE,TRUE,TRUE,TRUE,2018,2.1538309113504734,0,1.0769154556752367,-2.1538309113504734,6.133333333333333,0,TRUE,TRUE,0.011692796382968936,1,6
1711100,TO,ITAPORÃ DO TOCANTINS,2018,2445,ate_20_mil,7.801800401908973,36.07361963190184,5.56,51.72,363.13,50.91,20.47,12.96,0.65,1,FALSE,9.391006315254991,9.339130091491398,42.4,13.716511093340413,21.93257370553603,9.391006315254991,9.339130091491398,42.4,13.716511093340413,21.93257370553603,0,0,1,0,0,TRUE,TRUE,TRUE,TRUE,TRUE,2018,9.391006315254991,9.339130091491398,9.365068203373195,-0.05187622376359258,26.01636159962548,0.3333333333333333,TRUE,TRUE,0.010360291710497661,1,8
1715507,TO,OLIVEIRA DE FÁTIMA,2026,1037,ate_20_mil,6.9440872082295275,21.215043394406944,12.56,52.49,396.97,32.59,18.26,18.06,0.675,0,TRUE,9.071540102437506,22.378963679655318,21.8,1.304451902549597,19.962923728813557,9.071540102437506,22.378963679655318,21.8,1.304451902549597,19.962923728813557,0,0,0,0,0,TRUE,TRUE,TRUE,TRUE,TRUE,2018,9.071540102437506,22.378963679655318,15.725251891046412,13.307423577217811,14.355791877121051,0,TRUE,TRUE,0.021681172461802456,1,7
1716703,TO,COLMÉIA,2025,8611,ate_20_mil,9.060795734696166,26.024851933573338,4.81,46.34,442.96,30.98,20.32,8.45,0.671,0,TRUE,10.740464981339573,9.337576949040637,42.9,9.952411457856684,2.672150871596855,10.740464981339573,9.337576949040637,42.9,9.952411457856684,2.672150871596855,0,0,1,0,0,TRUE,TRUE,TRUE,TRUE,TRUE,2018,10.740464981339573,9.337576949040637,10.039020965190105,-1.4028880322989359,18.50818744315118,0.3333333333333333,TRUE,TRUE,0.011414363151028433,1,8
1717503,TO,PIUM,,6694,ate_20_mil,8.808966881771273,43.546459515984466,8.95,49.8,411.25,45.01,20.77,17.45,0.65,0,TRUE,37.814140277722785,36.18214285714286,32,2.18554026373947,6.568417370009183,37.814140277722785,36.18214285714286,32,2.18554026373947,6.568417370009183,1,1,1,0,0,TRUE,TRUE,TRUE,TRUE,TRUE,2018,37.814140277722785,36.18214285714286,36.998141567432825,-1.6319974205799284,13.584652544582884,0.3333333333333333,TRUE,TRUE,0.02051216168556807,1,4
1718709,TO,RIO DOS BOIS,2018,2570,ate_20_mil,7.851661177889265,59.961089494163424,15.8,60.07,310.91,39.44,20.64,18.77,0.616,1,FALSE,13.187823956598596,0,0,0,0,13.187823956598596,0,0,0,0,0,0,0,0,0,TRUE,TRUE,TRUE,TRUE,TRUE,2018,13.187823956598596,0,6.593911978299298,-13.187823956598596,0,0,TRUE,TRUE,0.009507337694862162,1,9
1718881,TO,SANTA MARIA DO TOCANTINS,2018,2894,ate_20_mil,7.970394907191429,40.39391845196959,15.29,57.81,334.09,42.77,19.17,16.1,0.634,1,FALSE,0,3.3249260319154095,95.8,2.4334302928686053,0.20097809338782074,0,3.3249260319154095,95.8,2.4334302928686053,0.20097809338782074,0,0,1,0,0,TRUE,TRUE,TRUE,TRUE,TRUE,2018,0,3.3249260319154095,1.6624630159577047,3.3249260319154095,32.811469462085476,0.3333333333333333,TRUE,TRUE,0.012746527751383978,1,10
1718899,TO,SANTA RITA DO TOCANTINS,,2128,ate_20_mil,7.662937850461535,56.8609022556391,9.14,55.52,402.99,43.41,16.1,22.28,0.651,0,TRUE,11.62998086098956,16.797050194742788,52.4,5.601363952782814,5.376344086021505,11.62998086098956,16.797050194742788,52.4,5.601363952782814,5.376344086021505,0,0,1,0,0,TRUE,TRUE,TRUE,TRUE,TRUE,2018,11.62998086098956,16.797050194742788,14.213515527866175,5.167069333753227,21.125902679601438,0.3333333333333333,TRUE,TRUE,0.010529650275139375,1,9
1720309,TO,SÃO SEBASTIÃO DO TOCANTINS,2018,4283,ate_20_mil,8.36240897761537,23.34812047630166,29.96,77.93,198.01,39.88,28.25,24.28,0.573,1,FALSE,0,2.5282374573154716,25.3,22.411739416815557,29.438459181027373,,2.5282374573154716,25.3,22.411739416815557,29.438459181027373,0,0,0,0,0,FALSE,TRUE,TRUE,TRUE,TRUE,2018,0,2.5282374573154716,1.2641187286577358,2.5282374573154716,25.716732865947645,0,FALSE,TRUE,0.04159280952315423,1,11
1720655,TO,SILVANÓPOLIS,,5068,ate_20_mil,8.53070154144103,19.869771112865035,12.59,53.07,423.43,33.79,19.15,16.36,0.675,0,TRUE,30.125541042246084,9.61980351112949,54.2,8.491770297775215,22.91392209709346,30.125541042246084,9.61980351112949,54.2,8.491770297775215,22.91392209709346,1,0,1,0,0,TRUE,TRUE,TRUE,TRUE,TRUE,2018,30.125541042246084,9.61980351112949,19.872672276687787,-20.505737531116594,28.53523079828956,0.3333333333333333,TRUE,TRUE,0.03885002991280906,1,5
1720804,TO,SÍTIO NOVO DO TOCANTINS,2018,9148,ate_20_mil,9.121290555142672,46.70966331438566,32.02,68.65,245.11,57,28.06,4.47,0.604,1,FALSE,17.49958135492287,26.767997121307268,23.400000000000002,7.6543051958900685,0,17.49958135492287,26.767997121307268,23.400000000000002,7.6543051958900685,0,0,0,0,0,0,TRUE,TRUE,TRUE,TRUE,TRUE,2018,17.49958135492287,26.767997121307268,22.13378923811507,9.268415766384397,10.351435065296691,0,TRUE,TRUE,0.03102924284849942,1,12
2100105,MA,AFONSO CUNHA,2018,5905,ate_20_mil,8.683554728631462,45.23285351397121,45.54,82.32,149.78,29.8,38.74,10.9,0.529,1,FALSE,14.694650583290253,27.58894747572096,39.8,32.767083142746074,61.11685724785497,14.694650583290253,27.58894747572096,39.8,32.767083142746074,61.11685724785497,0,0,1,1,1,TRUE,TRUE,TRUE,TRUE,TRUE,2018,14.694650583290253,27.58894747572096,21.141799029505606,12.894296892430708,44.56131346353368,1,TRUE,TRUE,0.02493252458423289,1,13
2100709,MA,ANAJATUBA,2025,25291,20_a_50_mil,10.138203880202953,72.26286030603772,39.99,74.57,207.65,65.85,29.52,6.31,0.581,0,TRUE,17.05371853050684,34.88897985117484,30.2,0,35.25261392117345,17.05371853050684,34.88897985117484,30.2,0,35.25261392117345,0,1,1,0,1,TRUE,TRUE,TRUE,TRUE,TRUE,2018,17.05371853050684,34.88897985117484,25.97134919084084,17.835261320668,21.817537973724484,0.6666666666666666,TRUE,TRUE,0.040525827756389035,1,25
2101905,MA,BEQUIMÃO,2018,20344,20_a_50_mil,9.920541307101956,67.5285096342902,34.72,77.31,190.84,44.45,26.27,1.94,0.601,1,FALSE,28.81554368531901,16.6921992481203,30.600000000000005,26.383444838853197,6.506621444338975,28.81554368531901,16.6921992481203,30.600000000000005,26.383444838853197,6.506621444338975,0,0,1,0,0,TRUE,TRUE,TRUE,TRUE,TRUE,2018,28.81554368531901,16.6921992481203,22.753871466719655,-12.12334443719871,21.163355427730725,0.3333333333333333,TRUE,TRUE,0.027908518176563844,1,14
2102077,MA,BOM LUGAR,2026,14818,ate_20_mil,9.603597936976602,71.78431637198003,32.02,82.33,164.44,64.45,34.59,2.74,0.562,0,TRUE,29.600954513896166,23.695083575135886,12.3,0,41.48456790123456,29.600954513896166,23.695083575135886,12.3,,41.48456790123456,0,0,0,0,1,TRUE,TRUE,TRUE,FALSE,TRUE,2018,29.600954513896166,23.695083575135886,26.648019044516026,-5.90587093876028,17.92818930041152,0.3333333333333333,TRUE,FALSE,0.019578702304350853,1,27
2103505,MA,COLINAS,2018,39132,20_a_50_mil,10.574695825577319,34.644280895430846,30.88,71.52,279.81,47.1,32.61,5.22,0.596,1,FALSE,4.958890565967927,25.653302048929206,19.9,18.008746504402,39.10781508642876,4.958890565967927,25.653302048929206,19.9,18.008746504402,39.10781508642876,0,0,0,0,1,TRUE,TRUE,TRUE,TRUE,TRUE,2018,4.958890565967927,25.653302048929206,15.306096307448566,20.69441148296128,25.672187196943586,0.3333333333333333,TRUE,TRUE,0.037848877288224544,1,15
2103703,MA,CURURUPU,2024,32652,20_a_50_mil,10.393661388571246,31.795908367021926,21.45,71.72,274.39,49.86,18.86,2.88,0.612,0,TRUE,35.97118840648367,28.984373623818467,10.7,5.730277783325627,47.10851620971177,35.97118840648367,28.984373623818467,10.7,5.730277783325627,47.10851620971177,1,0,0,0,1,TRUE,TRUE,TRUE,TRUE,TRUE,2018,35.97118840648367,28.984373623818467,32.477781015151066,-6.986814782665203,21.17959799767913,0.3333333333333333,TRUE,TRUE,0.021768519877803153,1,28
2103901,MA,DUQUE BACELAR,2024,10649,ate_20_mil,9.273221270015384,49.85444642689455,41.83,81.63,163.87,52.34,35.1,5.69,0.533,0,TRUE,36.7126799122573,32.4729278227198,46.6,20.89503404197615,23.726488690828727,36.7126799122573,32.4729278227198,46.6,20.89503404197615,23.726488690828727,1,1,1,0,0,TRUE,TRUE,TRUE,TRUE,TRUE,2018,36.7126799122573,32.4729278227198,34.59280386748855,-4.239752089537504,30.407174244268294,0.3333333333333333,TRUE,TRUE,0.025452031832569263,1,13
2104057,MA,ESTREITO,2018,35835,20_a_50_mil,10.48668034842802,28.064741174829077,10.52,46.88,503.29,12.16,16.18,5.96,0.659,1,FALSE,33.56985337966711,30.2284994570659,34.6,0,0,33.56985337966711,30.2284994570659,34.6,0,0,1,1,1,0,0,TRUE,TRUE,TRUE,TRUE,TRUE,2018,33.56985337966711,30.2284994570659,31.899176418366505,-3.3413539226012077,11.533333333333333,0.3333333333333333,TRUE,TRUE,0.009771033098446704,1,16
2104701,MA,GRAÇA ARANHA,2024,6140,ate_20_mil,8.722580021141189,52.57328990228013,30.44,72.32,227.51,50.29,32.07,4.32,0.57,0,TRUE,29.842703086143928,31.973658719132864,33.7,32.243159929396434,4.630523149646513,29.842703086143928,31.973658719132864,33.7,32.243159929396434,4.630523149646513,0,1,1,1,0,TRUE,TRUE,TRUE,TRUE,TRUE,2018,29.842703086143928,31.973658719132864,30.908180902638396,2.130955632988936,23.52456102634765,0.6666666666666666,TRUE,TRUE,0.014255474952596854,1,20
2105708,MA,LAGO DA PEDRA,2024,46083,20_a_50_mil,10.738199397417254,34.80025171972311,21.54,70.17,263.13,36.38,33.27,5.76,0.589,0,TRUE,40.89324442893854,28.15653093360796,0,0,34.30833122330972,40.89324442893854,28.15653093360796,0,0,34.30833122330972,1,0,0,0,1,TRUE,TRUE,TRUE,TRUE,TRUE,2018,40.89324442893854,28.15653093360796,34.52488768127325,-12.736713495330577,11.436110407769908,0.3333333333333333,TRUE,TRUE,0.028141842577012216,1,21
2105922,MA,LAGOA DO MATO,2018,10934,ate_20_mil,9.299632479454944,59.27382476678251,31.48,69.85,210.29,60.78,36.23,8.33,0.566,1,FALSE,26.158891550327308,18.441361899257146,39.4,30.33934838517856,100,26.158891550327308,18.441361899257146,39.4,30.33934838517856,100,0,0,1,1,1,TRUE,TRUE,TRUE,TRUE,TRUE,2018,26.158891550327308,18.441361899257146,22.30012672479223,-7.717529651070162,56.57978279505952,1,TRUE,TRUE,0.02743022149383483,1,17
2106326,MA,MARACAÇUMÉ,2018,19155,ate_20_mil,9.860319057134749,17.36361263377708,18.28,70.33,239.38,24.54,27.65,8.71,0.582,1,FALSE,37.237632508172446,40.06743086643243,55.1,45.4801902063991,40.44492135808076,37.237632508172446,40.06743086643243,55.1,45.4801902063991,40.44492135808076,1,1,1,1,1,TRUE,TRUE,TRUE,TRUE,TRUE,2018,37.237632508172446,40.06743086643243,38.65253168730244,2.8297983582599855,47.00837052149329,1,TRUE,TRUE,0.016228891470663684,1,18
2106508,MA,MATINHA,2018,21885,20_a_50_mil,9.993556749624995,59.41055517477725,27.83,74.43,294.51,49.08,20.3,7.24,0.619,1,FALSE,31.333055681534866,31.09297864034354,29.5,21.47669266032908,14.902674184122807,31.333055681534866,31.09297864034354,29.5,21.47669266032908,14.902674184122807,1,1,0,0,0,TRUE,TRUE,TRUE,TRUE,TRUE,2018,31.333055681534866,31.09297864034354,31.213017160939202,-0.2400770411913271,21.959788948150628,0,TRUE,TRUE,0.026153955953014812,1,19
2106805,MA,MIRINZAL,2024,14218,ate_20_mil,9.562264046489428,36.48192432128288,24.47,69.09,239,51.55,18.25,4.89,0.622,0,TRUE,34.77370237749604,34.173741617981406,28.9,25.531280215597935,12.68732672937281,34.77370237749604,34.173741617981406,28.9,25.531280215597935,12.68732672937281,1,1,0,0,0,TRUE,TRUE,TRUE,TRUE,TRUE,2018,34.77370237749604,34.173741617981406,34.47372199773872,-0.5999607595146372,22.372868981656914,0,TRUE,TRUE,0.029351055912858758,1,17
2107308,MA,NOVA IORQUE,2018,4590,ate_20_mil,8.431635303054591,37.34204793028322,24.85,67.31,257.61,49.25,33.53,9.12,0.584,1,FALSE,0,0,1.9,0,0,,0,1.9,0,0,0,0,0,0,0,FALSE,TRUE,TRUE,TRUE,TRUE,2018,0,0,0,0,0.6333333333333333,0,FALSE,TRUE,0.015651687512282728,1,20
2108504,MA,PINDARÉ-MIRIM,2018,31152,20_a_50_mil,10.34663372761198,28.039933230611197,18.31,65.83,274.84,37.16,21.8,5.07,0.633,1,FALSE,29.44683745680637,30.351741021025823,29,23.01760916004973,0,29.44683745680637,30.351741021025823,29,23.01760916004973,0,0,1,0,0,0,TRUE,TRUE,TRUE,TRUE,TRUE,2018,29.44683745680637,30.351741021025823,29.899289238916097,0.9049035642194525,17.33920305334991,0,TRUE,TRUE,0.029785489130954513,1,21
2109502,MA,RIACHÃO,2025,20209,20_a_50_mil,9.913883328718248,49.5026968182493,29.23,66.34,281.53,44.89,21.79,5.54,0.576,0,TRUE,6.672576125617101,10.70897573406539,17.1,0,27.07503740615359,6.672576125617101,10.70897573406539,17.1,0,27.07503740615359,0,0,0,0,0,TRUE,TRUE,TRUE,TRUE,TRUE,2018,6.672576125617101,10.70897573406539,8.690775929841246,4.036399608448289,14.725012468717864,0,TRUE,TRUE,0.009346088594391651,1,16
2109601,MA,ROSÁRIO,2024,39576,20_a_50_mil,10.585978152907545,41.24722053769962,20.14,65.17,271.65,27.68,19.62,7.78,0.632,0,TRUE,28.160721607381188,21.284633203694206,33.3,4.076128243804155,51.90208460095891,28.160721607381188,21.284633203694206,33.3,4.076128243804155,51.90208460095891,0,0,1,0,1,TRUE,TRUE,TRUE,TRUE,TRUE,2018,28.160721607381188,21.284633203694206,24.722677405537695,-6.876088403686982,29.75940428158769,0.6666666666666666,TRUE,TRUE,0.026577963841040428,1,19
2109759,MA,SANTA FILOMENA DO MARANHÃO,2018,7061,ate_20_mil,8.862341963516347,67.52584619742247,49.12,86.03,140.76,70.39,34.57,5.03,0.525,1,FALSE,100,0,21.7,0,21.492261838028153,100,0,21.7,,21.492261838028153,1,0,0,0,0,TRUE,TRUE,TRUE,FALSE,TRUE,2018,100,0,50,-100,14.39742061267605,0,TRUE,FALSE,0.060995648226439915,1,22
2109809,MA,SANTA HELENA,2018,39110,20_a_50_mil,10.57413346774956,49.94119151112248,25.23,72.5,217.94,50.36,24.45,7.83,0.571,1,FALSE,40.204613142347675,36.293532215096995,45.39999999999999,32.38119479049118,19.77264674696891,40.204613142347675,36.293532215096995,45.39999999999999,32.38119479049118,19.77264674696891,1,1,1,1,0,TRUE,TRUE,TRUE,TRUE,TRUE,2018,40.204613142347675,36.293532215096995,38.249072678722335,-3.91108092725068,32.51794717915336,0.6666666666666666,TRUE,TRUE,0.01922421954409584,1,23
2110039,MA,SANTA LUZIA DO PARUÁ,2024,22644,20_a_50_mil,10.02765019515655,44.39586645468999,15.83,63.22,301.39,40.21,25.97,11.08,0.599,0,TRUE,54.079912108189795,33.21438900433697,33.5,35.11977184802261,27.206387954200927,54.079912108189795,33.21438900433697,33.5,35.11977184802261,27.206387954200927,1,1,1,1,0,TRUE,TRUE,TRUE,TRUE,TRUE,2018,54.079912108189795,33.21438900433697,43.647150556263384,-20.865523103852823,31.942053267407847,0.6666666666666666,TRUE,TRUE,0.019132684330686964,1,23
2110500,MA,SÃO BENTO,2023,40736,20_a_50_mil,10.614867501357134,42.29183032207384,31.08,73.94,210.47,43.81,21.23,5.14,0.602,0,TRUE,0,10.670797048788598,54.3,0,32.77049458491767,,10.670797048788598,54.3,0,32.77049458491767,0,0,1,0,1,FALSE,TRUE,TRUE,TRUE,TRUE,2018,0,10.670797048788598,5.335398524394299,10.670797048788598,29.023498194972557,0.6666666666666666,FALSE,TRUE,0.027363636764292595,1,14
2110708,MA,SÃO DOMINGOS DO MARANHÃO,2018,33607,20_a_50_mil,10.422489657586254,48.483946796798286,30.09,73.27,243.74,50.7,30.34,5.99,0.582,1,FALSE,0,1.9342919002347292,5.3,0,0,,1.9342919002347292,5.3,0,0,0,0,0,0,0,FALSE,TRUE,TRUE,TRUE,TRUE,2018,0,1.9342919002347292,0.9671459501173646,1.9342919002347292,1.7666666666666666,0,FALSE,TRUE,0.022956739333794107,1,24
2111003,MA,SÃO JOÃO BATISTA,2025,19920,ate_20_mil,9.899479531138589,73.1726907630522,45.59,84.89,171.53,60.59,23.74,9.07,0.598,0,TRUE,0,20.4046905136468,24.9,33.59983704732909,0,,20.4046905136468,24.9,33.59983704732909,0,0,0,0,1,0,FALSE,TRUE,TRUE,TRUE,TRUE,2018,0,20.4046905136468,10.2023452568234,20.4046905136468,19.49994568244303,0.3333333333333333,FALSE,TRUE,0.05944085110836325,1,22
2111508,MA,SÃO MATEUS DO MARANHÃO,2018,39093,20_a_50_mil,10.573698701813015,26.55462614790372,23.7,65.65,396.29,37.25,34.02,5.1,0.616,1,FALSE,44.614820080084925,24.648897833565844,28.4,11.14307201254178,12.8384967079119,44.614820080084925,24.648897833565844,28.4,11.14307201254178,12.8384967079119,1,0,0,0,0,TRUE,TRUE,TRUE,TRUE,TRUE,2018,44.614820080084925,24.648897833565844,34.63185895682538,-19.96592224651908,17.460522906817893,0,TRUE,TRUE,0.04220488225414284,1,25
2111532,MA,SÃO PEDRO DA ÁGUA BRANCA,2025,12028,ate_20_mil,9.394992544108419,10.941137346192216,14.53,69.44,289.7,28.87,31.05,8.36,0.605,0,TRUE,0,31.084748428909638,0,3.9719734360803685,0,0,31.084748428909638,0,3.9719734360803685,0,0,1,0,0,0,TRUE,TRUE,TRUE,TRUE,TRUE,2018,0,31.084748428909638,15.542374214454819,31.084748428909638,1.3239911453601227,0,TRUE,TRUE,0.014444581295927022,1,18
2111607,MA,SÃO RAIMUNDO DAS MANGABEIRAS,2018,17474,ate_20_mil,9.76846934085804,28.27629621151425,19.08,66.02,301.25,35.13,22.3,9.11,0.61,1,FALSE,27.326453144116275,38.83959259730215,38.8,17.11564016055086,3.2832502058812283,27.326453144116275,38.83959259730215,38.8,17.11564016055086,3.2832502058812283,0,1,1,0,0,TRUE,TRUE,TRUE,TRUE,TRUE,2018,27.326453144116275,38.83959259730215,33.083022870709215,11.513139453185875,19.73296345547736,0.3333333333333333,TRUE,TRUE,0.017969842055079132,1,26
2111706,MA,SÃO VICENTE FERRER,2024,20863,20_a_50_mil,9.945732534129874,73.96826918468102,41.57,82.75,184.71,58.8,28.48,5.38,0.592,0,TRUE,0,0,18.4,21.431759241079842,14.7132195296436,,0,18.4,21.431759241079842,14.7132195296436,0,0,0,0,0,FALSE,TRUE,TRUE,TRUE,TRUE,2018,0,0,0,0,18.181659590241146,0,FALSE,TRUE,0.03974756739575001,1,15
2111763,MA,SENADOR LA ROCQUE,2018,17998,ate_20_mil,9.798015919593894,51.44460495610623,18.87,67.21,277.19,47.31,31.98,9.88,0.602,1,FALSE,16.727713095234375,12.088793304334319,20.999999999999996,0,0,16.727713095234375,12.088793304334319,20.999999999999996,0,0,0,0,0,0,0,TRUE,TRUE,TRUE,TRUE,TRUE,2018,16.727713095234375,12.088793304334319,14.408253199784347,-4.638919790900056,6.999999999999999,0,TRUE,TRUE,0.020458211313819107,1,27
2112001,MA,TASSO FRAGOSO,,7796,ate_20_mil,8.961366060627451,40.379681888147765,27.43,69.54,264.76,46.23,19.43,9.19,0.599,0,TRUE,23.801946158566565,50.508165176232076,30,0,0,23.801946158566565,50.508165176232076,30,0,0,0,1,1,0,0,TRUE,TRUE,TRUE,TRUE,TRUE,2018,23.801946158566565,50.508165176232076,37.155055667399324,26.70621901766551,10,0.3333333333333333,TRUE,TRUE,0.016892743462998995,1,26
2112308,MA,TUNTUM,2024,39183,20_a_50_mil,10.575998258245631,54.24801572110354,31.92,73.56,221.27,54.64,32.42,2.97,0.572,0,TRUE,15.315462521867335,36.454757659595316,24.8,11.355744407197415,16.104649542587754,15.315462521867335,36.454757659595316,24.8,11.355744407197415,16.104649542587754,0,1,0,0,0,TRUE,TRUE,TRUE,TRUE,TRUE,2018,15.315462521867335,36.454757659595316,25.885110090731324,21.13929513772798,17.420131316595057,0,TRUE,TRUE,0.022999685862801864,1,24
2112803,MA,VIANA,2018,49496,20_a_50_mil,10.809647137210824,45.621868433812836,23.39,68.56,272.76,46.82,19.29,3.27,0.618,1,FALSE,26.145304817699866,23.477009193500887,34.6,17.212907586096883,13.564034661446003,26.145304817699866,23.477009193500887,34.6,17.212907586096883,13.564034661446003,0,0,1,0,0,TRUE,TRUE,TRUE,TRUE,TRUE,2018,26.145304817699866,23.477009193500887,24.81115700560038,-2.6682956241989793,21.792314082514295,0.3333333333333333,TRUE,TRUE,0.0229059218385758,1,28
2305233,CE,HORIZONTE,2026,55187,50_a_100_mil,10.918482697282624,7.498142678529364,7.51,54.91,322.78,6.42,16.74,4.27,0.658,0,TRUE,25.411951587264767,20.76268986888522,31.9,12.7394447474676,13.198814488452847,25.411951587264767,20.76268986888522,31.9,12.7394447474676,13.198814488452847,0,0,1,0,0,TRUE,TRUE,TRUE,TRUE,TRUE,2018,25.411951587264767,20.76268986888522,23.087320728074992,-4.649261718379545,19.279419745306814,0.3333333333333333,TRUE,TRUE,0.01760576420366348,1,32
2305407,CE,ICÓ,2018,65456,50_a_100_mil,11.08913344016918,53.46033977022733,24.65,66.06,274.01,39.61,34.96,7.58,0.606,1,FALSE,28.134140672869247,0,17.6,0,0,28.134140672869247,0,17.6,0,0,0,0,0,0,0,TRUE,TRUE,TRUE,TRUE,TRUE,2018,28.134140672869247,0,14.067070336434623,-28.134140672869247,5.866666666666667,0,TRUE,TRUE,0.04442318704148632,1,29
2306306,CE,ITAPAGÉ,2026,48350,20_a_50_mil,10.78622150088144,29.70010341261634,22.46,69.87,263.18,23.68,25.47,2.45,0.623,0,TRUE,21.861520785743593,25.302024403996775,21.5,0,15.92149254090148,21.861520785743593,25.302024403996775,21.5,0,15.92149254090148,0,0,0,0,0,TRUE,TRUE,TRUE,TRUE,TRUE,2018,21.861520785743593,25.302024403996775,23.581772594870184,3.4405036182531816,12.47383084696716,0,TRUE,TRUE,0.026515666643346904,1,30
2306603,CE,ITATIRA,2025,18894,ate_20_mil,9.84659969032908,49.60304858685297,33.92,75.39,196.02,44.55,35.73,3.85,0.562,0,TRUE,29.581016543719187,13.283041560194295,17.2,11.481511442499814,9.612631034514605,29.581016543719187,13.283041560194295,17.2,11.481511442499814,9.612631034514605,0,0,0,0,0,TRUE,TRUE,TRUE,TRUE,TRUE,2018,29.581016543719187,13.283041560194295,21.43202905195674,-16.29797498352489,12.764714159004805,0,TRUE,TRUE,0.025045257068859756,1,34
2307106,CE,JARDIM,2026,26688,20_a_50_mil,10.191969305158473,66.29946043165468,25.63,70.28,241.09,52.74,28.46,5.52,0.614,0,TRUE,17.20919132318482,25.926778860348392,59.1,18.839048077501086,10.885095800350857,17.20919132318482,25.926778860348392,59.1,18.839048077501086,10.885095800350857,0,0,1,0,0,TRUE,TRUE,TRUE,TRUE,TRUE,2018,17.20919132318482,25.926778860348392,21.56798509176661,8.71758753716357,29.608047959283983,0.3333333333333333,TRUE,TRUE,0.027552509729044276,1,33
2307403,CE,JUCÁS,2018,23807,20_a_50_mil,10.077734934062509,40.56369975217373,22.49,70.58,232.22,40.84,33.93,3.16,0.598,1,FALSE,31.544309442265465,34.73274697559797,39.4,30.243237345204648,29.89343378045733,31.544309442265465,34.73274697559797,39.4,30.243237345204648,29.89343378045733,1,1,1,1,0,TRUE,TRUE,TRUE,TRUE,TRUE,2018,31.544309442265465,34.73274697559797,33.13852820893172,3.188437533332504,33.17889037522066,0.6666666666666666,TRUE,TRUE,0.025548426185505773,1,30
2308609,CE,MONSENHOR TABOSA,2018,16705,ate_20_mil,9.723463354790857,43.95689913199641,29.71,71.01,237.18,45.64,32.33,11.33,0.61,1,FALSE,35.589179661901866,31.66828482138187,27.799999999999997,0,15.535936143016723,35.589179661901866,31.66828482138187,27.799999999999997,0,15.535936143016723,1,1,0,0,0,TRUE,TRUE,TRUE,TRUE,TRUE,2018,35.589179661901866,31.66828482138187,33.62873224164187,-3.9208948405199955,14.44531204767224,0,TRUE,TRUE,0.07155104449700973,1,31
2309706,CE,PACATUBA,2018,72299,50_a_100_mil,11.18856557679256,14.113611529896678,6.66,54.06,344.63,4.41,10.06,4.33,0.675,1,FALSE,21.888116801448447,5.639293390112593,3.7999999999999994,0,2.7818260759997147,21.888116801448447,5.639293390112593,3.7999999999999994,0,2.7818260759997147,0,0,0,0,0,TRUE,TRUE,TRUE,TRUE,TRUE,2018,21.888116801448447,5.639293390112593,13.76370509578052,-16.248823411335856,2.193942025333238,0,TRUE,TRUE,0.015709951188630382,1,32
2309805,CE,PACOTI,,11607,ate_20_mil,9.359363643368622,59.119496855345915,17,64.75,279.49,43.23,22.2,3.63,0.635,0,TRUE,26.162896419473782,37.56846131438631,27.9,8.037378786595086,7.253062336621681,26.162896419473782,37.56846131438631,27.9,8.037378786595086,7.253062336621681,0,1,0,0,0,TRUE,TRUE,TRUE,TRUE,TRUE,2018,26.162896419473782,37.56846131438631,31.865678866930047,11.40556489491253,14.396813707738922,0,TRUE,TRUE,0.013073430946988816,1,35
2310308,CE,PARAMBU,2018,31309,20_a_50_mil,10.351660875132662,54.945862212143474,28.46,74.35,211.05,48.72,38.04,3.82,0.57,1,FALSE,27.836258696029397,7.793475550063094,31.2,31.310134814003902,34.350121449128764,27.836258696029397,7.793475550063094,31.2,31.310134814003902,34.350121449128764,0,0,1,1,1,TRUE,TRUE,TRUE,TRUE,TRUE,2018,27.836258696029397,7.793475550063094,17.814867123046245,-20.042783145966304,32.28675208771089,1,TRUE,TRUE,0.02562668783910622,1,33
2311405,CE,QUIXERAMOBIM,2026,71887,50_a_100_mil,11.182850720685702,39.59408516143392,19.57,63.18,317.45,35.36,26.4,3.63,0.642,0,TRUE,39.46835044068246,43.82088640594027,45.4,31.706690336177353,33.2224227825964,39.46835044068246,43.82088640594027,45.4,31.706690336177353,33.2224227825964,1,1,1,1,1,TRUE,TRUE,TRUE,TRUE,TRUE,2018,39.46835044068246,43.82088640594027,41.644618423311364,4.352535965257815,36.77637103959125,1,TRUE,TRUE,0.04282508716730768,1,29
2311959,CE,SALITRE,2018,15453,ate_20_mil,9.645558438233694,59.47065294764771,30.94,78.59,176.75,60.23,43.41,1.55,0.54,1,FALSE,61.55844882050323,31.807127299360406,13.600000000000001,4.278143865539209,42.901447808383274,61.55844882050323,31.807127299360406,13.600000000000001,4.278143865539209,42.901447808383274,1,1,0,0,1,TRUE,TRUE,TRUE,TRUE,TRUE,2018,61.55844882050323,31.807127299360406,46.682788059931816,-29.751321521142824,20.259863891307496,0.3333333333333333,TRUE,TRUE,0.024238110563468838,1,34
2312106,CE,SANTANA DO CARIRI,2024,17170,ate_20_mil,9.75091895389152,48.61968549796156,33.68,74.39,212.7,51.87,32.97,2.84,0.612,0,TRUE,46.30654033410318,33.27918853270407,100,4.776930969273481,4.847678161586853,46.30654033410318,33.27918853270407,100,4.776930969273481,4.847678161586853,1,1,1,0,0,TRUE,TRUE,TRUE,TRUE,TRUE,2018,46.30654033410318,33.27918853270407,39.79286443340362,-13.027351801399114,36.541536376953445,0.3333333333333333,TRUE,TRUE,0.07234812907533453,1,31
2312502,CE,SÃO JOÃO DO JAGUARIBE,2018,7900,ate_20_mil,8.974618038455112,59.88607594936709,14.25,48.56,378.76,40.51,27.29,1.63,0.654,1,FALSE,32.750655716285884,32.845565549906574,34.9,27.78381450709641,18.174890971736986,32.750655716285884,32.845565549906574,34.9,27.78381450709641,18.174890971736986,1,1,1,0,0,TRUE,TRUE,TRUE,TRUE,TRUE,2018,32.750655716285884,32.845565549906574,32.79811063309623,0.09490983362069016,26.9529018262778,0.3333333333333333,TRUE,TRUE,0.012494203755159116,1,35
2918001,BA,JEQUIÉ,2024,151895,100_a_500_mil,11.930944771649745,8.2089601369367,7.88,50.24,473.92,8.77,16.85,5.73,0.665,0,TRUE,34.16144016154792,31.686294712952872,38.9,27.311165947136182,17.883170834013605,34.16144016154792,31.686294712952872,38.9,27.311165947136182,17.883170834013605,1,1,1,0,0,TRUE,TRUE,TRUE,TRUE,TRUE,2018,34.16144016154792,31.686294712952872,32.923867437250394,-2.4751454485950504,28.031445593716594,0.3333333333333333,TRUE,TRUE,0.020796199663234472,1,37
2926806,BA,RIO DO ANTÔNIO,2026,14815,ate_20_mil,9.603395460007665,59.54775565305434,23.62,65.06,252.98,57.15,30.87,0.19,0.576,0,TRUE,39.31182809174973,33.650033624072826,56.8,14.935966591265007,17.930172476154063,39.31182809174973,33.650033624072826,56.8,14.935966591265007,17.930172476154063,1,1,1,0,0,TRUE,TRUE,TRUE,TRUE,TRUE,2018,39.31182809174973,33.650033624072826,36.480930857911275,-5.661794467676906,29.888713022473024,0.3333333333333333,TRUE,TRUE,0.01050963681896153,1,36
2930402,BA,SERRA PRETA,2018,15401,ate_20_mil,9.642187721358466,55.06785273683527,23.2,66.64,232.52,47.83,30.01,5.06,0.566,1,FALSE,43.31590422647956,34.920339404138865,53.3,35.23430655669662,0,43.31590422647956,34.920339404138865,53.3,35.23430655669662,0,1,1,1,1,0,TRUE,TRUE,TRUE,TRUE,TRUE,2018,43.31590422647956,34.920339404138865,39.11812181530921,-8.395564822340695,29.511435518898875,0.6666666666666666,TRUE,TRUE,0.011201595072643853,1,36
2933307,BA,VITÓRIA DA CONQUISTA,2018,306866,100_a_500_mil,12.634166449198611,10.469390548317506,5.6,41.16,555.66,10.97,14.16,5.5,0.678,1,FALSE,30.266470794356543,24.485638183278166,46.2,1.7722982824931526,20.97914211598545,30.266470794356543,24.485638183278166,46.2,1.7722982824931526,20.97914211598545,1,0,1,0,0,TRUE,TRUE,TRUE,TRUE,TRUE,2018,30.266470794356543,24.485638183278166,27.376054488817353,-5.780832611078377,22.983813466159535,0.3333333333333333,TRUE,TRUE,0.019146169551872583,1,37
3503208,SP,ARARAQUARA,2018,208662,100_a_500_mil,12.248470996946791,2.8428750802733607,0.53,11.03,1080.66,2.92,3.77,4.01,0.815,1,FALSE,41.270637360632364,30.833778276507154,35.5,26.620809302761764,22.95589325308963,41.270637360632364,30.833778276507154,35.5,26.620809302761764,22.95589325308963,1,1,1,0,0,TRUE,TRUE,TRUE,TRUE,TRUE,2018,41.270637360632364,30.833778276507154,36.052207818569755,-10.43685908412521,28.358900851950466,0.3333333333333333,TRUE,TRUE,0.029384678134413627,1,38
3529005,SP,MARÍLIA,2023,216745,100_a_500_mil,12.286476826325966,4.486378001799349,1.05,14.54,953.2,2.99,4.28,6.66,0.798,0,TRUE,23.44009346212017,31.151257303287945,34.1,19.37768157658206,18.371753535670468,23.44009346212017,31.151257303287945,34.1,19.37768157658206,18.371753535670468,0,1,1,0,0,TRUE,TRUE,TRUE,TRUE,TRUE,2018,23.44009346212017,31.151257303287945,27.295675382704058,7.7111638411677745,23.949811704084176,0.3333333333333333,TRUE,TRUE,0.030778234337997677,1,38
3549706,SP,SÃO JOSÉ DO RIO PARDO,,51900,50_a_100_mil,10.85707406915398,11.447013487475916,0.8,17.98,818.61,14.57,5.03,2.51,0.774,0,TRUE,51.8463666765713,48.862203236426204,59.4,2.9432323307225983,0,51.8463666765713,48.862203236426204,59.4,2.9432323307225983,0,1,1,1,0,0,TRUE,TRUE,TRUE,TRUE,TRUE,2018,51.8463666765713,48.862203236426204,50.35428495649875,-2.984163440145096,20.781077443574198,0.3333333333333333,TRUE,TRUE,0.021408139588908363,1,39
3555406,SP,UBATUBA,2018,78801,50_a_100_mil,11.274680966120778,2.4035227979340363,2.58,25.64,803.5,3.54,6.15,4.07,0.751,1,FALSE,68.19064052677382,41.24523909837496,58.5,33.22490671783381,59.60100206976626,68.19064052677382,41.24523909837496,58.5,33.22490671783381,59.60100206976626,1,1,1,1,1,TRUE,TRUE,TRUE,TRUE,TRUE,2018,68.19064052677382,41.24523909837496,54.717939812574386,-26.94540142839886,50.44196959586669,1,TRUE,TRUE,0.02311639049994197,1,39
4101655,PR,ARAPUÃ,2018,3561,ate_20_mil,8.177796683277778,62.538612749227745,12.03,44.63,424.27,54.83,17.79,9.57,0.676,1,FALSE,30.318821323035827,34.01866811151611,56.5,33.201656988639236,27.10900537275133,30.318821323035827,34.01866811151611,56.5,33.201656988639236,27.10900537275133,1,1,1,1,0,TRUE,TRUE,TRUE,TRUE,TRUE,2018,30.318821323035827,34.01866811151611,32.16874471727597,3.6998467884802793,38.93688745379686,0.6666666666666666,TRUE,TRUE,0.01506852117142694,1,40
4102208,PR,ATALAIA,2018,3913,ate_20_mil,8.272059622210412,14.46460516227958,0.82,17.99,649.55,26.3,9.94,8.35,0.736,1,FALSE,31.957284074179505,30.12786043198668,47.7,30.232628633926343,30.088148835468512,31.957284074179505,30.12786043198668,47.7,30.232628633926343,30.088148835468512,1,1,1,1,1,TRUE,TRUE,TRUE,TRUE,TRUE,2018,31.957284074179505,30.12786043198668,31.042572253083094,-1.8294236421928254,36.00692582313162,1,TRUE,TRUE,0.013054910895966065,1,41
4102703,PR,BARRA DO JACARÉ,2024,2727,ate_20_mil,7.910957382845589,32.123212321232124,3.25,29.27,543.58,36.21,12.63,0.88,0.744,0,TRUE,35.87238925628612,43.73878492694181,48,13.349508134194343,0.7539041464728056,35.87238925628612,43.73878492694181,48,13.349508134194343,0.7539041464728056,1,1,1,0,0,TRUE,TRUE,TRUE,TRUE,TRUE,2018,35.87238925628612,43.73878492694181,39.805587091613965,7.866395670655692,20.701137426889048,0.3333333333333333,TRUE,TRUE,0.014809010658312579,1,54
4102802,PR,BELA VISTA DO PARAÍSO,2024,15079,ate_20_mil,9.621058326365796,5.855825983155381,1.17,20.8,710.14,21.45,12.71,3.71,0.716,0,TRUE,5.908939783104522,5.892634580137126,13.7,14.525306160320309,16.04398280755034,5.908939783104522,5.892634580137126,13.7,14.525306160320309,16.04398280755034,0,0,0,0,0,TRUE,TRUE,TRUE,TRUE,TRUE,2018,5.908939783104522,5.892634580137126,5.900787181620824,-0.016305202967395793,14.756429655956882,0,TRUE,TRUE,0.007241574324800241,1,44
4103370,PR,BRASILÂNDIA DO SUL,2018,3209,ate_20_mil,8.073714641109857,32.0660641944531,1.28,31.6,550.58,37.99,16.57,6.46,0.681,1,FALSE,0,65.56848108512794,48.9,29.154481881754606,42.525283351089016,0,65.56848108512794,48.9,29.154481881754606,42.525283351089016,0,1,1,0,1,TRUE,TRUE,TRUE,TRUE,TRUE,2018,0,65.56848108512794,32.78424054256397,65.56848108512794,40.19325507761454,0.6666666666666666,TRUE,TRUE,0.0037834155138990735,1,42
4105409,PR,CHOPINZINHO,2018,19679,ate_20_mil,9.88730735630709,36.43985974897098,3.07,25.46,802.23,37.38,8.7,3.46,0.74,1,FALSE,80.71832706801057,75.9527151459509,100,0,95.37862318523739,80.71832706801057,75.9527151459509,100,0,95.37862318523739,1,1,1,0,1,TRUE,TRUE,TRUE,TRUE,TRUE,2018,80.71832706801057,75.9527151459509,78.33552110698074,-4.765611922059662,65.12620772841247,0.6666666666666666,TRUE,TRUE,0.014822481319205789,1,43
4105607,PR,CIDADE GAÚCHA,2018,11062,ate_20_mil,9.311271090554623,17.049358163080818,1.54,15.37,671.1,22.05,12.21,4.99,0.718,1,FALSE,6.289121519004075,11.69752977563146,35.6,18.83405532874165,28.064539884004468,6.289121519004075,11.69752977563146,35.6,18.83405532874165,28.064539884004468,0,0,1,0,0,TRUE,TRUE,TRUE,TRUE,TRUE,2018,6.289121519004075,11.69752977563146,8.993325647317768,5.408408256627386,27.49953173758204,0.3333333333333333,TRUE,TRUE,0.007196847471933249,1,44
4106100,PR,CONSELHEIRO MAIRINCK,2025,3636,ate_20_mil,8.19863945529737,30.83058305830583,2.41,36.71,534.5,31.49,11.01,7.93,0.707,0,TRUE,27.11541458968919,36.45535996845704,37.5,5.899322996287399,16.569703338388482,27.11541458968919,36.45535996845704,37.5,5.899322996287399,16.569703338388482,0,1,1,0,0,TRUE,TRUE,TRUE,TRUE,TRUE,2018,27.11541458968919,36.45535996845704,31.785387279073113,9.339945378767847,19.98967544489196,0.3333333333333333,TRUE,TRUE,0.008734583958661389,1,55
4106571,PR,CRUZEIRO DO IGUAÇU,2024,4278,ate_20_mil,8.361240889642351,38.68630201028518,4,27.04,636.1,42.98,13.78,8.71,0.709,0,TRUE,75.40837454842956,55.3878420871616,77.6,9.957955407755236,12.857870817644578,75.40837454842956,55.3878420871616,77.6,9.957955407755236,12.857870817644578,1,1,1,0,0,TRUE,TRUE,TRUE,TRUE,TRUE,2018,75.40837454842956,55.3878420871616,65.39810831779559,-20.020532461267962,33.47194207513327,0.3333333333333333,TRUE,TRUE,0.015665534931849124,1,43
4107108,PR,DIAMANTE DO NORTE,2024,5516,ate_20_mil,8.615408238913192,17.494561276287165,1.13,22.01,619.39,29.21,12.03,6.61,0.723,0,TRUE,30.020216469960825,27.83463004866557,50.7,19.070034390802363,9.251664062220419,30.020216469960825,27.83463004866557,50.7,19.070034390802363,9.251664062220419,1,0,1,0,0,TRUE,TRUE,TRUE,TRUE,TRUE,2018,30.020216469960825,27.83463004866557,28.927423259313198,-2.1855864212952554,26.340566151007593,0.3333333333333333,TRUE,TRUE,0.011762115167286095,1,41
4107124,PR,DIAMANTE DO SUL,2018,3510,ate_20_mil,8.163371316459912,59.971509971509974,11.14,51.97,344.73,53.88,21.23,6.14,0.608,1,FALSE,40.55405749647404,45.7275546119895,60.6,33.04601886752273,57.2230254792069,40.55405749647404,45.7275546119895,60.6,33.04601886752273,57.2230254792069,1,1,1,1,1,TRUE,TRUE,TRUE,TRUE,TRUE,2018,40.55405749647404,45.7275546119895,43.14080605423177,5.17349711551546,50.28968144890988,1,TRUE,TRUE,0.004425071638203955,1,45
4107603,PR,FAXINAL,2018,16314,ate_20_mil,9.699778913860525,21.91369375996077,1.5,30.38,612.79,28.14,14.38,3.44,0.687,1,FALSE,29.62507120010208,38.188954704302894,80.9,29.98333051482135,7.823960220414023,29.62507120010208,38.188954704302894,80.9,29.98333051482135,7.823960220414023,0,1,1,0,0,TRUE,TRUE,TRUE,TRUE,TRUE,2018,29.62507120010208,38.188954704302894,33.907012952202486,8.563883504200813,39.56909691174513,0.3333333333333333,TRUE,TRUE,0.006243065995811394,1,46
4108700,PR,GRANDES RIOS,2024,6625,ate_20_mil,8.798605650854423,46.264150943396224,4.3,40.33,455.19,47.36,19.39,0.49,0.658,0,TRUE,41.451658695098054,45.03319424782058,96.3,19.37015355415557,0,41.451658695098054,45.03319424782058,96.3,19.37015355415557,0,1,1,1,0,0,TRUE,TRUE,TRUE,TRUE,TRUE,2018,41.451658695098054,45.03319424782058,43.24242647145932,3.581535552722528,38.55671785138519,0.3333333333333333,TRUE,TRUE,0.005475149995194825,1,45
4109807,PR,IBIPORÃ,2024,48198,20_a_50_mil,10.783072805401867,4.778206564587742,1.46,19.26,706.25,6.97,7.89,4.18,0.726,0,TRUE,1.782823531558941,0.26529102217874395,17.9,2.9805315066130773,13.210709322292882,1.782823531558941,0.26529102217874395,17.9,2.9805315066130773,13.210709322292882,0,0,0,0,0,TRUE,TRUE,TRUE,TRUE,TRUE,2018,1.782823531558941,0.26529102217874395,1.0240572768688425,-1.517532509380197,11.363746942968653,0,TRUE,TRUE,0.008431238949828944,1,52
4110607,PR,IPORÃ,2018,14981,ate_20_mil,9.614538010517382,21.387090314398236,1.96,24.25,608.93,28.96,12.92,4.37,0.706,1,FALSE,75.100381416951,72.40943863807779,56.3,35.86139600248341,17.175290885096363,75.100381416951,72.40943863807779,56.3,35.86139600248341,17.175290885096363,1,1,1,1,0,TRUE,TRUE,TRUE,TRUE,TRUE,2018,75.100381416951,72.40943863807779,73.7549100275144,-2.6909427788732074,36.44556229585992,0.6666666666666666,TRUE,TRUE,0.015350192146103843,1,47
4111407,PR,IVAÍ,2025,12815,ate_20_mil,9.458371638798171,63.87826765509169,7.66,42.3,469.13,59.68,8.96,2.44,0.651,0,TRUE,44.50026261540026,33.94742659619366,30.5,29.193948942533645,31.53288329150535,44.50026261540026,33.94742659619366,30.5,29.193948942533645,31.53288329150535,1,1,1,0,1,TRUE,TRUE,TRUE,TRUE,TRUE,2018,44.50026261540026,33.94742659619366,39.223844605796955,-10.552836019206602,30.408944078012997,0.6666666666666666,TRUE,TRUE,0.004499564492858028,1,51
4111555,PR,IVATÉ,2018,7514,ate_20_mil,8.924523226133914,30.35666755389939,1.3,20.02,563.82,11.92,10.87,5.74,0.706,1,FALSE,39.80280118527137,38.99383153769319,43,17.056382973894333,29.1149441538244,39.80280118527137,38.99383153769319,43,17.056382973894333,29.1149441538244,1,1,1,0,0,TRUE,TRUE,TRUE,TRUE,TRUE,2018,39.80280118527137,38.99383153769319,39.39831636148228,-0.8089696475781807,29.72377570923958,0.3333333333333333,TRUE,TRUE,0.006664806589682059,1,48
4111605,PR,IVATUBA,2018,3010,ate_20_mil,8.009695357742922,23.78737541528239,0,16.73,699.09,15.53,8.33,9.36,0.766,1,FALSE,14.082140582069872,19.868854093946346,64.9,26.30007123678009,22.3546262647769,14.082140582069872,19.868854093946346,64.9,26.30007123678009,22.3546262647769,0,0,1,0,0,TRUE,TRUE,TRUE,TRUE,TRUE,2018,14.082140582069872,19.868854093946346,16.97549733800811,5.786713511876474,37.851565833852334,0.3333333333333333,TRUE,TRUE,0.011500263636109584,1,49
4111902,PR,JAGUAPITÃ,2024,12225,ate_20_mil,9.411238314343073,15.0920245398773,0.47,12.37,681.75,22.24,11.49,1.66,0.715,0,TRUE,17.098601180630297,57.99404820445094,63.2,60.531962439249256,62.975754238419434,17.098601180630297,57.99404820445094,63.2,60.531962439249256,62.975754238419434,0,1,1,1,1,TRUE,TRUE,TRUE,TRUE,TRUE,2018,17.098601180630297,57.99404820445094,37.54632469254062,40.895447023820644,62.2359055592229,1,TRUE,TRUE,0.005390421289266169,1,42
4113007,PR,JUSSARA,2018,6610,ate_20_mil,8.796338932845732,10.37821482602118,1.28,17.2,688.1,13.42,7.57,2.49,0.718,1,FALSE,36.85627890802163,33.031927052906966,77,51.967522404150664,24.81547872410449,36.85627890802163,33.031927052906966,77,51.967522404150664,24.81547872410449,1,1,1,1,0,TRUE,TRUE,TRUE,TRUE,TRUE,2018,36.85627890802163,33.031927052906966,34.944102980464294,-3.8243518551146636,51.26100037608505,0.6666666666666666,TRUE,TRUE,0.005333870266838745,1,50
4113254,PR,LARANJAL,2018,6360,ate_20_mil,8.757783656334167,68.06603773584905,14.62,60.34,297.34,64.55,19.84,0.55,0.585,1,FALSE,34.05038731929654,41.21296824220309,85.7,17.444571701264618,35.07628251417334,34.05038731929654,41.21296824220309,85.7,17.444571701264618,35.07628251417334,1,1,1,0,1,TRUE,TRUE,TRUE,TRUE,TRUE,2018,34.05038731929654,41.21296824220309,37.63167778074981,7.16258092290655,46.07361807181265,0.6666666666666666,TRUE,TRUE,0.002927966112663724,1,51
4113502,PR,LOANDA,2018,21201,20_a_50_mil,9.961803629358965,9.089193905947832,1.23,18.47,725.67,10.25,8.81,4.2,0.725,1,FALSE,11.105653348306904,14.999636991324833,17.4,7.228912383829313,4.24615939623027,11.105653348306904,14.999636991324833,17.4,7.228912383829313,4.24615939623027,0,0,0,0,0,TRUE,TRUE,TRUE,TRUE,TRUE,2018,11.105653348306904,14.999636991324833,13.052645169815868,3.893983643017929,9.625023926686527,0,TRUE,TRUE,0.006728228249824555,1,52
4113809,PR,LUPIONÓPOLIS,2024,4592,ate_20_mil,8.432070937999402,11.171602787456449,2.39,22.74,636.69,18.05,11.78,3.68,0.71,0,TRUE,25.880554104469255,33.114137859177106,34.2,31.708483036044232,30.153323373096185,25.880554104469255,33.114137859177106,34.2,31.708483036044232,30.153323373096185,0,1,1,1,1,TRUE,TRUE,TRUE,TRUE,TRUE,2018,25.880554104469255,33.114137859177106,29.49734598182318,7.233583754707851,32.02060213638014,1,TRUE,TRUE,0.006206672951215372,1,50
4116109,PR,MOREIRA SALES,2025,12606,ate_20_mil,9.441928170073055,21.20418848167539,3.61,29.37,528.33,35.66,16.83,7.41,0.675,0,TRUE,75.49152963367978,65.72451687866928,33,30.829971020886536,28.11920892079154,75.49152963367978,65.72451687866928,33,30.829971020886536,28.11920892079154,1,1,1,1,0,TRUE,TRUE,TRUE,TRUE,TRUE,2018,75.49152963367978,65.72451687866928,70.60802325617453,-9.767012755010498,30.649726647226025,0.6666666666666666,TRUE,TRUE,0.017140370824039606,1,47
4116505,PR,NOVA ALIANÇA DO IVAÍ,2024,1431,ate_20_mil,7.266128779556451,27.253668763102727,0.36,21.32,528.26,24.48,12.45,14.27,0.717,0,TRUE,17.054081927595448,19.950294596966277,77.4,56.718747247714504,0,17.054081927595448,19.950294596966277,77.4,56.718747247714504,0,0,0,1,1,0,TRUE,TRUE,TRUE,TRUE,TRUE,2018,17.054081927595448,19.950294596966277,18.50218826228086,2.896212669370829,44.7062490825715,0.6666666666666666,TRUE,TRUE,0.010349290873727582,1,49
4118600,PR,PAULA FREITAS,2018,5434,ate_20_mil,8.600430789986293,49.42951785057048,7.01,36.55,621.46,44.87,5.54,1.39,0.717,1,FALSE,36.92842558570319,45.968321426709075,42.2,66.91390568444903,13.122095085694163,36.92842558570319,45.968321426709075,42.2,66.91390568444903,13.122095085694163,1,1,1,1,0,TRUE,TRUE,TRUE,TRUE,TRUE,2018,36.92842558570319,45.968321426709075,41.44837350620613,9.039895841005887,40.745333590047736,0.6666666666666666,TRUE,TRUE,0.006363990994115903,1,53
4119707,PR,PLANALTINA DO PARANÁ,2018,4095,ate_20_mil,8.31752199628717,32.28327228327228,4.15,25.01,556.04,38.28,14.13,8.27,0.705,1,FALSE,38.0778450334544,34.67426621160409,35.3,21.146847657836666,11.845936845936846,38.0778450334544,34.67426621160409,35.3,21.146847657836666,11.845936845936846,1,1,1,0,0,TRUE,TRUE,TRUE,TRUE,TRUE,2018,38.0778450334544,34.67426621160409,36.37605562252925,-3.40357882185031,22.764261501257835,0.3333333333333333,TRUE,TRUE,0.012859434584909017,1,54
4120655,PR,QUARTO CENTENÁRIO,,4856,ate_20_mil,8.487970332739334,40.0329489291598,4.02,30.48,723.41,42.28,13.78,3.16,0.71,0,TRUE,31.622801678997227,36.482337483746676,36.4,36.13867247626039,32.414145412392465,31.622801678997227,36.482337483746676,36.4,36.13867247626039,32.414145412392465,1,1,1,1,1,TRUE,TRUE,TRUE,TRUE,TRUE,2018,31.622801678997227,36.482337483746676,34.052569581371955,4.859535804749449,34.98427262955095,1,TRUE,TRUE,0.005436480784636332,1,53
4122503,PR,RONCADOR,2022,11537,ate_20_mil,9.35331454092729,38.28551616538095,6.64,41.92,500.36,40.98,16.62,2.35,0.681,0,TRUE,43.170824710532095,52.746592611539434,46.39999999999999,45.80471501612359,42.85019032869693,43.170824710532095,52.746592611539434,46.39999999999999,45.80471501612359,42.85019032869693,1,1,1,1,1,TRUE,TRUE,TRUE,TRUE,TRUE,2018,43.170824710532095,52.746592611539434,47.958708661035764,9.575767901007339,45.01830178160684,1,TRUE,TRUE,0.010763648736494828,1,56
4124020,PR,SANTA TEREZA DO OESTE,2025,10332,ate_20_mil,9.243001154215731,22.231900890437476,2.73,27.76,573.27,17.79,8.09,3.32,0.705,0,TRUE,49.05164598549394,34.11166673102419,36.4,66.27341672412095,77.96470928636172,49.05164598549394,34.11166673102419,36.4,66.27341672412095,77.96470928636172,1,1,1,1,1,TRUE,TRUE,TRUE,TRUE,TRUE,2018,49.05164598549394,34.11166673102419,41.58165635825907,-14.939979254469755,60.21270867016089,1,TRUE,TRUE,0.007929216022825356,1,48
4124806,PR,SÃO JOÃO,,10599,ate_20_mil,9.268514936027255,36.45626945938296,2.17,24.21,605.55,37.53,8.2,6.14,0.727,0,TRUE,47.17402708786237,43.61316625281515,60.5,30.88999648424058,18.03371682423966,47.17402708786237,43.61316625281515,60.5,30.88999648424058,18.03371682423966,1,1,1,1,0,TRUE,TRUE,TRUE,TRUE,TRUE,2018,47.17402708786237,43.61316625281515,45.39359667033876,-3.5608608350472224,36.474571102826744,0.6666666666666666,TRUE,TRUE,0.014099367788403037,1,40
4125803,PR,SÃO PEDRO DO IVAÍ,2024,10167,ate_20_mil,9.226902460275161,20.881282580898983,0.44,15.52,632.22,32.47,11.46,0.99,0.717,0,TRUE,27.66806800444,34.893169088559,54.6,53.68735101967042,11.141601996064884,27.66806800444,34.893169088559,54.6,53.68735101967042,11.141601996064884,0,1,1,1,0,TRUE,TRUE,TRUE,TRUE,TRUE,2018,27.66806800444,34.893169088559,31.280618546499497,7.225101084119,39.8096510052451,0.6666666666666666,TRUE,TRUE,0.007501530415241374,1,46
4126108,PR,SÃO TOMÉ,2018,5349,ate_20_mil,8.58466490653125,16.881660123387547,0.16,15.3,651.78,14.71,9.79,11,0.725,1,FALSE,28.54042443997905,38.93295454545454,36.2,0,17.78616603118842,28.54042443997905,38.93295454545454,36.2,0,17.78616603118842,0,1,1,0,0,TRUE,TRUE,TRUE,TRUE,TRUE,2018,28.54042443997905,38.93295454545454,33.73668949271679,10.392530105475494,17.995388677062806,0.3333333333333333,TRUE,TRUE,0.009600047958844766,1,55
4127304,PR,TERRA RICA,2018,15221,ate_20_mil,9.630431332279667,18.7307010051902,1.42,16.87,614.23,23.66,11.46,5.07,0.71,1,FALSE,46.31581710289093,50.05267629979219,49.2,28.698857913839955,3.8169424661360147,46.31581710289093,50.05267629979219,49.2,28.698857913839955,3.8169424661360147,1,1,1,0,0,TRUE,TRUE,TRUE,TRUE,TRUE,2018,46.31581710289093,50.05267629979219,48.184246701341564,3.736859196901257,27.238600126658657,0.3333333333333333,TRUE,TRUE,0.011319219134568487,1,56
4202602,SC,BOM RETIRO,2018,8942,ate_20_mil,9.098514556793926,28.237530753746366,1.22,26.86,638.85,40.93,10.99,6.07,0.699,1,FALSE,30.64090727909456,61.68465977640151,96.70000000000002,25.88142708186761,10.114910233820659,30.64090727909456,61.68465977640151,96.70000000000002,25.88142708186761,10.114910233820659,1,1,1,0,0,TRUE,TRUE,TRUE,TRUE,TRUE,2018,30.64090727909456,61.68465977640151,46.16278352774803,31.04375249730695,44.232112438562766,0.3333333333333333,TRUE,TRUE,0.006720405488957571,1,57
4202800,SC,BRAÇO DO NORTE,,29018,20_a_50_mil,10.27567160607563,19.41898132193811,0.21,8.47,831.77,13.57,3.76,1.41,0.778,0,TRUE,47.96142178742795,42.3775563250188,100,22.764106156036057,17.945777827637585,47.96142178742795,42.3775563250188,100,22.764106156036057,17.945777827637585,1,1,1,0,0,TRUE,TRUE,TRUE,TRUE,TRUE,2018,47.96142178742795,42.3775563250188,45.16948905622338,-5.58386546240915,46.90329466122455,0.3333333333333333,TRUE,TRUE,0.013687981265561915,1,58
4204558,SC,CORREIA PINTO,2025,14785,ate_20_mil,9.601368432286577,18.687859316875212,2.87,28.97,628.18,27.32,10.05,4.58,0.702,0,TRUE,30.505177402003277,60.066946660719886,49.4,57.57734410116687,38.78538876279504,30.505177402003277,60.066946660719886,49.4,57.57734410116687,38.78538876279504,1,1,1,1,1,TRUE,TRUE,TRUE,TRUE,TRUE,2018,30.505177402003277,60.066946660719886,45.28606203136158,29.56176925871661,48.587577621320634,1,TRUE,TRUE,0.007790933646219547,1,57
4208500,SC,ITUPORANGA,,22250,20_a_50_mil,10.010097287594386,33.33932584269663,0.46,11.72,844.05,36.41,4.93,5.79,0.748,0,TRUE,12.990309910647532,27.09037087912088,24.4,46.48481074434642,25.244492377470785,12.990309910647532,27.09037087912088,24.4,46.48481074434642,25.244492377470785,0,0,0,1,0,TRUE,TRUE,TRUE,TRUE,TRUE,2018,12.990309910647532,27.09037087912088,20.040340394884204,14.100060968473347,32.043101040605734,0.3333333333333333,TRUE,TRUE,0.006987662772565859,1,59
4214805,SC,RIO DO SUL,2023,61198,50_a_100_mil,11.02186978822786,7.21101996797281,0.61,6.85,1114.31,3.94,2.95,4.52,0.802,0,TRUE,42.72947639763847,42.041910654439654,63.2,49.700610373584894,12.97548399905089,42.72947639763847,42.041910654439654,63.2,49.700610373584894,12.97548399905089,1,1,1,1,0,TRUE,TRUE,TRUE,TRUE,TRUE,2018,42.72947639763847,42.041910654439654,42.38569352603906,-0.6875657431988174,41.95869812421193,0.6666666666666666,TRUE,TRUE,0.013343161980528512,1,60
4216206,SC,SÃO FRANCISCO DO SUL,2018,42520,20_a_50_mil,10.657729832455884,7.126058325493886,0.75,17.5,801.49,7.54,3.87,7.93,0.762,1,FALSE,18.44730563248633,8.79436089212424,29.5,0.4834075585401722,0,18.44730563248633,8.79436089212424,29.5,0.4834075585401722,0,0,0,0,0,0,TRUE,TRUE,TRUE,TRUE,TRUE,2018,18.44730563248633,8.79436089212424,13.620833262305286,-9.65294474036209,9.994469186180057,0,TRUE,TRUE,0.015300786633719123,1,58
4216503,SC,SÃO JOAQUIM,2018,24812,20_a_50_mil,10.119082686093009,29.175399000483637,0.85,29.72,641.75,50.8,6.19,5.16,0.687,1,FALSE,40.41275859587591,30.468697569803137,52.2,26.11281570303073,36.414325562219375,40.41275859587591,30.468697569803137,52.2,26.11281570303073,36.414325562219375,1,1,1,0,1,TRUE,TRUE,TRUE,TRUE,TRUE,2018,40.41275859587591,30.468697569803137,35.44072808283952,-9.94406102607277,38.242380421750035,0.6666666666666666,TRUE,TRUE,0.006839050341735824,1,59
4217204,SC,SÃO MIGUEL DO OESTE,,36306,20_a_50_mil,10.499738295850376,11.681264804715472,0.59,10.97,1072.6,12.17,4.9,4.76,0.801,0,TRUE,36.99433285164989,30.40215174678822,75.5,22.18969753105279,2.726235731877922,36.99433285164989,30.40215174678822,75.5,22.18969753105279,2.726235731877922,1,1,1,0,0,TRUE,TRUE,TRUE,TRUE,TRUE,2018,36.99433285164989,30.40215174678822,33.698242299219054,-6.592181104861666,33.47197775431024,0.3333333333333333,TRUE,TRUE,0.01441026766044252,1,61
4218707,SC,TUBARÃO,2018,97235,50_a_100_mil,11.484886007938982,9.400935876999023,0.73,7.43,1077.62,3.3,3.48,3.51,0.796,1,FALSE,35.526097065148065,51.07526889662368,66.9,12.815497793035801,0,35.526097065148065,51.07526889662368,66.9,12.815497793035801,0,1,1,1,0,0,TRUE,TRUE,TRUE,TRUE,TRUE,2018,35.526097065148065,51.07526889662368,43.300682980885874,15.549171831475618,26.5718325976786,0.3333333333333333,TRUE,TRUE,0.012713226052029828,1,60
4219507,SC,XANXERÊ,2018,44128,20_a_50_mil,10.694849780593028,11.29668237853517,1.77,15.18,906.11,13.53,6,4.17,0.775,1,FALSE,15.966205866732725,39.803741638399885,51.6,29.42504667391502,30.259173730548415,15.966205866732725,39.803741638399885,51.6,29.42504667391502,30.259173730548415,0,1,1,0,1,TRUE,TRUE,TRUE,TRUE,TRUE,2018,15.966205866732725,39.803741638399885,27.884973752566303,23.83753577166716,37.094740134821144,0.6666666666666666,TRUE,TRUE,0.012912952197826911,1,61
4313409,RS,NOVO HAMBURGO,2024,238940,100_a_500_mil,12.383967753371214,1.733489578973801,0.82,14.58,1011.62,1.41,3.52,2.97,0.747,0,TRUE,41.536692282974705,33.71890080696752,39.8,17.12869237886488,25.50543684730007,41.536692282974705,33.71890080696752,39.8,17.12869237886488,25.50543684730007,1,1,1,0,0,TRUE,TRUE,TRUE,TRUE,TRUE,2018,41.536692282974705,33.71890080696752,37.62779654497111,-7.817791476007187,27.478043075388317,0.3333333333333333,TRUE,TRUE,0.008127212192346394,1,62
4318705,RS,SÃO LEOPOLDO,2018,214087,100_a_500_mil,12.274137753444233,0.3965677504939581,1.62,18.24,939.93,0.57,3.32,5,0.739,1,FALSE,11.397389997183236,18.07639203544759,80.2,6.754841272521021,2.7524920104199397,11.397389997183236,18.07639203544759,80.2,6.754841272521021,2.7524920104199397,0,0,1,0,0,TRUE,TRUE,TRUE,TRUE,TRUE,2018,11.397389997183236,18.07639203544759,14.736891016315413,6.679002038264354,29.902444427646987,0.3333333333333333,TRUE,TRUE,0.007247493124746546,1,62
2500106,PB,ÁGUA BRANCA,2026,9449,ate_20_mil,9.153664194782626,57.021907080114296,29.14,71.11,233.65,43.92,28.75,13.24,0.572,0,TRUE,33.62555225168607,42.42,5.095135761810687,24.785038912905488,63.48830415278523,33.62555225168607,42.42,5.095135761810687,24.785038912905488,63.48830415278523,1,1,0,0,1,TRUE,TRUE,TRUE,TRUE,TRUE,2019,33.62555225168607,42.42,38.02277612584304,8.794447748313935,31.122826275833802,0.3333333333333333,TRUE,TRUE,0.0038649249976337005,1,8
2500700,PB,SÃO JOÃO DO RIO DO PEIXE,2019,18201,ate_20_mil,9.809231816610408,62.17240810944454,19.15,60.24,306.87,45.85,29.64,6.62,0.608,1,FALSE,37.44076076303855,30,14.491351800963157,16.996000204462394,32.30866107924295,37.44076076303855,30,14.491351800963157,16.996000204462394,32.30866107924295,1,1,0,0,1,TRUE,TRUE,TRUE,TRUE,TRUE,2019,37.44076076303855,30,33.72038038151928,-7.440760763038547,21.265337694889503,0.3333333333333333,TRUE,TRUE,0.008004851528439124,1,1
2501104,PB,AREIA,2019,23829,20_a_50_mil,10.078658605301241,38.73851189726803,17.11,63.14,319.92,38.36,32.46,6.33,0.594,1,FALSE,25.905338472657192,32.21,27.38244029157691,16.35039863138699,47.4449609822944,25.905338472657192,32.21,27.38244029157691,16.35039863138699,47.4449609822944,0,1,0,0,1,TRUE,TRUE,TRUE,TRUE,TRUE,2019,25.905338472657192,32.21,29.057669236328596,6.304661527342809,30.392599968419432,0.3333333333333333,TRUE,TRUE,0.011079588910155272,1,2
2502300,PB,BOM SUCESSO,2019,5035,ate_20_mil,8.524168805152662,59.682224428997024,22,62.44,257.9,53.96,32.77,11.04,0.592,1,FALSE,30.072380514705884,71.79,24.70356339032335,20.761734806408278,53.761175932735696,30.072380514705884,71.79,24.70356339032335,20.761734806408278,53.761175932735696,1,1,0,0,1,TRUE,TRUE,TRUE,TRUE,TRUE,2019,30.072380514705884,71.79,50.931190257352945,41.71761948529412,33.07549137648911,0.3333333333333333,TRUE,TRUE,0.006221070217641064,1,3
2503605,PB,CAIÇARA,2025,7220,ate_20_mil,8.884610231886873,28.116343490304708,16.8,65.56,294.68,45.38,36.75,8.78,0.592,0,TRUE,31.193529533108716,32.04,16.923537667956982,22.383394774803655,32.101543070725285,31.193529533108716,32.04,16.923537667956982,22.383394774803655,32.101543070725285,1,1,0,0,1,TRUE,TRUE,TRUE,TRUE,TRUE,2019,31.193529533108716,32.04,31.616764766554358,0.846470466891283,23.802825171161974,0.3333333333333333,TRUE,TRUE,0.011938344269388383,1,9
2503704,PB,CAJAZEIRAS,2019,58446,50_a_100_mil,10.97585852999901,18.726687882832017,9.05,44.82,511.56,19.2,20.73,7.54,0.679,1,FALSE,17.71749035886386,19.46,27.473187219302737,29.23413780293538,31.548642542818005,17.71749035886386,19.46,27.473187219302737,29.23413780293538,31.548642542818005,0,0,0,0,1,TRUE,TRUE,TRUE,TRUE,TRUE,2019,17.71749035886386,19.46,18.588745179431932,1.7425096411361416,29.418655855018706,0.3333333333333333,TRUE,TRUE,0.015813020485499072,1,4
2504306,PB,CATOLÉ DO ROCHA,2024,28759,20_a_50_mil,10.26670604071587,25.856253694495635,10.51,52.61,371.92,17.24,24.64,3.99,0.64,0,TRUE,14.712723936002675,15.46,6.601719216771676,11.302767827597119,23.254699236641223,14.712723936002675,15.46,6.601719216771676,11.302767827597119,23.254699236641223,0,0,0,0,0,TRUE,TRUE,TRUE,TRUE,TRUE,2019,14.712723936002675,15.46,15.086361968001338,0.7472760639973259,13.719728760336672,0,TRUE,TRUE,0.011483016044670091,1,2
2508604,PB,LUCENA,2019,11730,ate_20_mil,9.36990494164752,13.452685421994884,15.24,71.33,289.29,20.81,27.2,10.36,0.583,1,FALSE,30.94476585331084,25.520000000000003,26.636370832286424,45.413048896401534,47.54975405356167,30.94476585331084,25.520000000000003,26.636370832286424,45.413048896401534,47.54975405356167,1,0,0,1,1,TRUE,TRUE,TRUE,TRUE,TRUE,2019,30.94476585331084,25.520000000000003,28.232382926655422,-5.424765853310838,39.86639126074988,0.6666666666666666,TRUE,TRUE,0.005400971081545093,1,5
2509057,PB,MARCAÇÃO,2024,7609,ate_20_mil,8.937087036176523,62.55749770009199,28.2,73.97,209.46,63.66,36.19,2.39,0.529,0,TRUE,37.1000735952899,33.72,29.111553210205628,10.566069195023713,45.16155791755743,37.1000735952899,33.72,29.111553210205628,10.566069195023713,45.16155791755743,1,1,0,0,1,TRUE,TRUE,TRUE,TRUE,TRUE,2019,37.1000735952899,33.72,35.41003679764495,-3.3800735952899004,28.279726774262258,0.3333333333333333,TRUE,TRUE,0.001182315367841153,1,7
2511400,PB,PICUÍ,2019,18222,ate_20_mil,9.810384934273804,33.48699374382615,16.61,61.4,326.53,40.54,26.46,3.34,0.608,1,FALSE,23.14493788969139,30.09,27.631478894775558,8.87794403334025,31.908525940263388,23.14493788969139,30.09,27.631478894775558,8.87794403334025,31.908525940263388,0,1,0,0,1,TRUE,TRUE,TRUE,TRUE,TRUE,2019,23.14493788969139,30.09,26.617468944845697,6.9450621103086085,22.8059829561264,0.3333333333333333,TRUE,TRUE,0.0023604507360466672,1,6
2512077,PB,POÇO DE JOSÉ DE MOURA,2025,3978,ate_20_mil,8.288534459413917,64.17797888386124,16.72,57.98,291.18,47.46,28.91,14.9,0.612,0,TRUE,19.682778657050022,46.26,15.084279024082228,18.639615470601388,33.56042154046611,19.682778657050022,46.26,15.084279024082228,18.639615470601388,33.56042154046611,0,1,0,0,1,TRUE,TRUE,TRUE,TRUE,TRUE,2019,19.682778657050022,46.26,32.97138932852501,26.577221342949976,22.428105345049907,0.3333333333333333,TRUE,TRUE,0.005826554981957037,1,3
2513307,PB,SANTA HELENA,2019,5369,ate_20_mil,8.58839695042257,49.67405475880052,20.78,62.36,277.52,53.57,27.99,10.37,0.609,1,FALSE,33.006608960112295,30.330000000000002,28.628089879131203,5.930962544709277,44.30197375398945,33.006608960112295,30.330000000000002,28.628089879131203,5.930962544709277,44.30197375398945,1,1,0,0,1,TRUE,TRUE,TRUE,TRUE,TRUE,2019,33.006608960112295,30.330000000000002,31.66830448005615,-2.6766089601122935,26.28700872594331,0.3333333333333333,TRUE,TRUE,0.0022594184006718573,1,7
2514107,PB,SÃO JOÃO DO TIGRE,2019,4396,ate_20_mil,8.388450315523512,65.21838034576888,32.14,73.35,207.42,57.57,38.3,4.93,0.552,1,FALSE,33.191663925309776,49.10000000000001,7.82529472459441,4.898352983359989,100,33.191663925309776,49.10000000000001,7.82529472459441,4.898352983359989,100,1,1,0,0,1,TRUE,TRUE,TRUE,TRUE,TRUE,2019,33.191663925309776,49.10000000000001,41.145831962654896,15.908336074690233,37.5745492359848,0.3333333333333333,TRUE,TRUE,0.004636275563248315,1,8
2514701,PB,SÃO JOSÉ DO SABUGI,,4010,ate_20_mil,8.296546520300614,35.6857855361596,7.69,56.84,302.36,38.25,29.05,9.6,0.617,0,TRUE,34.12891119898645,39.19,12.515484312311646,0,25.239926928420726,34.12891119898645,39.19,12.515484312311646,0,25.239926928420726,1,1,0,0,0,TRUE,TRUE,TRUE,TRUE,TRUE,2019,34.12891119898645,39.19,36.65945559949323,5.061088801013547,12.585137080244124,0,TRUE,TRUE,0.0059884956461671085,1,5
2515302,PB,SAPÉ,2024,50143,50_a_100_mil,10.82263420239148,23.93554434317851,18.52,68.21,266.29,28.2,32.99,4.04,0.569,0,TRUE,45.387739363291516,35.17,0,52.80345624476593,56.29390354526985,45.387739363291516,35.17,,52.80345624476593,56.29390354526985,1,1,0,1,1,TRUE,TRUE,FALSE,TRUE,TRUE,2019,45.387739363291516,35.17,40.27886968164576,-10.217739363291514,36.365786596678596,0.6666666666666666,TRUE,FALSE,0.01543741326696931,1,4
2516102,PB,SOLEDADE,2025,13739,ate_20_mil,9.527993782923948,25.533153795763884,13.21,59.59,330.05,33.41,21.45,5.27,0.616,0,TRUE,20.40366555126765,13.84,0,0,20.285676733234695,20.40366555126765,13.84,0,0,20.285676733234695,0,0,0,0,0,TRUE,TRUE,TRUE,TRUE,TRUE,2019,20.40366555126765,13.84,17.121832775633827,-6.5636655512676505,6.761892244411565,0,TRUE,TRUE,0.0011383321710166645,1,6
2516607,PB,TAVARES,,14103,ate_20_mil,9.55414281969224,53.08799546195845,24.22,66.91,260.75,51.14,33.83,5.39,0.586,0,TRUE,41.271884344628994,40.44,3.814968851503534,12.877920507880683,58.39254444862223,41.271884344628994,40.44,3.814968851503534,12.877920507880683,58.39254444862223,1,1,0,0,1,TRUE,TRUE,TRUE,TRUE,TRUE,2019,41.271884344628994,40.44,40.8559421723145,-0.8318843446289961,25.02847793600215,0.3333333333333333,TRUE,TRUE,0.007329688845085057,1,1
2516904,PB,UIRAÚNA,2019,14584,ate_20_mil,9.5876803163585,29.038672517827756,14.62,58.2,361.37,30.49,28.35,7.42,0.636,1,FALSE,15.645753711316287,35.53,21.302723560029413,1.9306993990538295,3.090680299758632,15.645753711316287,35.53,21.302723560029413,1.9306993990538295,3.090680299758632,0,1,0,0,0,TRUE,TRUE,TRUE,TRUE,TRUE,2019,15.645753711316287,35.53,25.587876855658145,19.884246288683713,8.774701086280626,0,TRUE,TRUE,0.012334302731468788,1,9
2800605,SE,BARRA DOS COQUEIROS,2019,24976,20_a_50_mil,10.125670642755214,16.37572069186419,9.36,51.09,448.81,9.05,14.22,6.03,0.649,1,FALSE,39.52377559438986,33.99,25.932681957211802,18.362942451781038,20.104436730090374,39.52377559438986,33.99,25.932681957211802,18.362942451781038,20.104436730090374,1,1,0,0,0,TRUE,TRUE,TRUE,TRUE,TRUE,2019,39.52377559438986,33.99,36.756887797194935,-5.5337755943898586,21.46668704636107,0,TRUE,TRUE,0.0033615945580857476,1,10
2802403,SE,GARARU,2025,11405,ate_20_mil,9.341807134718488,75.16878562034195,33.63,74.95,236.06,65.35,33.09,5.87,0.564,0,TRUE,46.88725569020714,37.58,11.33619233302526,0,79.8475733798655,46.88725569020714,37.58,11.33619233302526,0,79.8475733798655,1,1,0,0,1,TRUE,TRUE,TRUE,TRUE,TRUE,2019,46.88725569020714,37.58,42.23362784510357,-9.307255690207143,30.394588570963585,0.3333333333333333,TRUE,TRUE,0.0024215087675082867,1,11
2803609,SE,LARANJEIRAS,2025,26902,20_a_50_mil,10.199955912268527,20.983569994795925,11.37,64.07,313.29,8.83,16.94,5.38,0.642,0,TRUE,0,29.23,21.15352820896754,0,12.765584627721188,0,29.23,21.15352820896754,0,12.765584627721188,0,0,0,0,0,TRUE,TRUE,TRUE,TRUE,TRUE,2019,0,29.23,14.615,29.23,11.30637094556291,0,TRUE,TRUE,0.0032784038072429314,1,10
2804904,SE,PACATUBA,2019,13137,ate_20_mil,9.483187955469509,79.53870746745832,37.31,79.56,195.47,61.57,31.82,2.69,0.555,1,FALSE,52.708120508343825,100,42.14079462894445,33.84707655823444,27.970967966452644,52.708120508343825,100,42.14079462894445,33.84707655823444,27.970967966452644,1,1,1,1,0,TRUE,TRUE,TRUE,TRUE,TRUE,2019,52.708120508343825,100,76.35406025417191,47.291879491656175,34.652946384543846,0.6666666666666666,TRUE,TRUE,0.0026551660032066984,1,11
3524303,SP,JABOTICABAL,2019,71662,50_a_100_mil,11.179715900042464,2.97926376601267,1.03,14.85,1015.51,5.77,5.16,5.19,0.778,1,FALSE,18.541767664752474,17.3,1.5513982900447725,30.73094174379217,25.11662617497462,18.541767664752474,17.3,1.5513982900447725,30.73094174379217,25.11662617497462,0,0,0,1,0,TRUE,TRUE,TRUE,TRUE,TRUE,2019,18.541767664752474,17.3,17.920883832376237,-1.241767664752473,19.13298873627052,0.3333333333333333,TRUE,TRUE,0.007743596416665091,1,12
3550605,SP,SÃO ROQUE,,78821,50_a_100_mil,11.274934737803758,9.303358242092845,1.61,15.04,932.62,5.72,4.7,4.15,0.768,0,TRUE,30.751070760293114,24.52,15.0427471651502,10.782995852534986,30.347542425157993,30.751070760293114,24.52,15.0427471651502,10.782995852534986,30.347542425157993,1,0,0,0,1,TRUE,TRUE,TRUE,TRUE,TRUE,2019,30.751070760293114,24.52,27.635535380146557,-6.231070760293115,18.724428480947726,0.3333333333333333,TRUE,TRUE,0.007310429395032929,1,12
4201406,SC,ARARANGUÁ,,61310,50_a_100_mil,11.023698240756733,17.5893002772794,0.79,12.99,827.2,12.27,4.72,3.98,0.76,0,TRUE,22.188935526044173,30.19,34.25822259310402,36.44175424413905,76.51802635066484,22.188935526044173,30.19,34.25822259310402,36.44175424413905,76.51802635066484,0,1,1,1,1,TRUE,TRUE,TRUE,TRUE,TRUE,2019,22.188935526044173,30.19,26.189467763022087,8.001064473955829,49.07266772930264,1,TRUE,TRUE,0.00392025961605924,1,13
4202305,SC,BIGUAÇU,,58206,50_a_100_mil,10.97174372118934,9.359859808267188,0.5,11.57,764.37,5.73,4.91,5.17,0.739,0,TRUE,34.925510646497735,89.05,36.67021079397528,4.146963124239971,100,34.925510646497735,89.05,36.67021079397528,4.146963124239971,100,1,1,1,0,1,TRUE,TRUE,TRUE,TRUE,TRUE,2019,34.925510646497735,89.05,61.98775532324886,54.12448935350226,46.93905797273842,0.6666666666666666,TRUE,TRUE,0.005697349987687201,1,15
4209409,SC,LAGUNA,2019,51562,50_a_100_mil,10.850540246060325,21.15317481866491,1.61,20.01,684.42,16.24,5.88,5.23,0.752,1,FALSE,37.30672831814444,40.45,30.727320291637504,54.839403329141966,50.813731993934795,37.30672831814444,40.45,30.727320291637504,54.839403329141966,50.813731993934795,1,1,1,1,1,TRUE,TRUE,TRUE,TRUE,TRUE,2019,37.30672831814444,40.45,38.87836415907222,3.143271681855566,45.46015187157142,1,TRUE,TRUE,0.004533050632678721,1,13
4210506,SC,MARAVILHA,2019,22101,20_a_50_mil,10.003378135350923,18.16207411429347,0.39,10.8,896.02,15.8,5.3,4.84,0.781,1,FALSE,53.263502796560644,65.24,22.749791765458962,86.65585693422109,0,53.263502796560644,65.24,22.749791765458962,86.65585693422109,,1,1,0,1,0,TRUE,TRUE,TRUE,TRUE,FALSE,2019,53.263502796560644,65.24,59.25175139828032,11.97649720343935,36.468549566560014,0.3333333333333333,TRUE,FALSE,0.0074786154629324685,1,14
4215802,SC,SÃO BENTO DO SUL,2019,74801,50_a_100_mil,11.222586532857163,4.768652825496986,0.71,12.4,923.29,4.78,2.54,3.96,0.782,1,FALSE,34.76806462870351,41.27,37.11390806693609,34.616218414650525,54.094626506198374,34.76806462870351,41.27,37.11390806693609,34.616218414650525,54.094626506198374,1,1,1,1,1,TRUE,TRUE,TRUE,TRUE,TRUE,2019,34.76806462870351,41.27,38.01903231435176,6.50193537129649,41.941584329261666,1,TRUE,TRUE,0.00678382882974285,1,15
4219309,SC,VIDEIRA,,47188,20_a_50_mil,10.761894901961734,9.180300076290582,0.35,10.32,978.07,9.3,3.75,2.94,0.764,0,TRUE,75.10326724483657,55.02,25.326255544263397,54.54795879263317,51.52129438218969,75.10326724483657,55.02,25.326255544263397,54.54795879263317,51.52129438218969,1,1,0,1,1,TRUE,TRUE,TRUE,TRUE,TRUE,2019,75.10326724483657,55.02,65.06163362241828,-20.08326724483657,43.79850290636208,0.6666666666666666,TRUE,TRUE,0.0069826192475019675,1,14
