code_muni,uf,municipality,population_2010,rural_share_2010,extreme_poverty_pct_2010,vulnerable_poverty_pct_2010,income_pc_2010,agricultural_employment_pct_2010,adult_illiteracy_pct_2010,public_sector_employment_pct_2010,idhm_2010
1100015,RO,ALTA FLORESTA D'OESTE,24392,42.72712364709741,14.29,47.12,476.99,38.56,13.0,5.31,0.641
1100023,RO,ARIQUEMES,90353,15.304417119520105,4.36,29.04,689.95,14.97,8.53,6.3,0.702
1100031,RO,CABIXI,6313,57.34199271344844,7.27,46.98,457.17,45.49,14.73,7.79,0.65
1100049,RO,CACOAL,78574,21.194033649807825,5.97,29.82,738.06,19.69,8.94,7.7,0.718
1100056,RO,CEREJEIRAS,17029,15.32679546655705,4.72,34.85,577.18,26.67,11.17,9.77,0.692
1100064,RO,COLORADO DO OESTE,18591,26.539723522134366,6.64,37.11,535.41,23.67,13.41,9.6,0.685
1100072,RO,CORUMBIARA,8783,70.51121484686325,10.16,46.42,402.15,51.25,13.55,4.27,0.613
1100080,RO,COSTA MARQUES,13678,45.18935516888434,9.66,55.8,370.77,34.89,9.39,6.72,0.611
1100098,RO,ESPIGÃO D'OESTE,28729,28.260642556301995,6.6,35.08,590.8,29.68,12.18,6.66,0.672
1100106,RO,GUAJARÁ-MIRIM,41656,15.481563280199731,10.38,43.92,494.69,11.33,8.7,13.21,0.657
1100114,RO,JARU,52005,32.47187770406692,4.32,32.12,575.14,23.48,11.49,7.7,0.689
1100122,RO,JI-PARANÁ,116610,10.07803790412486,2.67,26.26,743.35,12.17,8.38,7.09,0.714
1100130,RO,MACHADINHO D'OESTE,31135,48.055243295326804,17.59,51.72,401.42,48.35,12.85,5.02,0.596
1100148,RO,NOVA BRASILÂNDIA D'OESTE,19874,57.83435644560733,10.3,46.94,499.59,52.88,12.31,5.48,0.643
1100155,RO,OURO PRETO DO OESTE,37928,25.701328833579414,3.71,30.04,576.51,25.09,11.18,6.19,0.682
1100189,RO,PIMENTA BUENO,33822,13.024067175211401,2.29,25.37,734.76,11.26,9.04,6.18,0.71
1100205,RO,PORTO VELHO,428527,8.819514289648026,2.64,21.78,929.19,6.27,5.43,11.07,0.736
1100254,RO,PRESIDENTE MÉDICI,22319,40.396075092970115,9.3,40.89,520.2,40.86,13.23,7.88,0.664
1100262,RO,RIO CRESPO,3316,67.91314837153196,16.85,54.28,420.61,47.74,14.36,14.65,0.643
1100288,RO,ROLIM DE MOURA,50648,18.202100773969356,3.96,31.34,657.65,14.96,9.74,8.71,0.7
1100296,RO,SANTA LUZIA D'OESTE,8886,49.07720009002926,8.2,40.67,476.08,48.66,14.13,5.39,0.67
1100304,RO,VILHENA,76202,5.228209233353455,2.1,22.39,768.98,9.19,6.52,7.99,0.731
1100320,RO,SÃO MIGUEL DO GUAPORÉ,21828,61.196628183983876,21.83,53.28,440.6,41.43,11.84,3.82,0.646
1100338,RO,NOVA MAMORÉ,22546,42.04293444513439,11.73,52.95,377.34,44.86,14.22,3.4,0.587
1100346,RO,ALVORADA D'OESTE,16853,47.64136948911173,11.71,45.04,469.26,36.0,14.11,11.05,0.643
1100379,RO,ALTO ALEGRE DOS PARECIS,12816,71.46535580524345,21.1,55.19,341.22,52.42,14.86,3.25,0.592
1100403,RO,ALTO PARAÍSO,17135,52.13306098628538,8.34,43.91,498.49,50.67,12.83,1.16,0.625
1100452,RO,BURITIS,32383,44.03853873946206,9.18,41.94,458.05,37.15,10.67,6.82,0.616
1100502,RO,NOVO HORIZONTE DO OESTE,10240,83.076171875,16.6,54.79,346.38,59.47,15.68,0.85,0.634
1100601,RO,CACAULÂNDIA,5736,63.92956764295676,8.8,45.4,499.93,57.66,14.34,6.85,0.646
1100700,RO,CAMPO NOVO DE RONDÔNIA,12665,73.38333991314647,15.58,54.43,507.69,39.35,13.46,8.19,0.593
1100809,RO,CANDEIAS DO JAMARI,19779,34.84503766621164,7.14,38.44,463.63,20.81,11.93,6.2,0.649
1100908,RO,CASTANHEIRAS,3575,76.61538461538461,12.02,41.69,455.53,51.98,15.6,19.02,0.658
1100924,RO,CHUPINGUAIA,8301,55.87278641127575,5.39,37.88,483.36,39.17,11.19,4.14,0.652
1100940,RO,CUJUBIM,15854,30.34565409360414,9.04,40.1,495.31,42.83,13.01,6.03,0.612
1101005,RO,GOVERNADOR JORGE TEIXEIRA,10512,77.53995433789954,11.52,53.67,396.36,68.24,14.64,4.89,0.596
1101104,RO,ITAPUÃ DO OESTE,8566,39.03805743637637,9.04,45.24,411.36,41.95,14.24,10.65,0.614
1101203,RO,MINISTRO ANDREAZZA,10352,70.30525502318393,12.76,47.9,448.38,60.11,13.93,6.97,0.638
1101302,RO,MIRANTE DA SERRA,11878,45.74844249873716,10.94,47.79,527.79,44.65,14.71,8.49,0.643
1101401,RO,MONTE NEGRO,14091,47.55517706337378,5.69,42.84,443.85,46.95,15.74,8.16,0.607
1101435,RO,NOVA UNIÃO,7493,79.434138529294,8.65,53.24,352.24,62.93,15.11,5.2,0.587
1101450,RO,PARECIS,4810,63.11850311850312,16.04,57.31,343.73,48.04,16.03,7.66,0.617
1101468,RO,PIMENTEIRAS DO OESTE,2315,44.190064794816415,8.68,38.18,493.67,43.07,10.4,19.2,0.665
1101476,RO,PRIMAVERA DE RONDÔNIA,3524,63.56413166855845,11.45,46.87,442.61,51.98,14.63,11.4,0.641
1101484,RO,SÃO FELIPE D'OESTE,6018,76.00531738118977,9.74,50.17,368.24,52.93,15.9,10.27,0.649
1101492,RO,SÃO FRANCISCO DO GUAPORÉ,16035,48.69348300592454,12.21,47.5,477.9,50.89,10.42,5.76,0.611
1101500,RO,SERINGUEIRAS,11629,62.18935420070513,16.05,59.77,441.13,55.76,11.41,1.85,0.598
1101559,RO,TEIXEIRÓPOLIS,4888,64.8936170212766,6.75,33.7,464.45,58.65,14.04,11.31,0.643
1101609,RO,THEOBROMA,10649,81.42548596112312,20.54,54.11,382.6,67.07,16.37,10.0,0.589
1101708,RO,URUPÁ,12974,60.405426237089564,13.61,50.6,380.5,53.22,15.49,4.6,0.609
1101757,RO,VALE DO ANARI,9384,65.9846547314578,17.42,57.32,394.02,61.18,16.45,9.28,0.584
1101807,RO,VALE DO PARAÍSO,8210,72.27771010962242,15.79,55.91,432.03,56.3,14.13,12.59,0.627
1200013,AC,ACRELÂNDIA,12538,52.815441059180095,18.09,64.18,303.76,47.69,17.11,1.18,0.604
1200054,AC,ASSIS BRASIL,6072,39.06455862977602,30.66,66.28,291.33,22.48,22.42,3.64,0.588
1200104,AC,BRASILÉIA,21398,33.37227778297037,17.09,59.8,376.07,31.38,19.58,2.98,0.614
1200138,AC,BUJARI,8471,56.40420257348601,20.68,63.43,340.95,46.46,26.78,3.47,0.589
1200179,AC,CAPIXABA,8798,55.342123209820414,17.89,59.5,336.17,43.74,23.84,0.44,0.575
1200203,AC,CRUZEIRO DO SUL,78507,29.5273032977951,18.08,56.4,450.06,19.65,20.36,7.41,0.664
1200252,AC,EPITACIOLÂNDIA,15100,29.68211920529801,13.02,52.89,467.83,25.84,17.72,2.52,0.653
1200302,AC,FEIJÓ,32412,48.67333086511169,36.51,75.28,259.43,43.7,37.81,3.52,0.539
1200328,AC,JORDÃO,6577,65.45537479093812,49.17,81.69,178.03,40.92,29.87,4.5,0.469
1200336,AC,MÂNCIO LIMA,15206,42.45692489806655,28.99,68.67,295.5,36.83,26.18,7.05,0.625
1200344,AC,MANOEL URBANO,7981,33.867936348828465,25.44,64.89,307.7,31.77,34.77,8.34,0.551
1200351,AC,MARECHAL THAUMATURGO,14227,72.10234061994798,39.31,82.84,157.27,54.11,38.36,0.34,0.501
1200385,AC,PLÁCIDO DE CASTRO,17209,39.67110233017607,18.76,62.29,321.16,29.35,20.1,1.84,0.622
1200393,AC,PORTO WALTER,9176,63.78596338273758,34.92,76.87,204.19,60.11,37.41,1.08,0.532
1200401,AC,RIO BRANCO,336038,8.18151518578256,4.85,35.25,744.67,5.13,9.71,7.2,0.727
1200427,AC,RODRIGUES ALVES,14389,70.0118145805824,40.9,78.78,200.58,46.82,34.46,1.24,0.567
1200435,AC,SANTA ROSA DO PURUS,4691,59.6674483052654,63.05,79.49,201.58,32.74,27.62,7.77,0.517
1200450,AC,SENADOR GUIOMARD,20179,37.04841667079637,8.29,48.99,455.06,26.83,19.28,3.26,0.64
1200500,AC,SENA MADUREIRA,38029,33.966183701911696,21.19,58.9,320.8,26.01,26.81,2.13,0.603
1200609,AC,TARAUACÁ,35590,45.627985389154254,34.59,73.09,251.53,38.76,34.37,1.21,0.539
1200708,AC,XAPURI,16091,35.802622584053196,19.07,58.29,382.24,36.25,24.14,3.75,0.599
1200807,AC,PORTO ACRE,14880,86.68010752688173,21.4,66.0,319.71,33.28,25.65,0.3,0.576
1300029,AM,ALVARÃES,14088,44.01618398637138,30.88,81.17,178.67,46.48,22.53,3.61,0.527
1300060,AM,AMATURÁ,9467,47.6074786099081,42.81,82.44,178.69,58.84,24.66,11.55,0.56
1300086,AM,ANAMÃ,10214,59.13452124534952,32.44,71.21,226.82,54.02,17.42,5.94,0.594
1300102,AM,ANORI,16317,38.71422442851014,32.25,74.62,229.94,54.17,21.15,10.39,0.561
1300144,AM,APUÍ,18007,41.16177042261343,16.56,56.97,380.62,40.93,11.64,8.07,0.637
1300201,AM,ATALAIA DO NORTE,15153,54.51065795552036,44.75,83.46,159.21,61.59,37.39,6.87,0.45
1300300,AM,AUTAZES,32135,56.76676520927338,34.3,73.21,228.43,44.01,17.11,9.66,0.577
1300409,AM,BARCELOS,25718,56.61793296523835,47.37,74.74,237.29,38.59,35.24,13.71,0.5
1300508,AM,BARREIRINHA,27355,54.604277097422774,46.23,83.65,148.28,57.24,11.43,3.62,0.574
1300607,AM,BENJAMIN CONSTANT,33411,39.72643740085601,28.08,78.14,211.1,46.65,24.12,5.56,0.574
1300631,AM,BERURI,15486,49.773989409789486,43.29,78.54,193.4,58.56,27.95,4.79,0.506
1300680,AM,BOA VISTA DO RAMOS,14979,49.59610120835837,40.05,80.82,175.55,56.23,8.61,12.28,0.565
1300706,AM,BOCA DO ACRE,30632,36.83729433272395,27.28,72.02,288.42,37.08,29.56,8.43,0.588
1300805,AM,BORBA,34961,58.713995595091674,36.98,76.04,219.83,49.06,17.29,5.2,0.56
1300839,AM,CAAPIRANGA,10975,53.16628701594533,29.67,71.15,235.49,44.27,16.27,6.36,0.569
1300904,AM,CANUTAMA,12738,47.54278536661956,34.1,77.38,206.44,62.9,31.5,12.88,0.53
1301001,AM,CARAUARI,25774,23.395670055094282,23.92,75.35,222.32,37.93,31.44,5.68,0.549
1301100,AM,CAREIRO,32734,71.17064825563634,41.27,76.77,197.06,46.14,14.86,11.65,0.557
1301159,AM,CAREIRO DA VÁRZEA,23930,95.82114500626828,30.36,75.23,207.18,73.51,17.94,1.83,0.568
1301209,AM,COARI,75965,34.63963667478444,21.98,63.59,347.2,33.63,18.67,9.4,0.586
1301308,AM,CODAJÁS,23206,31.88830474877187,29.32,77.17,239.64,50.99,20.39,5.63,0.563
1301407,AM,EIRUNEPÉ,30665,27.71563671938692,32.2,74.5,241.86,38.95,36.14,7.26,0.563
1301506,AM,ENVIRA,16338,35.41437140408863,35.87,80.07,204.98,37.11,35.05,6.48,0.509
1301605,AM,FONTE BOA,22817,33.75553315510365,37.8,78.03,200.4,55.49,26.62,6.14,0.53
1301654,AM,GUAJARÁ,13974,46.8512952626306,51.48,83.14,191.04,49.63,35.2,8.95,0.532
1301704,AM,HUMAITÁ,44227,31.035340402921292,25.86,63.98,382.13,30.73,18.54,12.26,0.605
1301803,AM,IPIXUNA,22254,57.31553877954525,39.53,86.43,154.54,61.01,40.62,3.18,0.481
1301852,AM,IRANDUBA,40781,28.939947524582525,16.69,59.84,349.23,29.03,14.38,8.53,0.613
1301902,AM,ITACOATIARA,86839,33.02893861053214,17.45,58.58,373.71,28.31,9.94,6.35,0.644
1301951,AM,ITAMARATI,8038,44.36426971883553,55.51,88.6,214.95,56.67,40.71,11.18,0.477
1302009,AM,ITAPIRANGA,8211,21.43466082085008,27.79,69.41,321.94,27.25,9.26,11.43,0.654
1302108,AM,JAPURÁ,7326,54.98225498225498,22.55,80.03,248.6,41.93,29.28,2.27,0.522
1302207,AM,JURUÁ,10802,47.361599703758564,32.23,76.19,227.39,58.91,36.45,0.88,0.522
1302306,AM,JUTAÍ,17992,41.35171187194309,40.95,83.11,214.36,58.88,30.74,0.68,0.516
1302405,AM,LÁBREA,37701,35.79215405426912,33.28,73.07,227.62,51.12,31.17,2.9,0.531
1302504,AM,MANACAPURU,85141,29.32429734205612,16.16,61.05,342.58,34.52,17.11,5.12,0.614
1302553,AM,MANAQUIRI,22801,69.0276742248147,21.99,73.87,254.15,64.17,11.52,5.09,0.596
1302603,AM,MANAUS,1802014,0.5068218115952484,3.75,33.5,790.27,1.31,4.0,7.09,0.737
1302702,AM,MANICORÉ,47017,56.7199098198524,26.72,68.47,295.23,47.31,18.27,5.22,0.582
1302801,AM,MARAÃ,17528,50.06275673208581,52.14,85.3,144.99,61.78,19.38,5.62,0.498
1302900,AM,MAUÉS,52236,50.5475151236695,34.31,76.2,244.3,50.79,11.23,6.51,0.588
1303007,AM,NHAMUNDÁ,18278,61.64788270051428,43.78,78.54,195.12,54.61,9.85,4.48,0.586
1303106,AM,NOVA OLINDA DO NORTE,30696,55.60985144644253,33.18,75.71,232.07,55.92,13.99,5.07,0.558
1303205,AM,NOVO AIRÃO,14723,35.48189906948312,30.88,69.78,246.44,41.94,16.66,13.05,0.57
1303304,AM,NOVO ARIPUANÃ,21451,34.39000512796606,31.0,72.69,219.69,45.31,21.18,12.91,0.554
1303403,AM,PARINTINS,102033,31.50255309556712,22.81,66.21,313.07,26.5,6.57,4.54,0.658
1303502,AM,PAUINI,18166,49.00363316084994,47.23,80.66,218.21,57.7,30.96,3.53,0.496
1303536,AM,PRESIDENTE FIGUEIREDO,27175,52.158233670653175,12.83,49.86,396.51,35.25,7.82,11.55,0.647
1303569,AM,RIO PRETO DA EVA,25719,52.54481122905245,18.28,59.58,315.24,42.38,12.13,8.49,0.611
1303601,AM,SANTA ISABEL DO RIO NEGRO,18146,62.21756861016202,55.11,84.32,141.04,50.8,33.43,10.37,0.479
1303700,AM,SANTO ANTÔNIO DO IÇÁ,24481,47.11408847677791,55.83,86.79,122.21,64.83,23.18,2.76,0.49
1303809,AM,SÃO GABRIEL DA CACHOEIRA,37896,49.72028710154106,42.56,74.33,355.51,40.45,15.87,16.4,0.609
1303908,AM,SÃO PAULO DE OLIVENÇA,31422,54.60823626758322,47.99,84.66,150.28,76.26,24.86,4.67,0.521
1303957,AM,SÃO SEBASTIÃO DO UATUMÃ,10705,44.848201774871555,20.35,72.94,262.79,56.47,11.16,5.37,0.577
1304005,AM,SILVES,8444,52.28564661297963,25.98,72.6,238.53,50.68,8.55,4.7,0.632
1304062,AM,TABATINGA,52272,30.4503367003367,25.83,69.08,338.4,32.9,15.63,12.78,0.616
1304104,AM,TAPAUÁ,19077,44.341353462284424,39.66,76.76,193.97,57.26,33.62,10.0,0.502
1304203,AM,TEFÉ,61453,18.52472621352904,15.15,59.83,421.41,27.62,15.65,11.93,0.639
1304237,AM,TONANTINS,17079,47.89507582411148,30.93,78.39,189.15,52.18,21.83,9.66,0.548
1304260,AM,UARINI,11891,42.8559414683374,26.51,80.27,223.11,70.87,20.46,3.53,0.527
1304302,AM,URUCARÁ,17094,42.166842166842166,31.33,74.33,246.99,47.67,8.89,11.58,0.62
1304401,AM,URUCURITUBA,17837,41.425127543869486,32.03,72.57,227.55,54.4,10.06,5.27,0.588
1400027,RR,AMAJARI,9327,86.9304170687252,59.89,86.49,121.32,41.63,39.65,5.08,0.484
1400050,RR,ALTO ALEGRE,16448,70.9387159533074,51.42,76.79,201.32,56.05,40.86,9.55,0.542
1400100,RR,BOA VISTA,284313,2.291136880832041,5.03,32.27,786.55,4.37,6.27,19.56,0.752
1400159,RR,BONFIM,10943,66.08791007950288,34.94,71.87,329.22,44.01,14.71,9.65,0.626
1400175,RR,CANTÁ,13902,83.76492590994101,33.95,68.88,297.59,43.95,19.01,13.36,0.619
1400209,RR,CARACARAÍ,18398,40.70007609522774,17.05,61.64,336.05,34.09,14.48,10.86,0.624
1400233,RR,CAROEBE,8114,59.03376879467587,14.79,61.05,334.97,47.56,13.39,3.78,0.639
1400282,RR,IRACEMA,8696,53.104875804967804,36.27,67.8,261.18,36.24,31.57,5.69,0.582
1400308,RR,MUCAJAÍ,14792,39.59572742022715,22.23,60.16,487.66,26.76,18.62,11.27,0.665
1400407,RR,NORMANDIA,8940,74.14988814317674,47.59,77.36,203.43,36.97,13.7,14.95,0.594
1400456,RR,PACARAIMA,10433,56.733441963002015,39.16,67.64,388.35,27.47,10.79,14.16,0.65
1400472,RR,RORAINÓPOLIS,24279,56.04019934923185,26.59,65.32,284.22,40.32,15.98,8.09,0.619
1400506,RR,SÃO JOÃO DA BALIZA,6769,29.753287043876497,13.96,56.19,365.67,33.17,12.63,12.31,0.655
1400605,RR,SÃO LUIZ,6750,34.0,18.06,60.11,344.73,26.96,13.27,12.26,0.649
1400704,RR,UIRAMUTÃ,8375,86.41194029850746,69.67,86.91,123.16,75.34,31.63,1.78,0.453
1500107,PA,ABAETETUBA,141100,41.17788802267895,18.98,65.93,293.01,31.83,14.97,8.3,0.628
1500131,PA,ABEL FIGUEIREDO,6780,11.002949852507374,9.38,58.48,390.12,32.82,19.24,10.94,0.622
1500206,PA,ACARÁ,53569,76.43973193451437,27.51,76.53,199.34,52.16,22.85,4.98,0.506
1500305,PA,AFUÁ,35042,72.95245705153816,45.65,83.32,163.98,48.94,31.73,9.33,0.489
1500347,PA,ÁGUA AZUL DO NORTE,25057,80.54036796104882,22.36,60.38,266.02,54.82,12.56,1.13,0.564
1500404,PA,ALENQUER,52626,47.32261619731692,34.14,75.77,215.33,49.58,17.15,4.97,0.564
1500503,PA,ALMEIRIM,33614,40.605105015767236,20.47,57.77,484.16,35.34,14.85,10.59,0.642
1500602,PA,ALTAMIRA,99075,15.122886701993439,11.25,45.82,492.05,18.63,13.41,8.48,0.665
1500701,PA,ANAJÁS,24759,61.6543479138899,38.53,82.27,186.88,41.76,36.1,9.23,0.484
1500800,PA,ANANINDEUA,471980,0.24598499936437984,4.16,37.46,564.76,1.89,3.62,6.47,0.718
1500859,PA,ANAPU,20543,52.134547047656135,26.31,66.96,266.28,48.72,20.98,7.64,0.548
1500909,PA,AUGUSTO CORRÊA,40497,54.959626639010295,40.76,81.91,159.05,66.3,28.83,4.51,0.52
1500958,PA,AURORA DO PARÁ,26546,69.23076923076923,33.58,78.58,184.39,56.32,25.21,6.56,0.519
1501006,PA,AVEIRO,15849,79.94195217363871,41.63,84.82,148.71,68.64,15.12,8.12,0.541
1501105,PA,BAGRE,23864,55.32601407978545,28.34,85.93,159.41,47.95,26.08,4.47,0.471
1501204,PA,BAIÃO,36882,49.69090613307304,28.21,70.94,226.99,59.8,14.93,10.27,0.578
1501253,PA,BANNACH,3431,62.63480034975226,17.47,59.56,416.31,55.68,19.54,8.55,0.594
1501303,PA,BARCARENA,99859,63.65174896604212,10.49,49.56,437.43,15.61,9.17,7.33,0.662
1501402,PA,BELÉM,1393399,0.8557491429231685,3.54,33.26,853.82,1.62,3.47,9.02,0.746
1501451,PA,BELTERRA,16318,58.00955999509744,28.5,72.35,241.57,48.68,13.57,6.27,0.588
1501501,PA,BENEVIDES,51651,44.02431705097675,6.95,51.03,385.83,7.6,7.3,5.32,0.665
1501576,PA,BOM JESUS DO TOCANTINS,15298,46.672767682049944,12.98,58.75,337.28,45.26,22.88,4.53,0.589
1501600,PA,BONITO,13630,71.92223037417462,22.74,74.47,218.05,64.59,23.23,4.96,0.546
1501709,PA,BRAGANÇA,113227,35.86247096540578,20.59,66.91,311.97,37.38,16.94,5.94,0.6
1501725,PA,BRASIL NOVO,15690,56.029318036966224,26.63,61.82,408.55,53.17,19.15,6.71,0.613
1501758,PA,BREJO GRANDE DO ARAGUAIA,7317,41.12341123411234,20.34,64.88,310.08,39.79,21.85,9.63,0.591
1501782,PA,BREU BRANCO,52493,44.16779380107824,20.91,71.34,252.31,41.71,22.15,8.12,0.568
1501808,PA,BREVES,92860,49.86000430755977,32.09,79.45,209.14,35.19,26.91,9.15,0.503
1501907,PA,BUJARU,25695,68.48024907569567,31.25,81.17,174.18,68.03,15.85,6.14,0.552
1501956,PA,CACHOEIRA DO PIRIÁ,26484,79.11191662890802,43.93,89.24,130.4,66.23,30.96,1.85,0.473
1502004,PA,CACHOEIRA DO ARARI,20443,64.01702294183828,36.27,73.24,209.79,58.72,14.64,6.89,0.546
1502103,PA,CAMETÁ,120896,56.29466649020646,29.03,75.25,226.99,54.53,11.43,6.75,0.577
1502152,PA,CANAÃ DOS CARAJÁS,26716,22.417278035634077,8.24,45.63,517.33,18.56,10.65,7.14,0.673
1502202,PA,CAPANEMA,63639,20.281588334197583,14.23,56.52,356.27,20.29,14.87,6.45,0.655
1502301,PA,CAPITÃO POÇO,51893,58.68228855529647,25.24,73.18,283.1,55.78,26.2,3.68,0.548
1502400,PA,CASTANHAL,173149,11.418489278020663,7.15,48.59,467.32,8.51,8.39,7.26,0.673
1502509,PA,CHAVES,21005,88.05046417519638,43.41,78.69,198.83,71.98,28.92,0.55,0.453
1502608,PA,COLARES,11381,67.83235216589051,26.14,74.47,231.98,49.55,11.36,9.06,0.602
1502707,PA,CONCEIÇÃO DO ARAGUAIA,45557,28.739820444717605,11.78,50.74,405.29,26.24,15.51,7.43,0.64
1502756,PA,CONCÓRDIA DO PARÁ,28216,46.526793308760986,15.39,69.47,260.68,42.25,22.24,9.71,0.566
1502764,PA,CUMARU DO NORTE,10466,74.0970762468947,24.58,56.77,417.06,60.33,26.19,8.16,0.55
1502772,PA,CURIONÓPOLIS,18288,31.485126859142607,18.69,62.14,319.35,21.43,19.71,3.65,0.636
1502806,PA,CURRALINHO,28549,61.71494623279274,35.17,79.52,188.88,54.18,23.32,10.8,0.502
1502855,PA,CURUÁ,12254,52.82356781459115,38.99,83.51,180.94,50.88,15.77,13.66,0.578
1502905,PA,CURUÇÁ,34294,64.50107890593107,27.54,73.92,233.96,49.76,11.73,6.15,0.582
1502939,PA,DOM ELISEU,51319,36.63945127535611,8.74,61.28,348.04,25.89,19.23,8.49,0.615
1502954,PA,ELDORADO DOS CARAJÁS,31786,47.8449631913421,20.35,67.97,281.12,42.06,23.21,5.52,0.56
1503002,PA,FARO,8177,25.058089763972117,38.39,78.93,180.47,44.83,11.68,14.26,0.563
1503044,PA,FLORESTA DO ARAGUAIA,17768,50.95677622692481,29.23,69.03,283.57,49.49,20.37,9.86,0.583
1503077,PA,GARRAFÃO DO NORTE,25034,65.6187584884557,24.06,75.18,229.91,59.0,33.1,5.22,0.526
1503093,PA,GOIANÉSIA DO PARÁ,30436,30.733342094887632,16.34,63.51,303.9,24.84,24.42,7.63,0.56
1503101,PA,GURUPÁ,29062,67.03599201706696,33.07,75.96,191.06,52.57,27.26,2.67,0.509
1503200,PA,IGARAPÉ-AÇU,35887,40.9061777245242,17.77,68.84,293.71,43.33,16.87,5.45,0.595
1503309,PA,IGARAPÉ-MIRI,58077,54.87886771010899,29.57,77.97,196.34,42.6,20.56,6.36,0.547
1503408,PA,INHANGAPI,10037,72.39214904852048,21.51,71.17,245.7,45.44,17.0,7.36,0.572
1503457,PA,IPIXUNA DO PARÁ,51309,76.1698727318794,30.85,79.43,188.48,45.74,24.57,9.95,0.489
1503507,PA,IRITUIA,31364,79.19908174977681,29.98,76.39,224.25,57.91,21.43,5.41,0.559
1503606,PA,ITAITUBA,97493,27.500435928733346,11.47,50.38,440.6,15.36,15.13,8.43,0.64
1503705,PA,ITUPIRANGA,51220,59.99609527528309,31.65,75.34,234.25,49.34,25.13,5.77,0.528
1503754,PA,JACAREACANGA,14103,65.04289867404098,42.41,68.61,289.16,16.83,29.01,4.75,0.505
1503804,PA,JACUNDÁ,51360,11.053348909657322,11.94,57.57,399.45,22.42,17.37,5.34,0.622
1503903,PA,JURUTI,47086,66.33394214840929,28.55,74.17,241.39,39.82,9.75,8.06,0.592
1504000,PA,LIMOEIRO DO AJURU,25021,75.23280444426682,38.31,80.77,172.12,69.93,16.11,6.84,0.541
1504059,PA,MÃE DO RIO,27904,17.388188073394495,14.14,62.61,367.01,23.45,19.05,5.97,0.599
1504109,PA,MAGALHÃES BARATA,8115,53.23475046210721,31.31,74.53,208.43,38.56,11.56,5.94,0.597
1504208,PA,MARABÁ,233669,20.284676187256334,10.34,45.91,527.86,12.73,12.18,9.75,0.668
1504307,PA,MARACANÃ,28376,58.92303354947843,31.11,76.97,221.89,49.54,13.19,6.64,0.57
1504406,PA,MARAPANIM,26605,56.008269122345425,20.6,66.47,277.01,39.77,10.22,6.25,0.609
1504422,PA,MARITUBA,108246,1.0374517303179793,5.35,45.13,382.02,2.83,5.03,7.17,0.676
1504455,PA,MEDICILÂNDIA,27328,65.02122365339578,23.69,63.49,345.44,63.64,20.02,4.12,0.582
1504505,PA,MELGAÇO,24808,77.81763947113835,43.92,89.26,135.21,48.29,39.7,4.37,0.418
1504604,PA,MOCAJUBA,26731,31.618719838389886,28.12,78.65,229.18,49.33,11.89,10.27,0.575
1504703,PA,MOJU,70018,64.06352652175156,24.22,72.44,291.67,53.16,20.36,4.44,0.547
1504802,PA,MONTE ALEGRE,55462,55.70841296743716,31.58,73.56,231.65,48.19,15.72,7.39,0.589
1504901,PA,MUANÁ,34204,57.545901064203015,24.12,75.81,230.14,41.39,14.15,6.19,0.547
1504950,PA,NOVA ESPERANÇA DO PIRIÁ,20158,60.49211231272944,46.55,84.51,160.34,59.23,28.61,4.0,0.502
1504976,PA,NOVA IPIXUNA,14645,47.24479344486173,18.07,67.93,315.1,50.65,23.91,7.44,0.581
1505007,PA,NOVA TIMBOTEUA,13670,59.61960497439649,20.78,65.35,267.59,50.12,21.55,10.08,0.609
1505031,PA,NOVO PROGRESSO,25124,29.481770418723134,4.02,32.3,658.31,26.68,9.66,4.1,0.673
1505064,PA,NOVO REPARTIMENTO,62050,54.95568090249799,26.59,71.32,256.37,46.75,22.35,5.93,0.537
1505106,PA,ÓBIDOS,49333,48.37938094176312,24.98,74.44,255.03,46.08,13.73,4.88,0.594
1505205,PA,OEIRAS DO PARÁ,28595,60.02098268928134,35.57,79.4,181.86,50.59,19.85,6.52,0.507
1505304,PA,ORIXIMINÁ,62794,36.06554766378954,26.43,68.05,332.29,32.56,12.49,10.01,0.623
1505403,PA,OURÉM,16311,54.398871926920485,25.23,72.19,285.61,44.51,22.57,3.13,0.568
1505437,PA,OURILÂNDIA DO NORTE,27359,27.215907014145255,11.51,47.23,466.52,21.45,13.53,4.99,0.624
1505486,PA,PACAJÁ,39979,65.61444758498212,38.87,75.86,231.91,51.91,23.46,5.72,0.515
1505494,PA,PALESTINA DO PARÁ,7475,39.18394648829432,21.48,67.4,284.54,43.7,25.46,12.44,0.589
1505502,PA,PARAGOMINAS,97819,21.78308917490467,7.49,51.97,507.16,18.39,13.98,4.64,0.645
1505536,PA,PARAUAPEBAS,153908,9.887725134495932,4.42,34.69,627.61,4.68,8.68,5.7,0.715
1505551,PA,PAU D'ARCO,6033,39.648599370130945,21.56,63.12,279.72,43.23,24.69,17.53,0.574
1505601,PA,PEIXE-BOI,7854,46.9187675070028,28.09,71.19,234.4,45.33,23.92,7.03,0.581
1505635,PA,PIÇARRA,12697,71.79648735921872,21.1,65.47,263.04,51.29,23.99,10.31,0.563
1505650,PA,PLACAS,23934,79.71922787666082,29.33,76.36,231.94,62.08,18.53,5.53,0.552
1505700,PA,PONTA DE PEDRAS,25999,52.21354667487211,31.76,72.33,257.4,44.58,15.69,8.55,0.562
1505809,PA,PORTEL,52172,52.365253392624396,39.4,80.46,195.22,43.47,32.68,11.04,0.483
1505908,PA,PORTO DE MOZ,33956,57.05324537636942,33.82,78.46,193.52,48.76,23.23,4.43,0.503
1506005,PA,PRAINHA,29349,69.47425806671437,42.48,81.62,193.32,59.84,18.98,4.9,0.523
1506104,PA,PRIMAVERA,10268,37.75808336579665,34.32,72.17,279.74,49.4,22.81,5.29,0.577
1506112,PA,QUATIPURU,12411,57.1912013536379,30.33,77.14,244.9,49.23,25.08,6.52,0.543
1506138,PA,REDENÇÃO,75556,7.267457250251469,4.55,41.2,529.54,17.32,12.56,5.36,0.672
1506161,PA,RIO MARIA,17697,23.648075945075437,8.19,45.75,460.83,29.88,17.29,6.58,0.638
1506187,PA,RONDON DO PARÁ,46964,26.122136104250064,14.11,60.53,346.74,35.62,21.75,5.93,0.602
1506195,PA,RURÓPOLIS,40087,61.90036670242223,24.43,73.89,242.49,56.45,19.39,9.77,0.548
1506203,PA,SALINÓPOLIS,37421,10.769354105983272,9.8,53.2,398.58,9.64,11.99,4.52,0.647
1506302,PA,SALVATERRA,20183,37.21448743992469,23.43,67.15,296.28,35.12,9.79,5.45,0.608
1506351,PA,SANTA BÁRBARA DO PARÁ,17141,68.15821714019019,13.74,66.25,287.25,22.43,9.01,6.16,0.627
1506401,PA,SANTA CRUZ DO ARARI,8155,51.02391171060699,28.79,86.78,161.13,69.12,12.37,4.93,0.557
1506500,PA,SANTA ISABEL DO PARÁ,59466,27.689772306864427,7.32,54.44,384.17,22.06,10.15,5.75,0.659
1506559,PA,SANTA LUZIA DO PARÁ,19424,55.246087314662276,28.23,77.86,217.11,42.48,27.08,2.45,0.546
1506583,PA,SANTA MARIA DAS BARREIRAS,17206,63.05358595838661,27.83,69.3,253.55,54.47,19.87,4.35,0.544
1506609,PA,SANTA MARIA DO PARÁ,23026,42.11760618431339,9.62,63.63,323.98,39.09,21.67,4.22,0.598
1506708,PA,SANTANA DO ARAGUAIA,56153,47.17468345413424,10.94,55.96,316.81,40.09,15.84,6.79,0.602
1506807,PA,SANTARÉM,294580,26.74655441645733,14.85,55.4,409.07,21.32,8.07,5.29,0.691
1506906,PA,SANTARÉM NOVO,6141,70.54225696140693,29.2,79.53,203.0,48.8,18.86,11.56,0.587
1507003,PA,SANTO ANTÔNIO DO TAUÁ,26674,44.24908150258679,12.01,62.79,331.12,34.86,12.45,6.39,0.632
1507102,PA,SÃO CAETANO DE ODIVELAS,16891,58.80646498135101,17.27,69.96,247.8,49.91,12.25,7.92,0.585
1507151,PA,SÃO DOMINGOS DO ARAGUAIA,23130,34.05101599654129,12.52,60.51,400.66,37.26,21.48,8.43,0.594
1507201,PA,SÃO DOMINGOS DO CAPIM,29846,77.92333981102995,36.22,81.11,189.39,63.41,24.0,8.48,0.532
1507300,PA,SÃO FÉLIX DO XINGU,91340,50.60980950295599,21.25,54.07,423.85,46.11,12.26,2.26,0.594
1507409,PA,SÃO FRANCISCO DO PARÁ,15060,66.04913678618858,14.22,65.06,279.19,54.15,17.25,3.93,0.608
1507458,PA,SÃO GERALDO DO ARAGUAIA,25587,46.887091100949704,13.4,62.0,322.95,35.7,20.34,6.75,0.595
1507466,PA,SÃO JOÃO DA PONTA,5265,80.41785375118708,27.39,75.66,206.18,59.28,9.22,8.24,0.583
1507474,PA,SÃO JOÃO DE PIRABAS,20647,49.20811740204388,30.74,77.58,215.54,44.61,22.51,6.24,0.539
1507508,PA,SÃO JOÃO DO ARAGUAIA,13155,80.34207525655644,26.18,74.15,216.86,55.39,26.95,7.77,0.55
1507607,PA,SÃO MIGUEL DO GUAMÁ,51567,38.16975973005992,14.14,66.3,299.95,30.65,18.49,6.8,0.591
1507706,PA,SÃO SEBASTIÃO DA BOA VISTA,22904,56.767376877401325,31.46,77.28,202.85,44.42,17.24,4.09,0.558
1507755,PA,SAPUCAIA,5047,34.11927877947296,8.65,49.25,426.86,33.97,24.09,14.4,0.59
1507805,PA,SENADOR JOSÉ PORFÍRIO,13045,50.4024530471445,25.82,77.73,219.97,58.56,24.69,6.37,0.514
1507904,PA,SOURE,23001,8.63440719968697,16.69,62.45,300.59,27.98,10.12,8.51,0.615
1507953,PA,TAILÂNDIA,79297,25.958106864067997,11.99,66.19,300.85,25.22,14.62,1.82,0.588
1507961,PA,TERRA ALTA,10262,57.76651724809979,21.84,71.27,252.51,42.51,10.46,11.14,0.605
1507979,PA,TERRA SANTA,16949,39.02295120656086,14.91,65.01,338.44,31.77,9.32,3.44,0.635
1508001,PA,TOMÉ-AÇU,56518,44.15407480802576,12.7,63.98,326.18,37.76,17.5,5.82,0.586
1508035,PA,TRACUATEUA,27455,73.57129848843562,32.91,81.34,195.97,67.68,23.27,3.32,0.531
1508050,PA,TRAIRÃO,16875,66.34666666666666,21.86,57.99,322.61,51.99,21.35,5.42,0.562
1508084,PA,TUCUMÃ,33690,20.133570792520036,7.73,41.97,517.86,28.85,13.34,3.76,0.659
1508100,PA,TUCURUÍ,97128,4.824561403508772,6.37,45.36,534.02,15.46,10.25,10.44,0.666
1508126,PA,ULIANÓPOLIS,43341,34.18472116471701,11.7,58.24,558.72,34.08,16.07,6.52,0.604
1508159,PA,URUARÁ,44789,45.45535734220456,20.27,55.73,353.67,48.56,16.38,5.64,0.589
1508209,PA,VIGIA,47889,32.441688070329306,11.22,58.65,323.12,34.34,10.81,7.76,0.617
1508308,PA,VISEU,56716,67.56294520064884,44.66,84.66,160.09,58.81,24.05,7.82,0.515
1508357,PA,VITÓRIA DO XINGU,13431,60.07743280470553,18.88,65.86,323.18,49.66,17.26,4.7,0.596
1508407,PA,XINGUARA,40573,22.38187957508688,4.97,45.16,520.57,18.48,13.24,5.36,0.646
1600055,AP,SERRA DO NAVIO,4380,41.210045662100455,16.99,50.64,484.63,13.63,11.88,14.57,0.709
1600105,AP,AMAPÁ,8069,13.756351468583468,21.53,65.81,406.9,37.05,12.11,7.92,0.642
1600154,AP,PEDRA BRANCA DO AMAPARI,10772,44.64352023765318,19.65,59.06,397.98,31.49,18.12,9.39,0.626
1600204,AP,CALÇOENE,9000,18.81111111111111,22.76,63.47,417.71,30.91,14.03,7.83,0.643
1600212,AP,CUTIAS,4696,47.99829642248722,23.64,71.71,287.41,37.77,12.5,17.92,0.628
1600238,AP,FERREIRA GOMES,5802,28.042054463977937,14.94,59.25,416.72,24.22,14.74,17.34,0.656
1600253,AP,ITAUBAL,4265,58.874560375146544,33.09,77.68,213.26,53.23,15.45,5.67,0.576
1600279,AP,LARANJAL DO JARI,39942,5.1023984777928,8.94,52.98,432.92,22.4,12.49,9.6,0.665
1600303,AP,MACAPÁ,398204,4.2666572912376575,5.89,37.48,717.88,3.73,6.62,13.62,0.733
1600402,AP,MAZAGÃO,17032,51.432597463597936,24.89,64.48,353.61,40.95,23.69,8.16,0.592
1600501,AP,OIAPOQUE,20509,32.45892047393827,21.31,51.02,598.38,20.13,9.82,7.98,0.658
1600535,AP,PORTO GRANDE,16809,35.69516330537212,18.0,58.21,356.65,36.59,13.95,10.26,0.64
1600550,AP,PRACUÚBA,3793,50.408647508568414,37.72,77.46,228.81,50.78,12.9,20.08,0.614
1600600,AP,SANTANA,101262,2.1241926882739826,8.92,50.4,469.24,5.96,10.65,10.68,0.692
1600709,AP,TARTARUGALZINHO,12563,48.133407625567145,36.87,73.12,250.2,44.24,18.66,1.66,0.592
1600808,AP,VITÓRIA DO JARI,12428,17.106533633730287,22.33,66.89,309.39,15.03,16.35,13.94,0.619
1700251,TO,ABREULÂNDIA,2391,38.26850690087829,13.3,53.72,624.03,42.45,14.19,14.24,0.665
1700301,TO,AGUIARNÓPOLIS,5162,19.759783029833397,6.95,54.11,374.27,17.17,18.32,10.51,0.657
1700350,TO,ALIANÇA DO TOCANTINS,5671,16.13472050784694,11.43,55.23,357.08,23.55,15.71,11.83,0.663
1700400,TO,ALMAS,7586,20.78829422620617,15.32,60.14,369.39,32.29,24.03,13.02,0.636
1700707,TO,ALVORADA,8374,7.2725101504657275,2.83,33.51,539.26,13.82,10.9,11.89,0.708
1701002,TO,ANANÁS,9865,17.445514445007603,6.81,52.11,380.36,30.96,21.03,16.3,0.671
1701051,TO,ANGICO,3175,38.960629921259844,13.51,62.42,288.86,37.81,18.62,25.84,0.648
1701101,TO,APARECIDA DO RIO NEGRO,4213,21.362449560882983,12.55,59.07,320.54,25.46,16.16,13.42,0.651
1701309,TO,ARAGOMINAS,5882,62.087725263515814,17.63,54.79,357.45,61.04,25.75,11.27,0.593
1701903,TO,ARAGUACEMA,6317,53.696374861484884,24.06,63.31,308.94,37.94,17.86,14.11,0.639
1702000,TO,ARAGUAÇU,8786,33.05258365581607,6.05,46.05,435.22,34.03,15.5,16.01,0.675
1702109,TO,ARAGUAÍNA,150484,5.023125382100423,2.91,30.6,737.63,7.1,9.25,9.85,0.752
1702158,TO,ARAGUANÃ,5030,32.68389662027833,8.17,58.65,372.96,30.85,19.89,10.21,0.604
1702208,TO,ARAGUATINS,31329,35.73047336333748,19.69,63.75,342.07,33.51,21.64,12.7,0.631
1702307,TO,ARAPOEMA,6742,19.089291011569266,4.03,49.44,442.33,39.64,19.12,12.36,0.68
1702406,TO,ARRAIAS,10645,30.75622357914514,18.32,55.98,418.64,31.2,22.83,24.94,0.651
1702554,TO,AUGUSTINÓPOLIS,15950,17.391849529780565,9.01,58.67,364.32,27.48,24.4,10.71,0.67
1702703,TO,AURORA DO TOCANTINS,3446,27.974463145676147,13.37,57.7,535.8,45.47,22.47,17.96,0.677
1702901,TO,AXIXÁ DO TOCANTINS,9275,17.83288409703504,16.48,57.6,324.56,36.19,26.26,11.81,0.627
1703008,TO,BABAÇULÂNDIA,10424,52.71488871834229,15.11,58.67,313.37,38.67,22.16,8.62,0.642
1703057,TO,BANDEIRANTES DO TOCANTINS,3122,46.02818705957719,22.06,66.62,278.0,31.99,18.74,11.14,0.638
1703073,TO,BARRA DO OURO,4123,46.98035411108416,28.37,66.31,256.28,38.98,24.79,18.71,0.603
1703107,TO,BARROLÂNDIA,5349,16.264722378014582,10.56,52.84,335.26,34.04,17.18,11.67,0.642
1703206,TO,BERNARDO SAYÃO,4456,50.92010771992819,6.2,51.24,347.03,40.03,19.74,13.99,0.638
1703305,TO,BOM JESUS DO TOCANTINS,3768,25.0,10.31,50.49,381.43,31.81,16.23,13.96,0.66
1703602,TO,BRASILÂNDIA DO TOCANTINS,2064,30.426356589147286,9.07,49.79,428.48,35.6,18.47,24.46,0.684
1703701,TO,BREJINHO DE NAZARÉ,5185,19.09353905496625,9.17,57.88,414.87,31.52,17.98,18.23,0.686
1703800,TO,BURITI DO TOCANTINS,9768,23.68959868959869,19.26,71.67,287.05,36.53,24.53,17.39,0.627
1703826,TO,CACHOEIRINHA,2148,19.41340782122905,18.58,65.84,241.7,45.44,20.32,28.57,0.627
1703842,TO,CAMPOS LINDOS,8139,40.79125199655977,31.11,74.47,292.64,46.88,23.42,9.06,0.544
1703867,TO,CARIRI DO TOCANTINS,3756,44.27582534611289,5.8,41.52,425.49,42.61,15.59,5.82,0.662
1703883,TO,CARMOLÂNDIA,2316,21.243523316062177,6.67,49.03,382.31,39.05,21.17,28.07,0.64
1703891,TO,CARRASCO BONITO,3688,46.664859002169194,28.14,76.27,234.45,50.83,32.02,20.82,0.594
1703909,TO,CASEARA,4601,40.512931971310586,14.36,57.4,447.52,45.24,19.35,16.24,0.658
1704105,TO,CENTENÁRIO,2566,41.38737334372564,30.56,71.95,280.17,30.47,30.65,31.25,0.569
1704600,TO,CHAPADA DE AREIA,1335,43.89513108614232,15.11,58.54,376.48,55.36,20.24,24.41,0.619
1705102,TO,CHAPADA DA NATIVIDADE,3277,49.46597497711321,26.85,67.93,315.34,40.77,22.82,8.6,0.62
1705508,TO,COLINAS DO TOCANTINS,30838,3.9918282638303393,4.55,40.86,587.11,13.46,12.92,8.41,0.701
1705557,TO,COMBINADO,4669,14.32855001070893,4.18,48.46,455.39,33.06,19.73,16.31,0.697
1705607,TO,CONCEIÇÃO DO TOCANTINS,4182,30.392156862745097,17.94,64.24,310.96,41.74,25.66,11.57,0.592
1706001,TO,COUTO MAGALHÃES,5009,62.38770213615492,22.26,68.96,284.33,41.84,18.82,11.21,0.605
1706100,TO,CRISTALÂNDIA,7234,18.108930052529722,8.22,49.69,495.57,24.69,13.63,15.28,0.673
1706258,TO,CRIXÁS DO TOCANTINS,1564,44.24552429667519,15.07,51.46,341.27,33.54,11.25,4.91,0.644
1706506,TO,DARCINÓPOLIS,5273,33.83273278968329,13.5,57.36,327.64,36.11,22.09,6.57,0.581
1707009,TO,DIANÓPOLIS,19112,13.959815822519882,8.03,46.32,528.6,19.37,13.68,17.56,0.701
1707108,TO,DIVINÓPOLIS DO TOCANTINS,6363,29.812981298129813,13.42,53.85,507.04,34.61,17.65,14.59,0.683
1707207,TO,DOIS IRMÃOS DO TOCANTINS,7161,61.22049993017735,30.85,66.47,245.98,56.48,18.67,9.8,0.583
1707306,TO,DUERÉ,4592,33.471254355400696,6.86,51.46,467.9,44.69,13.54,11.38,0.679
1707405,TO,ESPERANTINA,9476,51.30856901646264,36.37,81.74,174.51,53.24,24.93,8.14,0.57
1707553,TO,FÁTIMA,3805,17.608409986859396,7.95,49.93,464.94,19.83,16.26,18.35,0.697
1707652,TO,FIGUEIRÓPOLIS,5340,24.082397003745317,9.2,40.48,498.31,37.72,18.02,15.54,0.689
1707702,TO,FILADÉLFIA,8505,34.88536155202822,19.95,66.54,291.57,40.07,20.87,16.53,0.621
1708205,TO,FORMOSO DO ARAGUAIA,18427,27.644217723991968,12.31,48.66,429.17,25.92,13.93,10.92,0.67
1708254,TO,FORTALEZA DO TABOCÃO,2419,18.64406779661017,9.64,50.56,370.0,23.6,18.97,23.13,0.659
1708304,TO,GOIANORTE,4956,44.30992736077482,15.9,61.0,329.64,54.06,17.96,14.62,0.621
1709005,TO,GOIATINS,12064,58.97712201591512,37.47,71.93,232.19,41.97,27.64,17.84,0.576
1709302,TO,GUARAÍ,23200,8.931034482758621,4.21,38.82,722.83,15.61,12.1,12.03,0.741
1709500,TO,GURUPI,76755,2.286495993746336,1.74,25.74,778.9,5.76,6.84,12.31,0.759
1709807,TO,IPUEIRAS,1639,41.54972544234289,11.31,59.68,288.55,25.37,17.07,33.14,0.62
1710508,TO,ITACAJÁ,7104,39.850788288288285,25.42,65.28,304.55,31.24,19.37,9.74,0.612
1710706,TO,ITAGUATINS,6029,43.67225078785868,23.75,65.87,281.62,31.72,26.72,15.99,0.616
1710904,TO,ITAPIRATINS,3532,45.809739524348814,13.87,55.6,357.54,54.46,20.92,8.76,0.601
1711100,TO,ITAPORÃ DO TOCANTINS,2445,36.07361963190184,5.56,51.72,363.13,50.91,20.47,12.96,0.65
1711506,TO,JAÚ DO TOCANTINS,3507,62.64613629883091,12.84,52.64,523.53,50.35,14.22,13.08,0.662
1711803,TO,JUARINA,2231,53.69789332138055,23.89,66.16,265.5,52.64,16.78,1.71,0.584
1711902,TO,LAGOA DA CONFUSÃO,10210,37.98237022526934,7.39,50.23,404.61,36.49,14.31,8.44,0.627
1711951,TO,LAGOA DO TOCANTINS,3525,28.0,33.42,74.48,235.28,37.55,24.92,17.14,0.579
1712009,TO,LAJEADO,2773,21.889650198341148,9.91,47.38,527.21,17.9,10.54,24.48,0.675
1712157,TO,LAVANDEIRA,1605,36.26168224299065,15.6,55.6,330.96,43.82,23.96,10.65,0.66
1712405,TO,LIZARDA,3725,30.65771812080537,48.36,74.72,302.83,62.41,24.24,11.17,0.57
1712454,TO,LUZINÓPOLIS,2622,36.117467581998476,13.76,60.79,319.83,33.35,19.84,9.24,0.639
1712504,TO,MARIANÓPOLIS DO TOCANTINS,4352,45.24356617647059,11.5,49.21,403.96,49.64,19.36,15.64,0.631
1712702,TO,MATEIROS,2223,36.25730994152047,15.96,62.48,307.46,33.83,28.78,19.56,0.607
1712801,TO,MAURILÂNDIA DO TOCANTINS,3154,36.049461001902344,25.93,70.87,233.68,46.56,25.49,13.85,0.58
1713205,TO,MIRACEMA DO TOCANTINS,20684,13.280796751111971,6.51,40.99,533.46,13.49,11.97,17.11,0.684
1713304,TO,MIRANORTE,12623,12.572288679394756,8.31,46.55,410.45,23.21,14.73,10.16,0.662
1713601,TO,MONTE DO CARMO,6716,57.10244192972007,21.62,64.39,351.96,44.17,21.34,12.56,0.622
1713700,TO,MONTE SANTO DO TOCANTINS,2085,78.41726618705036,17.83,60.49,280.98,56.63,17.59,14.18,0.62
1713809,TO,PALMEIRAS DO TOCANTINS,5740,43.69337979094077,16.74,60.43,307.43,37.2,18.62,13.15,0.628
1713957,TO,MURICILÂNDIA,3152,42.89340101522843,28.08,67.92,234.22,41.51,26.08,28.5,0.596
1714203,TO,NATIVIDADE,9000,20.055555555555557,14.74,54.78,446.32,26.23,20.64,17.22,0.673
1714302,TO,NAZARÉ,4386,54.60556315549476,17.81,62.75,302.39,44.86,22.47,15.38,0.643
1714880,TO,NOVA OLINDA,10686,30.142242186037805,11.19,57.05,365.84,29.73,18.56,9.58,0.631
1715002,TO,NOVA ROSALÂNDIA,3770,34.53580901856764,23.45,63.67,299.38,41.59,16.43,17.2,0.661
1715101,TO,NOVO ACORDO,3762,18.048910154173313,18.21,57.81,374.83,31.1,16.33,19.62,0.639
1715150,TO,NOVO ALEGRE,2286,25.678040244969377,8.86,51.58,433.31,39.65,15.11,13.32,0.699
1715259,TO,NOVO JARDIM,2457,27.716727716727718,17.14,63.14,259.32,50.87,21.86,14.13,0.596
1715507,TO,OLIVEIRA DE FÁTIMA,1037,21.215043394406944,12.56,52.49,396.97,32.59,18.26,18.06,0.675
1715705,TO,PALMEIRANTE,4954,61.12232539362132,27.94,68.88,267.76,56.38,21.79,4.09,0.571
1715754,TO,PALMEIRÓPOLIS,7339,18.503883362855976,7.71,46.49,463.45,29.28,14.22,7.68,0.673
1716109,TO,PARAÍSO DO TOCANTINS,44417,4.376702613864061,1.63,25.98,899.57,8.44,7.34,11.05,0.764
1716208,TO,PARANÃ,10338,54.34319984523118,31.89,68.27,311.37,41.66,28.33,20.17,0.595
1716307,TO,PAU D'ARCO,4588,36.791630340017434,13.12,51.58,380.41,43.71,20.44,9.24,0.661
1716505,TO,PEDRO AFONSO,11539,13.198717393188318,4.1,31.2,618.56,14.51,11.27,18.89,0.732
1716604,TO,PEIXE,10384,49.585901386748844,12.73,47.6,547.9,35.69,17.82,14.86,0.674
1716653,TO,PEQUIZEIRO,5054,52.710724178868226,9.4,60.88,313.34,53.74,21.33,14.13,0.627
1716703,TO,COLMÉIA,8611,26.024851933573338,4.81,46.34,442.96,30.98,20.32,8.45,0.671
1717008,TO,PINDORAMA DO TOCANTINS,4506,34.59831335996449,23.32,66.93,293.47,50.33,16.03,10.5,0.605
1717206,TO,PIRAQUÊ,2920,61.57534246575342,15.36,60.43,319.42,61.93,22.98,1.09,0.621
1717503,TO,PIUM,6694,43.546459515984466,8.95,49.8,411.25,45.01,20.77,17.45,0.65
1717800,TO,PONTE ALTA DO BOM JESUS,4544,44.960387323943664,31.17,67.41,313.2,40.18,27.4,6.94,0.603
1717909,TO,PONTE ALTA DO TOCANTINS,7180,36.949860724233986,19.53,65.06,308.4,37.85,18.17,9.6,0.624
1718006,TO,PORTO ALEGRE DO TOCANTINS,2796,31.36623748211731,17.42,55.21,305.98,38.52,21.91,13.99,0.645
1718204,TO,PORTO NACIONAL,49146,13.655231351483335,4.03,35.81,621.1,12.7,9.97,12.85,0.74
1718303,TO,PRAIA NORTE,7659,41.66340253296775,27.91,73.99,210.53,50.64,34.12,5.87,0.583
1718402,TO,PRESIDENTE KENNEDY,3681,12.333604998641674,4.65,55.94,398.02,26.24,17.83,10.88,0.669
1718451,TO,PUGMIL,2369,15.407344871253693,6.23,47.13,380.52,15.09,14.11,22.51,0.669
1718501,TO,RECURSOLÂNDIA,3768,47.18683651804671,46.78,79.35,168.85,41.63,29.54,15.26,0.5
1718550,TO,RIACHINHO,4191,56.76449534717251,35.04,77.57,182.97,47.71,24.67,1.27,0.572
1718659,TO,RIO DA CONCEIÇÃO,1714,8.168028004667445,26.41,68.86,256.83,28.78,15.43,16.12,0.608
1718709,TO,RIO DOS BOIS,2570,59.961089494163424,15.8,60.07,310.91,39.44,20.64,18.77,0.616
1718758,TO,RIO SONO,6254,61.51263191557403,27.2,67.67,285.17,41.57,21.8,13.86,0.6
1718808,TO,SAMPAIO,3864,9.006211180124224,21.21,67.58,239.06,35.53,26.52,12.95,0.606
1718840,TO,SANDOLÂNDIA,3326,46.96331930246542,6.89,50.83,393.98,41.96,17.78,15.02,0.659
1718865,TO,SANTA FÉ DO ARAGUAIA,6599,33.71722988331565,15.21,60.15,342.15,34.44,21.72,15.52,0.616
1718881,TO,SANTA MARIA DO TOCANTINS,2894,40.39391845196959,15.29,57.81,334.09,42.77,19.17,16.1,0.634
1718899,TO,SANTA RITA DO TOCANTINS,2128,56.8609022556391,9.14,55.52,402.99,43.41,16.1,22.28,0.651
1718907,TO,SANTA ROSA DO TOCANTINS,4568,35.48598949211909,22.74,66.42,284.63,46.42,19.44,12.82,0.595
1719004,TO,SANTA TEREZA DO TOCANTINS,2523,35.94926674593738,7.81,51.76,373.96,27.71,15.86,20.99,0.662
1720002,TO,SANTA TEREZINHA DO TOCANTINS,2474,35.56992724333064,20.63,65.77,301.14,41.34,23.82,14.89,0.637
1720101,TO,SÃO BENTO DO TOCANTINS,4608,41.05902777777778,18.2,64.01,324.27,44.05,21.53,12.05,0.605
1720150,TO,SÃO FÉLIX DO TOCANTINS,1437,35.21224773834377,36.15,74.65,244.55,25.21,22.44,30.02,0.574
1720200,TO,SÃO MIGUEL DO TOCANTINS,10481,75.69888369430397,18.32,67.58,298.31,32.42,27.18,10.33,0.623
1720259,TO,SÃO SALVADOR DO TOCANTINS,2910,45.42955326460481,28.22,64.21,318.39,18.03,20.91,27.97,0.605
1720309,TO,SÃO SEBASTIÃO DO TOCANTINS,4283,23.34812047630166,29.96,77.93,198.01,39.88,28.25,24.28,0.573
1720499,TO,SÃO VALÉRIO,4383,37.8736025553274,17.2,63.92,344.49,36.23,21.94,5.46,0.643
1720655,TO,SILVANÓPOLIS,5068,19.869771112865035,12.59,53.07,423.43,33.79,19.15,16.36,0.675
1720804,TO,SÍTIO NOVO DO TOCANTINS,9148,46.70966331438566,32.02,68.65,245.11,57.0,28.06,4.47,0.604
1720853,TO,SUCUPIRA,1742,36.5097588978186,7.45,51.97,386.22,39.92,16.3,24.26,0.667
1720903,TO,TAGUATINGA,15051,29.393395787655304,21.96,62.22,399.35,36.69,20.87,13.11,0.634
1720937,TO,TAIPAS DO TOCANTINS,1945,19.948586118251928,17.08,66.85,292.72,45.15,29.09,23.92,0.601
1720978,TO,TALISMÃ,2562,46.79937548790008,6.68,37.86,467.87,46.7,20.1,16.3,0.654
1721000,TO,PALMAS,228332,2.886148240281695,1.52,21.7,1087.35,3.12,4.0,18.71,0.788
1721109,TO,TOCANTÍNIA,6736,56.1312351543943,32.5,68.93,277.25,19.94,21.78,22.94,0.589
1721208,TO,TOCANTINÓPOLIS,22619,19.014987399973474,10.17,53.78,414.08,18.47,16.95,13.12,0.681
1721257,TO,TUPIRAMA,1574,40.9148665819568,9.78,46.87,401.76,21.2,17.09,32.52,0.67
1721307,TO,TUPIRATINS,2097,49.21316165951359,22.22,60.54,337.79,58.82,22.18,16.45,0.587
1722081,TO,WANDERLÂNDIA,10981,46.56224387578545,8.79,55.33,376.35,29.2,20.29,9.01,0.638
1722107,TO,XAMBIOÁ,11484,15.203761755485893,11.92,53.64,450.43,23.54,19.52,12.31,0.671
2100055,MA,AÇAILÂNDIA,104047,24.806097244514497,10.12,53.86,438.56,19.79,19.22,5.46,0.672
2100105,MA,AFONSO CUNHA,5905,45.23285351397121,45.54,82.32,149.78,29.8,38.74,10.9,0.529
2100154,MA,ÁGUA DOCE DO MARANHÃO,11581,72.94706847422502,39.02,79.64,172.55,38.36,39.1,6.74,0.5
2100204,MA,ALCÂNTARA,21851,70.71529907098073,37.99,74.63,209.27,49.19,24.16,11.48,0.573
2100303,MA,ALDEIAS ALTAS,23952,43.077822311289246,36.55,82.49,179.92,55.91,40.35,3.48,0.513
2100402,MA,ALTAMIRA DO MARANHÃO,11063,71.49055409924975,36.66,80.55,164.24,40.52,35.86,17.37,0.549
2100436,MA,ALTO ALEGRE DO MARANHÃO,24599,21.24070084149762,27.6,75.95,198.43,36.41,31.68,4.21,0.554
2100477,MA,ALTO ALEGRE DO PINDARÉ,31057,68.35174034839167,42.95,86.17,144.91,59.39,35.6,8.08,0.558
2100501,MA,ALTO PARNAÍBA,10766,34.72041612483745,25.58,67.03,559.61,42.48,23.34,10.09,0.633
2100550,MA,AMAPÁ DO MARANHÃO,6431,24.723993158140257,37.78,80.3,182.63,45.97,36.13,6.57,0.52
2100600,MA,AMARANTE DO MARANHÃO,37932,60.44500685437098,29.79,75.78,231.79,54.48,30.83,5.7,0.555
2100709,MA,ANAJATUBA,25291,72.26286030603772,39.99,74.57,207.65,65.85,29.52,6.31,0.581
2100808,MA,ANAPURUS,13939,48.604634478800484,32.99,77.09,192.8,48.77,32.27,9.78,0.581
2100832,MA,APICUM-AÇU,14959,38.75259041379771,24.7,76.5,215.17,53.53,20.76,7.46,0.568
2100873,MA,ARAGUANÃ,13973,61.51864309740213,34.72,85.97,161.57,58.58,30.26,13.6,0.533
2100907,MA,ARAIOSES,42505,71.66215739324785,40.55,79.42,175.81,56.49,36.2,6.44,0.521
2100956,MA,ARAME,31702,60.40943789035392,44.31,83.15,210.09,60.57,36.01,9.19,0.512
2101004,MA,ARARI,28488,38.63030047739399,21.94,65.3,308.83,37.93,23.78,3.85,0.626
2101103,MA,AXIXÁ,11407,58.77093013062155,27.13,75.79,223.51,53.19,18.0,10.09,0.641
2101202,MA,BACABAL,100014,22.15089887415762,12.93,58.35,375.57,22.33,22.97,4.88,0.651
2101251,MA,BACABEIRA,14925,77.7286432160804,21.44,69.99,257.4,31.01,19.88,6.65,0.629
2101301,MA,BACURI,16604,47.68730426403276,29.48,75.55,230.45,56.56,26.15,6.69,0.578
2101350,MA,BACURITUBA,5293,73.09654260343851,41.62,84.49,152.38,51.39,25.98,7.3,0.537
2101400,MA,BALSAS,83528,12.878316253232448,8.5,47.32,531.6,17.51,14.0,5.39,0.687
2101509,MA,BARÃO DE GRAJAÚ,17841,42.05481755506978,20.75,61.38,292.55,31.73,24.45,4.1,0.592
2101608,MA,BARRA DO CORDA,82830,37.64578051430641,26.21,67.13,305.61,37.09,30.27,6.45,0.606
2101707,MA,BARREIRINHAS,54930,59.852539595849265,37.56,79.37,197.08,47.72,27.97,4.26,0.57
2101731,MA,BELÁGUA,6524,49.984671980380135,58.19,89.27,107.14,67.08,43.12,8.39,0.512
2101772,MA,BELA VISTA DO MARANHÃO,12049,57.09187484438542,24.23,78.95,197.65,57.2,31.69,5.57,0.554
2101806,MA,BENEDITO LEITE,5469,48.56463704516365,35.88,73.75,217.65,60.28,31.52,5.08,0.546
2101905,MA,BEQUIMÃO,20344,67.5285096342902,34.72,77.31,190.84,44.45,26.27,1.94,0.601
2101939,MA,BERNARDO DO MEARIM,5996,61.240827218145434,20.29,67.78,236.18,60.75,28.76,8.78,0.604
2101970,MA,BOA VISTA DO GURUPI,7949,29.311863127437412,27.77,78.03,196.78,34.99,26.19,12.46,0.545
2102002,MA,BOM JARDIM,39049,58.037337703910474,32.27,80.1,202.28,58.21,34.45,4.15,0.538
2102036,MA,BOM JESUS DAS SELVAS,28459,52.805790786745845,34.87,75.92,226.09,52.1,29.4,5.44,0.558
2102077,MA,BOM LUGAR,14818,71.78431637198003,32.02,82.33,164.44,64.45,34.59,2.74,0.562
2102101,MA,BREJO,33359,63.008483467729846,40.08,80.61,200.25,43.72,32.24,6.91,0.562
2102150,MA,BREJO DE AREIA,5577,48.84346422807961,26.98,75.75,187.95,52.16,38.69,0.6,0.519
2102200,MA,BURITI,27013,68.90756302521008,47.94,83.21,157.21,60.86,33.0,6.48,0.548
2102309,MA,BURITI BRAVO,22899,25.699812218874186,29.63,72.04,229.21,40.41,33.42,5.22,0.59
2102325,MA,BURITICUPU,65237,45.14002789827858,29.4,78.43,220.64,38.94,29.42,6.39,0.556
2102358,MA,BURITIRANA,14784,71.95616883116882,23.52,71.17,230.11,54.87,30.97,10.27,0.583
2102374,MA,CACHOEIRA GRANDE,8446,55.10300734075302,55.86,90.28,110.65,72.41,33.61,4.66,0.537
2102408,MA,CAJAPIÓ,10593,63.32483715661286,45.03,85.6,145.01,71.01,27.25,2.86,0.553
2102507,MA,CAJARI,18338,76.63867379212564,51.36,86.38,136.39,71.18,23.53,3.83,0.523
2102556,MA,CAMPESTRE DO MARANHÃO,13369,20.5550153339816,7.92,53.06,358.0,25.73,23.41,5.91,0.652
2102606,MA,CÂNDIDO MENDES,18505,35.63361253715212,35.23,77.13,203.94,50.63,23.22,7.17,0.561
2102705,MA,CANTANHEDE,20448,36.624608763693274,40.03,83.1,176.61,48.69,31.34,10.14,0.565
2102754,MA,CAPINZAL DO NORTE,10698,47.560291643297816,36.14,76.6,200.15,50.24,34.62,9.18,0.537
2102804,MA,CAROLINA,23959,32.230059685295714,19.64,57.85,334.51,30.01,16.38,4.29,0.634
2102903,MA,CARUTAPERA,22006,26.274652367536127,27.76,71.45,220.91,44.06,21.48,5.75,0.574
2103000,MA,CAXIAS,155129,23.590044414648453,17.21,62.48,324.9,23.93,27.65,7.51,0.624
2103109,MA,CEDRAL,10297,76.72137515781296,31.59,79.3,202.86,57.76,18.51,7.39,0.605
2103125,MA,CENTRAL DO MARANHÃO,7887,48.19322936477748,34.56,79.7,182.77,60.03,29.54,2.43,0.585
2103158,MA,CENTRO DO GUILHERME,12565,43.716673298846004,32.98,77.76,190.58,43.15,31.14,2.64,0.542
2103174,MA,CENTRO NOVO DO MARANHÃO,17622,68.66416978776529,35.33,78.45,188.88,43.39,27.28,5.6,0.518
2103208,MA,CHAPADINHA,73350,27.90456714383095,29.79,72.05,251.75,35.64,27.55,6.0,0.604
2103257,MA,CIDELÂNDIA,13681,55.88041809809224,16.72,64.37,263.53,48.83,26.3,8.54,0.6
2103307,MA,CODÓ,118038,31.339907487419307,25.07,68.92,273.45,38.14,32.91,3.71,0.595
2103406,MA,COELHO NETO,46750,17.157219251336898,23.04,73.62,236.47,35.51,31.5,6.02,0.564
2103505,MA,COLINAS,39132,34.644280895430846,30.88,71.52,279.81,47.1,32.61,5.22,0.596
2103554,MA,CONCEIÇÃO DO LAGO-AÇU,14436,52.41756719312829,33.43,80.5,170.79,68.69,37.56,4.6,0.512
2103604,MA,COROATÁ,61725,30.243823410287565,31.93,73.19,237.3,46.68,34.73,3.68,0.576
2103703,MA,CURURUPU,32652,31.795908367021926,21.45,71.72,274.39,49.86,18.86,2.88,0.612
2103752,MA,DAVINÓPOLIS,12579,16.630892757770887,11.85,67.28,263.12,19.68,27.18,6.15,0.607
2103802,MA,DOM PEDRO,22681,32.714606939729286,14.32,62.06,298.33,24.33,26.24,5.21,0.622
2103901,MA,DUQUE BACELAR,10649,49.85444642689455,41.83,81.63,163.87,52.34,35.1,5.69,0.533
2104008,MA,ESPERANTINÓPOLIS,18452,45.61565141990028,27.04,72.09,262.41,47.31,33.66,6.09,0.586
2104057,MA,ESTREITO,35835,28.064741174829077,10.52,46.88,503.29,12.16,16.18,5.96,0.659
2104073,MA,FEIRA NOVA DO MARANHÃO,8126,76.28599556977603,40.35,80.06,192.39,72.05,22.02,7.96,0.532
2104081,MA,FERNANDO FALCÃO,9241,83.70306243912997,51.61,90.45,106.99,84.09,41.64,7.48,0.443
2104099,MA,FORMOSA DA SERRA NEGRA,17757,66.68919299431211,45.61,82.86,163.15,55.73,20.43,8.32,0.556
2104107,MA,FORTALEZA DOS NOGUEIRAS,11646,39.73037952945217,22.48,64.9,271.6,41.37,17.7,9.96,0.616
2104206,MA,FORTUNA,15098,37.05126506822096,29.45,67.07,257.81,46.44,33.4,10.29,0.58
2104305,MA,GODOFREDO VIANA,10635,36.78420310296192,21.99,70.5,225.47,51.53,18.43,6.39,0.604
2104404,MA,GONÇALVES DIAS,17482,55.55428440681844,34.03,72.79,233.2,55.17,37.49,6.57,0.568
2104503,MA,GOVERNADOR ARCHER,10205,35.031847133757964,26.16,72.31,237.47,54.58,34.14,3.89,0.565
2104552,MA,GOVERNADOR EDISON LOBÃO,15895,56.2315193457062,9.25,60.96,312.56,24.59,21.35,3.95,0.629
2104602,MA,GOVERNADOR EUGÊNIO BARROS,15991,70.67100243887187,29.5,73.37,245.38,53.67,38.64,9.71,0.572
2104628,MA,GOVERNADOR LUIZ ROCHA,7337,29.303530053155242,37.56,75.07,188.68,56.39,33.5,11.89,0.544
2104651,MA,GOVERNADOR NEWTON BELLO,11921,64.00469759248385,30.65,79.61,190.15,59.4,39.63,4.5,0.521
2104677,MA,GOVERNADOR NUNES FREIRE,25401,37.226880831463326,26.99,74.67,230.94,37.04,27.87,6.39,0.569
2104701,MA,GRAÇA ARANHA,6140,52.57328990228013,30.44,72.32,227.51,50.29,32.07,4.32,0.57
2104800,MA,GRAJAÚ,62093,40.345932713832475,18.98,66.38,340.1,37.58,24.13,5.3,0.609
2104909,MA,GUIMARÃES,12081,42.811025577352865,30.96,73.69,223.14,55.27,17.21,7.38,0.625
2105005,MA,HUMBERTO DE CAMPOS,26189,59.88392073007751,53.44,89.03,125.91,56.4,25.99,7.35,0.535
2105104,MA,ICATU,25145,68.91628554384569,43.21,81.44,154.09,57.12,24.67,5.76,0.546
2105153,MA,IGARAPÉ DO MEIO,12550,50.54183266932271,24.65,74.47,216.25,47.23,31.11,11.05,0.569
2105203,MA,IGARAPÉ GRANDE,11041,39.64314826555566,15.75,67.24,292.16,55.16,30.66,4.9,0.614
2105302,MA,IMPERATRIZ,247505,5.2354497888931535,3.51,38.33,613.87,5.36,11.67,3.92,0.731
2105351,MA,ITAIPAVA DO GRAJAÚ,14297,69.95173812687976,45.49,85.61,136.77,62.39,37.46,5.91,0.518
2105401,MA,ITAPECURU MIRIM,62110,44.18290130413782,30.38,75.32,221.87,40.75,29.42,3.63,0.599
2105427,MA,ITINGA DO MARANHÃO,24863,29.051200579173873,12.31,58.66,336.91,32.1,25.55,6.42,0.63
2105450,MA,JATOBÁ,8526,56.134177809054655,36.01,76.08,206.58,52.18,35.53,9.85,0.561
2105476,MA,JENIPAPO DOS VIEIRAS,15440,83.68523316062176,54.26,86.0,127.24,75.33,36.92,6.23,0.49
2105500,MA,JOÃO LISBOA,20381,24.753446837741034,10.77,57.28,303.91,24.16,24.15,6.66,0.641
2105609,MA,JOSELÂNDIA,15433,61.381455323009135,33.6,73.89,221.23,59.02,36.41,3.77,0.561
2105658,MA,JUNCO DO MARANHÃO,4020,29.875621890547265,22.11,71.3,244.54,40.92,29.85,19.18,0.552
2105708,MA,LAGO DA PEDRA,46083,34.80025171972311,21.54,70.17,263.13,36.38,33.27,5.76,0.589
2105807,MA,LAGO DO JUNCO,10729,63.528753844719915,32.17,76.25,226.69,67.85,36.12,9.75,0.581
2105906,MA,LAGO VERDE,15412,67.22034778094991,28.41,80.71,188.31,62.42,36.2,10.11,0.557
2105922,MA,LAGOA DO MATO,10934,59.27382476678251,31.48,69.85,210.29,60.78,36.23,8.33,0.566
2105948,MA,LAGO DOS RODRIGUES,7794,37.78547600718501,16.05,68.05,252.89,53.13,32.78,7.07,0.602
2105963,MA,LAGOA GRANDE DO MARANHÃO,10517,47.713226205191596,37.9,82.38,158.3,68.48,38.68,9.27,0.502
2105989,MA,LAJEADO NOVO,6923,53.86393182146468,28.56,74.08,263.2,51.51,20.14,9.54,0.589
2106003,MA,LIMA CAMPOS,11423,40.532259476494794,23.14,63.94,292.37,48.25,33.17,4.77,0.581
2106102,MA,LORETO,11390,44.161545215100965,34.48,75.34,198.73,46.71,24.58,12.11,0.582
2106201,MA,LUÍS DOMINGUES,6510,15.468509984639017,33.85,73.72,232.06,38.62,21.07,8.47,0.588
2106300,MA,MAGALHÃES DE ALMEIDA,17587,49.036219935179396,39.39,79.71,181.73,50.29,33.17,4.14,0.567
2106326,MA,MARACAÇUMÉ,19155,17.36361263377708,18.28,70.33,239.38,24.54,27.65,8.71,0.582
2106359,MA,MARAJÁ DO SENA,8051,85.61669357843746,60.72,91.57,96.25,75.62,43.53,5.36,0.452
2106375,MA,MARANHÃOZINHO,14065,35.86917881265553,30.36,79.06,176.36,51.27,29.59,8.23,0.55
2106409,MA,MATA ROMA,15150,52.92409240924093,39.4,81.58,161.49,40.82,30.63,12.33,0.57
2106508,MA,MATINHA,21885,59.410555174777244,27.83,74.43,294.51,49.08,20.3,7.24,0.619
2106607,MA,MATÕES,31015,56.03740125745607,34.73,74.25,202.66,53.86,38.79,11.78,0.55
2106631,MA,MATÕES DO NORTE,13794,66.0794548354357,41.86,89.23,133.33,57.48,36.56,6.79,0.533
2106672,MA,MILAGRES DO MARANHÃO,8118,78.31978319783198,43.45,83.74,144.42,65.24,38.39,2.99,0.527
2106706,MA,MIRADOR,20452,54.170741247799725,50.29,82.46,163.97,54.77,32.05,4.72,0.545
2106755,MA,MIRANDA DO NORTE,24427,20.092520571498753,18.0,68.06,245.25,27.23,22.64,8.45,0.61
2106805,MA,MIRINZAL,14218,36.48192432128288,24.47,69.09,239.0,51.55,18.25,4.89,0.622
2106904,MA,MONÇÃO,31738,62.94977629340223,30.98,80.39,178.1,62.92,30.04,5.56,0.546
2107001,MA,MONTES ALTOS,9413,45.543397429087435,33.15,73.81,221.57,48.4,21.44,3.34,0.575
2107100,MA,MORROS,17783,62.211100489231285,42.93,80.5,164.07,62.73,32.88,4.07,0.548
2107209,MA,NINA RODRIGUES,12464,64.38543003851092,46.2,83.38,152.75,56.61,31.44,13.23,0.585
2107258,MA,NOVA COLINAS,4885,54.75946775844422,36.67,78.76,181.59,47.08,24.94,14.49,0.566
2107308,MA,NOVA IORQUE,4590,37.34204793028322,24.85,67.31,257.61,49.25,33.53,9.12,0.584
2107357,MA,NOVA OLINDA DO MARANHÃO,19134,38.005644402634054,19.1,74.1,225.16,39.67,30.73,9.9,0.581
2107407,MA,OLHO D'ÁGUA DAS CUNHÃS,18601,48.43287995269072,23.16,70.77,247.36,44.21,37.07,4.94,0.589
2107456,MA,OLINDA NOVA DO MARANHÃO,13181,54.624080115317504,44.77,79.71,173.63,54.05,28.16,8.88,0.575
2107506,MA,PAÇO DO LUMIAR,105121,25.028300720122527,7.77,44.76,444.5,7.19,6.13,6.26,0.724
2107605,MA,PALMEIRÂNDIA,18764,81.5657642293754,40.37,83.15,167.06,68.43,28.17,2.88,0.556
2107704,MA,PARAIBANO,20103,21.673382082276277,23.72,64.81,281.23,33.9,33.46,6.61,0.58
2107803,MA,PARNARAMA,34586,60.88012490603134,38.17,78.42,183.8,53.12,38.57,16.74,0.542
2107902,MA,PASSAGEM FRANCA,17562,40.41680901947387,31.68,74.47,210.4,48.03,38.1,3.2,0.532
2108009,MA,PASTOS BONS,18067,31.881330602756407,28.56,71.56,230.94,45.36,26.55,4.19,0.61
2108058,MA,PAULINO NEVES,14519,67.94545078862181,46.26,83.14,159.46,55.53,33.27,1.6,0.561
2108108,MA,PAULO RAMOS,20079,46.08795258728024,26.77,74.97,239.23,50.48,39.51,8.02,0.549
2108207,MA,PEDREIRAS,39448,16.505272764145204,12.11,54.25,441.42,22.78,20.64,5.93,0.682
2108256,MA,PEDRO DO ROSÁRIO,22732,74.08938940700334,42.76,83.77,154.0,67.44,31.07,5.75,0.516
2108306,MA,PENALVA,34267,51.57731928677737,28.63,76.08,201.99,53.4,22.88,8.27,0.554
2108405,MA,PERI MIRIM,13803,73.4260667970731,35.05,79.54,186.95,60.94,24.1,11.52,0.599
2108454,MA,PERITORÓ,21201,63.43568699589642,39.96,82.16,178.51,30.54,39.35,6.96,0.564
2108504,MA,PINDARÉ-MIRIM,31152,28.039933230611197,18.31,65.83,274.84,37.16,21.8,5.07,0.633
2108603,MA,PINHEIRO,78162,40.524807451191116,19.22,61.35,292.88,35.11,19.25,6.03,0.637
2108702,MA,PIO XII,22016,43.409338662790695,27.79,74.32,223.37,51.96,33.98,5.36,0.541
2108801,MA,PIRAPEMAS,17381,35.872504458891896,40.84,79.42,181.05,53.19,32.62,6.84,0.576
2108900,MA,POÇÃO DE PEDRAS,19708,57.48934442865841,27.78,71.36,234.72,60.8,34.22,4.03,0.576
2109007,MA,PORTO FRANCO,21530,21.662796098467254,9.32,47.8,497.56,23.28,16.73,10.45,0.684
2109056,MA,PORTO RICO DO MARANHÃO,6030,60.01658374792703,25.13,75.0,227.87,55.93,16.69,4.98,0.615
2109106,MA,PRESIDENTE DUTRA,44731,28.461246115669223,12.42,57.21,398.15,28.59,23.32,6.19,0.653
2109205,MA,PRESIDENTE JUSCELINO,11541,64.30118707217746,51.89,85.89,133.03,53.29,31.57,2.15,0.563
2109239,MA,PRESIDENTE MÉDICI,6374,38.75117665516159,27.0,77.3,201.15,47.99,28.04,17.14,0.591
2109270,MA,PRESIDENTE SARNEY,17165,75.01893387707544,35.86,79.82,164.13,67.25,33.23,2.98,0.557
2109304,MA,PRESIDENTE VARGAS,10717,57.2548287767099,50.19,83.36,149.19,58.19,31.76,1.96,0.587
2109403,MA,PRIMEIRA CRUZ,13954,69.26329367923177,49.79,87.67,129.85,61.07,28.37,6.35,0.512
2109452,MA,RAPOSA,26327,36.66198199566985,15.47,64.38,274.0,30.61,16.45,4.33,0.626
2109502,MA,RIACHÃO,20209,49.5026968182493,29.23,66.34,281.53,44.89,21.79,5.54,0.576
2109551,MA,RIBAMAR FIQUENE,7318,49.754031156053564,18.36,65.65,317.75,35.17,23.89,7.78,0.615
2109601,MA,ROSÁRIO,39576,41.24722053769962,20.14,65.17,271.65,27.68,19.62,7.78,0.632
2109700,MA,SAMBAÍBA,5487,48.31419719336614,25.43,72.97,233.92,62.29,24.21,8.51,0.565
2109759,MA,SANTA FILOMENA DO MARANHÃO,7061,67.52584619742247,49.12,86.03,140.76,70.39,34.57,5.03,0.525
2109809,MA,SANTA HELENA,39110,49.941191511122476,25.23,72.5,217.94,50.36,24.45,7.83,0.571
2109908,MA,SANTA INÊS,77282,5.285836287880748,9.26,53.23,411.04,10.31,18.92,2.26,0.674
2110005,MA,SANTA LUZIA,74043,65.17023891522494,33.69,77.94,210.3,50.15,36.18,6.84,0.55
2110039,MA,SANTA LUZIA DO PARUÁ,22644,44.39586645468999,15.83,63.22,301.39,40.21,25.97,11.08,0.599
2110104,MA,SANTA QUITÉRIA DO MARANHÃO,29191,51.55698674248912,33.72,80.09,168.77,50.25,35.61,3.02,0.555
2110203,MA,SANTA RITA,32366,53.917691404560344,27.0,67.24,249.26,33.37,23.93,5.15,0.609
2110237,MA,SANTANA DO MARANHÃO,11661,84.20375611011063,47.14,86.87,127.77,37.9,37.83,5.08,0.51
2110278,MA,SANTO AMARO DO MARANHÃO,13820,73.73371924746743,50.78,87.67,135.04,63.66,27.45,5.48,0.518
2110302,MA,SANTO ANTÔNIO DOS LOPES,14288,59.88241881298992,28.46,72.7,240.2,56.05,33.37,7.98,0.566
2110401,MA,SÃO BENEDITO DO RIO PRETO,17799,37.92347884712624,49.14,85.31,147.34,49.53,34.12,5.53,0.541
2110500,MA,SÃO BENTO,40736,42.29183032207384,31.08,73.94,210.47,43.81,21.23,5.14,0.602
2110609,MA,SÃO BERNARDO,26476,55.431334038374374,36.03,76.94,196.57,42.26,31.8,2.21,0.572
2110658,MA,SÃO DOMINGOS DO AZEITÃO,6983,28.956036087641415,32.69,76.65,288.68,42.86,32.26,4.53,0.59
2110708,MA,SÃO DOMINGOS DO MARANHÃO,33607,48.483946796798286,30.09,73.27,243.74,50.7,30.34,5.99,0.582
2110807,MA,SÃO FÉLIX DE BALSAS,4702,65.37643555933646,35.58,73.3,199.47,50.78,31.83,5.75,0.557
2110856,MA,SÃO FRANCISCO DO BREJÃO,10261,52.87009063444109,21.26,69.87,253.78,50.16,29.0,4.71,0.584
2110906,MA,SÃO FRANCISCO DO MARANHÃO,12146,66.21109830396838,40.44,77.73,182.63,64.23,38.96,2.91,0.528
2111003,MA,SÃO JOÃO BATISTA,19920,73.1726907630522,45.59,84.89,171.53,60.59,23.74,9.07,0.598
2111029,MA,SÃO JOÃO DO CARÚ,12309,48.63108294743684,34.95,81.41,165.38,58.31,38.22,10.86,0.509
2111052,MA,SÃO JOÃO DO PARAÍSO,10814,51.21139263917144,22.29,70.54,251.04,54.98,23.03,11.14,0.609
2111078,MA,SÃO JOÃO DO SOTER,17238,61.445643346095835,37.0,79.52,165.1,66.05,43.11,5.14,0.517
2111102,MA,SÃO JOÃO DOS PATOS,24928,17.494383825417202,16.92,59.73,362.47,29.07,25.98,3.7,0.615
2111201,MA,SÃO JOSÉ DE RIBAMAR,163045,76.87202919439419,7.41,48.11,435.4,4.08,7.21,4.35,0.708
2111250,MA,SÃO JOSÉ DOS BASÍLIOS,7496,59.898612593383135,37.54,78.77,180.77,67.78,35.88,9.15,0.557
2111300,MA,SÃO LUÍS,1014837,5.549167009086188,4.53,35.27,805.36,1.83,4.92,7.77,0.768
2111409,MA,SÃO LUÍS GONZAGA DO MARANHÃO,20153,60.819729072594654,35.78,79.69,182.83,64.42,38.3,9.25,0.54
2111508,MA,SÃO MATEUS DO MARANHÃO,39093,26.55462614790372,23.7,65.65,396.29,37.25,34.02,5.1,0.616
2111532,MA,SÃO PEDRO DA ÁGUA BRANCA,12028,10.941137346192217,14.53,69.44,289.7,28.87,31.05,8.36,0.605
2111573,MA,SÃO PEDRO DOS CRENTES,4425,44.92655367231639,22.8,65.66,257.76,36.92,21.22,17.03,0.6
2111607,MA,SÃO RAIMUNDO DAS MANGABEIRAS,17474,28.27629621151425,19.08,66.02,301.25,35.13,22.3,9.11,0.61
2111631,MA,SÃO RAIMUNDO DO DOCA BEZERRA,6090,71.57635467980296,38.58,81.1,156.4,61.81,42.36,6.21,0.516
2111672,MA,SÃO ROBERTO,5957,52.24106093671311,39.74,82.67,153.65,53.35,37.83,10.73,0.516
2111706,MA,SÃO VICENTE FERRER,20863,73.96826918468102,41.57,82.75,184.71,58.8,28.48,5.38,0.592
2111722,MA,SATUBINHA,11990,69.69140950792327,44.53,89.94,131.73,74.02,33.21,3.69,0.493
2111748,MA,SENADOR ALEXANDRE COSTA,10256,39.898595943837755,30.37,74.16,203.17,54.11,37.09,10.66,0.538
2111763,MA,SENADOR LA ROCQUE,17998,51.44460495610623,18.87,67.21,277.19,47.31,31.98,9.88,0.602
2111789,MA,SERRANO DO MARANHÃO,10940,61.36197440585009,48.68,88.02,123.44,71.99,35.23,11.48,0.519
2111805,MA,SÍTIO NOVO,17002,69.77414421832725,38.47,79.18,190.06,62.16,22.76,11.58,0.564
2111904,MA,SUCUPIRA DO NORTE,10444,52.661815396399845,35.5,74.45,210.88,60.59,28.29,10.18,0.579
2111953,MA,SUCUPIRA DO RIACHÃO,4613,37.95794493821808,24.56,72.34,226.96,44.8,36.1,5.43,0.568
2112001,MA,TASSO FRAGOSO,7796,40.379681888147765,27.43,69.54,264.76,46.23,19.43,9.19,0.599
2112100,MA,TIMBIRAS,27997,37.59688538057649,41.53,82.56,177.46,65.74,40.9,4.28,0.537
2112209,MA,TIMON,155460,13.075389167631545,9.62,55.07,365.26,9.11,18.49,6.96,0.649
2112233,MA,TRIZIDELA DO VALE,18953,14.683691236215903,14.71,64.89,269.74,33.14,26.44,3.95,0.606
2112274,MA,TUFILÂNDIA,5596,51.17941386704789,26.98,80.25,181.75,50.94,37.05,15.39,0.555
2112308,MA,TUNTUM,39183,54.24801572110354,31.92,73.56,221.27,54.64,32.42,2.97,0.572
2112407,MA,TURIAÇU,33933,67.78652049627206,41.61,78.82,171.5,48.7,27.02,8.54,0.561
2112456,MA,TURILÂNDIA,22846,54.683533222445945,32.69,80.47,174.09,58.45,32.76,2.2,0.536
2112506,MA,TUTÓIA,52788,64.61316965977116,28.75,73.92,235.35,43.17,31.9,3.45,0.561
2112605,MA,URBANO SANTOS,24573,29.296382208114597,38.12,79.93,186.07,47.08,32.95,7.34,0.588
2112704,MA,VARGEM GRANDE,49412,45.99085242451226,41.19,81.13,165.37,46.36,34.68,2.67,0.542
2112803,MA,VIANA,49496,45.621868433812836,23.39,68.56,272.76,46.82,19.29,3.27,0.618
2112852,MA,VILA NOVA DOS MARTÍRIOS,11258,45.03464203233256,13.22,69.64,252.89,51.82,30.63,0.11,0.581
2112902,MA,VITÓRIA DO MEARIM,31217,52.554697760835445,29.47,71.48,230.76,39.88,27.3,8.14,0.596
2113009,MA,VITORINO FREIRE,31658,48.90391054393834,25.55,70.98,265.69,40.73,35.56,4.45,0.57
2114007,MA,ZÉ DOCA,50173,38.48484244513982,21.13,68.08,259.21,35.35,26.13,3.93,0.595
2200053,PI,ACAUÃ,6749,86.64987405541562,32.12,73.12,199.35,79.71,32.67,0.26,0.528
2200103,PI,AGRICOLÂNDIA,5098,29.344841114162417,24.0,65.81,245.68,40.51,29.51,4.76,0.599
2200202,PI,ÁGUA BRANCA,16451,11.62239377545438,14.39,56.11,335.63,19.84,25.77,3.53,0.639
2200251,PI,ALAGOINHA DO PIAUÍ,7341,63.64255551014848,28.91,69.96,222.87,59.75,46.9,1.88,0.531
2200277,PI,ALEGRETE DO PIAUÍ,5153,44.944692412187074,22.97,63.35,268.12,34.0,37.95,7.12,0.585
2200301,PI,ALTO LONGÁ,13646,50.79876886999853,27.19,69.67,272.28,48.11,35.42,2.29,0.585
2200400,PI,ALTOS,38822,29.45237236618412,18.61,63.75,314.48,32.84,27.91,7.45,0.614
2200459,PI,ALVORADA DO GURGUÉIA,5050,63.386138613861384,39.72,78.11,203.23,51.34,28.42,6.21,0.578
2200509,PI,AMARANTE,17135,48.80653632915086,23.92,61.45,284.71,45.02,29.96,6.06,0.598
2200608,PI,ANGICAL DO PIAUÍ,6672,21.85251798561151,21.6,61.96,356.17,37.26,26.79,6.95,0.63
2200707,PI,ANÍSIO DE ABREU,9098,50.505605627610464,32.14,67.6,221.91,42.44,31.15,1.05,0.594
2200806,PI,ANTÔNIO ALMEIDA,3039,26.818032247449818,20.76,63.33,293.53,32.47,26.59,14.43,0.62
2200905,PI,AROAZES,5779,40.647170790794256,22.62,64.66,265.91,40.69,33.15,2.81,0.583
2200954,PI,AROEIRAS DO ITAIM,2440,90.24590163934427,30.94,77.84,182.29,74.66,38.57,1.81,0.519
2201002,PI,ARRAIAL,4688,48.101535836177476,35.53,76.84,195.46,31.26,34.72,3.75,0.56
2201051,PI,ASSUNÇÃO DO PIAUÍ,7503,54.978008796481404,48.32,84.18,141.79,31.2,41.85,24.0,0.499
2201101,PI,AVELINO LOPES,11067,39.33315261588506,32.35,73.06,218.97,42.89,24.81,11.3,0.554
2201150,PI,BAIXA GRANDE DO RIBEIRO,10516,38.31304678585013,30.2,73.59,225.94,45.69,22.46,7.23,0.564
2201176,PI,BARRA D'ALCÂNTARA,3852,47.24818276220145,32.35,69.61,211.18,52.42,33.6,2.1,0.577
2201200,PI,BARRAS,44850,50.666666666666664,20.74,66.74,257.99,45.17,34.75,2.13,0.595
2201309,PI,BARREIRAS DO PIAUÍ,3234,42.02226345083488,21.75,66.36,260.79,48.16,21.79,0.0,0.557
2201408,PI,BARRO DURO,6607,27.516270622067506,10.02,55.61,359.06,28.45,29.75,1.27,0.612
2201507,PI,BATALHA,25774,62.726002948708,29.85,71.76,230.66,48.05,38.74,6.26,0.545
2201556,PI,BELA VISTA DO PIAUÍ,3778,67.09899417681312,36.9,78.52,203.61,60.36,24.28,2.12,0.576
2201572,PI,BELÉM DO PIAUÍ,3284,51.187576126674784,25.72,78.41,226.26,48.48,39.25,5.82,0.551
2201606,PI,BENEDITINOS,9911,36.827767127434164,28.99,66.93,263.09,56.51,35.04,0.96,0.557
2201705,PI,BERTOLÍNIA,5319,26.790750141003947,20.27,57.68,325.94,38.08,26.59,0.83,0.612
2201739,PI,BETÂNIA DO PIAUÍ,6015,72.10307564422277,42.15,80.78,164.69,77.36,41.74,0.15,0.489
2201770,PI,BOA HORA,6296,75.79415501905972,24.45,72.77,221.27,49.69,40.99,7.94,0.575
2201804,PI,BOCAINA,4369,60.03662165255207,23.57,55.35,366.07,49.53,24.0,9.43,0.632
2201903,PI,BOM JESUS,22629,22.122055769145785,15.83,52.2,501.14,24.67,19.55,7.0,0.668
2201919,PI,BOM PRINCÍPIO DO PIAUÍ,5304,68.81598793363499,33.09,76.9,211.44,51.58,36.74,9.21,0.532
2201929,PI,BONFIM DO PIAUÍ,5393,69.68292230669387,22.6,63.68,233.05,62.74,35.97,0.48,0.542
2201945,PI,BOQUEIRÃO DO PIAUÍ,6193,56.95139673825287,25.65,62.64,253.4,32.82,35.3,8.34,0.56
2201960,PI,BRASILEIRA,7966,56.27667587245794,20.72,60.16,281.71,41.78,39.18,0.5,0.577
2201988,PI,BREJO DO PIAUÍ,3850,62.96103896103896,26.39,73.8,218.15,72.2,40.74,5.42,0.515
2202000,PI,BURITI DOS LOPES,19074,46.03124672328825,26.43,72.64,236.13,43.68,31.95,1.93,0.565
2202026,PI,BURITI DOS MONTES,7974,69.63882618510158,37.07,72.37,212.72,40.33,34.96,5.14,0.574
2202059,PI,CABECEIRAS DO PIAUÍ,9928,83.30983078162772,28.73,68.73,229.86,49.79,36.74,3.64,0.583
2202075,PI,CAJAZEIRAS DO PIAUÍ,3343,66.73646425366438,25.86,72.97,210.45,52.79,33.05,6.55,0.562
2202083,PI,CAJUEIRO DA PRAIA,7163,62.32025687561078,30.61,78.51,246.88,42.8,35.14,9.11,0.546
2202091,PI,CALDEIRÃO GRANDE DO PIAUÍ,5671,70.69299947099277,23.6,69.03,262.36,69.03,37.25,6.27,0.588
2202109,PI,CAMPINAS DO PIAUÍ,5408,66.58653846153847,36.69,71.36,209.0,54.7,29.27,0.85,0.544
2202117,PI,CAMPO ALEGRE DO FIDALGO,4693,73.91860217344981,44.8,79.3,213.61,27.72,35.7,2.09,0.537
2202133,PI,CAMPO GRANDE DO PIAUÍ,5592,71.94206008583691,24.44,66.39,237.66,61.57,39.3,8.9,0.56
2202174,PI,CAMPO LARGO DO PIAUÍ,6803,78.97986182566515,41.44,81.77,158.02,64.16,42.03,5.6,0.528
2202208,PI,CAMPO MAIOR,45177,25.800739314252827,9.49,53.87,401.74,16.5,23.48,7.21,0.656
2202251,PI,CANAVIEIRA,3921,55.67457281305789,32.09,71.16,209.47,49.78,28.87,3.46,0.583
2202307,PI,CANTO DO BURITI,20020,44.40559440559441,20.56,65.95,279.71,41.14,32.02,5.73,0.576
2202406,PI,CAPITÃO DE CAMPOS,10953,42.05240573358897,27.12,66.0,248.79,41.01,33.97,2.45,0.583
2202455,PI,CAPITÃO GERVÁSIO OLIVEIRA,3878,70.03610108303249,40.19,78.48,182.53,53.5,34.22,1.25,0.553
2202505,PI,CARACOL,10212,60.55620838229534,37.2,75.35,221.08,54.33,37.9,0.56,0.552
2202539,PI,CARAÚBAS DO PIAUÍ,5525,82.40723981900453,45.59,82.9,158.13,57.55,47.43,1.15,0.505
2202554,PI,CARIDADE DO PIAUÍ,4826,67.28139245752176,32.55,76.33,203.34,50.02,35.25,14.88,0.541
2202604,PI,CASTELO DO PIAUÍ,18336,37.39637870855148,18.36,64.17,270.82,32.83,30.86,2.3,0.587
2202653,PI,CAXINGÓ,5039,80.82952966858504,35.63,78.5,177.35,66.21,47.64,0.23,0.488
2202703,PI,COCAL,26036,53.83315409433093,36.81,76.65,198.58,53.65,38.81,0.8,0.497
2202711,PI,COCAL DE TELHA,4525,41.06077348066298,26.2,67.59,245.15,37.95,36.1,8.4,0.555
2202729,PI,COCAL DOS ALVES,5572,68.0186647523331,46.74,77.22,183.59,58.15,39.22,1.34,0.498
2202737,PI,COIVARAS,3811,69.22067698766728,20.9,71.37,234.94,55.82,33.88,5.71,0.565
2202752,PI,COLÔNIA DO GURGUÉIA,6036,19.648774022531477,17.1,63.07,291.37,33.15,23.41,9.91,0.628
2202778,PI,COLÔNIA DO PIAUÍ,7433,64.42889815686802,21.6,63.09,277.73,43.16,37.75,2.02,0.588
2202802,PI,CONCEIÇÃO DO CANINDÉ,4475,47.19553072625698,22.54,70.62,258.93,54.97,32.2,0.14,0.589
2202851,PI,CORONEL JOSÉ DIAS,4541,67.16582250605593,39.46,73.36,200.41,56.96,35.16,1.31,0.546
2202901,PI,CORRENTE,25407,38.23355768095407,20.97,59.61,378.39,31.96,20.28,12.63,0.642
2203008,PI,CRISTALÂNDIA DO PIAUÍ,7831,62.39305324990423,40.47,77.16,204.49,45.88,27.51,9.52,0.573
2203107,PI,CRISTINO CASTRO,9981,27.241759342751227,25.13,66.9,307.32,41.62,26.96,7.0,0.566
2203206,PI,CURIMATÁ,10761,34.1696868320788,21.27,64.3,285.52,34.28,19.98,9.38,0.607
2203230,PI,CURRAIS,4704,80.35714285714286,34.88,78.14,168.68,70.22,35.25,2.56,0.542
2203255,PI,CURRALINHOS,4183,68.18073153239303,32.68,75.25,193.65,47.55,33.43,2.05,0.555
2203271,PI,CURRAL NOVO DO PIAUÍ,4869,71.67796262066133,37.49,78.93,186.24,66.88,38.89,1.26,0.527
2203305,PI,DEMERVAL LOBÃO,13278,18.11266757041723,12.84,58.34,311.48,24.48,27.0,4.53,0.618
2203354,PI,DIRCEU ARCOVERDE,6675,64.50936329588015,26.24,63.74,265.3,55.51,31.06,3.14,0.561
2203404,PI,DOM EXPEDITO LOPES,6569,45.623382554422285,17.1,64.09,300.31,48.72,28.61,3.59,0.601
2203420,PI,DOMINGOS MOURÃO,4264,77.5328330206379,30.7,71.83,240.24,35.0,34.03,1.35,0.55
2203453,PI,DOM INOCÊNCIO,9245,78.17198485667929,39.23,77.15,177.27,73.15,27.09,3.17,0.549
2203503,PI,ELESBÃO VELOSO,14512,30.237045203969128,19.6,60.76,283.38,44.61,38.2,1.56,0.58
2203602,PI,ELISEU MARTINS,4665,18.092175777063236,18.23,57.52,370.7,33.44,22.99,7.78,0.595
2203701,PI,ESPERANTINA,37767,38.681918076627746,18.75,61.0,293.39,35.87,31.21,4.94,0.605
2203750,PI,FARTURA DO PIAUÍ,5074,73.66968860859282,36.24,73.7,186.85,65.46,36.24,0.0,0.548
2203800,PI,FLORES DO PIAUÍ,4366,54.48923499770957,35.07,75.82,210.02,57.56,34.65,2.87,0.547
2203859,PI,FLORESTA DO PIAUÍ,2482,65.3102336825141,35.1,68.23,216.87,48.59,43.61,0.45,0.538
2203909,PI,FLORIANO,57690,13.381868608077657,6.56,42.5,536.3,11.92,14.08,8.08,0.7
2204006,PI,FRANCINÓPOLIS,5235,37.44030563514804,36.88,74.73,206.73,46.43,37.16,1.48,0.564
2204105,PI,FRANCISCO AYRES,4477,51.887424614697345,26.45,63.2,268.41,32.81,32.47,1.41,0.577
2204154,PI,FRANCISCO MACEDO,2879,59.742966307745746,26.1,59.04,273.23,33.4,38.42,14.66,0.553
2204204,PI,FRANCISCO SANTOS,8592,53.68947858472998,17.5,54.02,330.49,51.41,29.79,6.57,0.608
2204303,PI,FRONTEIRAS,11117,34.442745344967165,18.62,54.54,380.62,29.82,30.88,7.46,0.619
2204352,PI,GEMINIANO,5475,77.78995433789954,23.21,72.89,208.67,51.3,37.6,2.69,0.561
2204402,PI,GILBUÉS,10402,42.40530667179389,37.16,69.88,285.45,35.52,24.86,1.24,0.548
2204501,PI,GUADALUPE,10268,4.1488118426178415,7.18,46.97,426.79,21.65,20.01,10.6,0.65
2204550,PI,GUARIBAS,4401,71.02931152010906,43.4,79.98,162.06,29.17,39.24,0.0,0.508
2204600,PI,HUGO NAPOLEÃO,3771,17.84672500662954,30.11,73.45,214.09,48.34,34.28,4.08,0.599
2204659,PI,ILHA GRANDE,8914,16.479694862014806,22.87,76.51,221.81,45.61,28.59,9.98,0.563
2204709,PI,INHUMA,14845,50.96665543954193,23.7,66.69,263.73,56.35,29.65,6.4,0.624
2204808,PI,IPIRANGA DO PIAUÍ,9327,38.39391015331832,16.63,64.88,261.12,50.02,24.25,6.6,0.63
2204907,PI,ISAÍAS COELHO,8221,77.31419535336333,39.39,77.12,397.98,48.66,37.88,3.48,0.582
2205003,PI,ITAINÓPOLIS,11109,77.22567287784679,28.52,65.74,237.76,62.51,39.91,3.72,0.541
2205102,PI,ITAUEIRA,10678,44.28731972279453,21.34,63.03,321.64,48.95,29.65,9.95,0.583
2205151,PI,JACOBINA DO PIAUÍ,5722,82.10415938483048,35.64,74.6,190.04,60.72,38.9,3.19,0.535
2205201,PI,JAICÓS,18035,52.82506237870807,25.68,67.63,254.28,55.04,40.91,6.61,0.524
2205250,PI,JARDIM DO MULATO,4309,72.54583430030169,27.14,72.07,219.06,50.58,31.81,0.18,0.593
2205276,PI,JATOBÁ DO PIAUÍ,4656,80.9278350515464,26.21,66.9,209.21,64.94,32.62,5.04,0.566
2205300,PI,JERUMENHA,4390,43.758542141230066,21.99,63.93,275.19,27.69,27.04,1.98,0.591
2205359,PI,JOÃO COSTA,2960,76.31756756756756,30.11,74.18,191.63,55.36,30.2,4.78,0.561
2205409,PI,JOAQUIM PIRES,13817,69.1973655641601,45.4,81.33,163.33,50.04,39.89,1.73,0.522
2205458,PI,JOCA MARQUES,5100,67.11764705882354,36.52,81.46,181.17,55.42,42.25,0.16,0.504
2205508,PI,JOSÉ DE FREITAS,37085,41.752730214372384,20.25,65.55,316.27,37.11,26.2,4.23,0.618
2205516,PI,JUAZEIRO DO PIAUÍ,4757,68.9089762455329,28.83,73.22,206.61,50.81,31.91,8.14,0.57
2205524,PI,JÚLIO BORGES,5373,69.88646938395682,36.78,77.41,179.61,57.61,19.7,14.45,0.582
2205532,PI,JUREMA,4517,80.82798317467345,37.01,74.47,191.96,58.82,38.61,0.0,0.555
2205540,PI,LAGOINHA DO PIAUÍ,2656,40.43674698795181,20.9,68.05,262.04,42.55,29.26,1.49,0.597
2205557,PI,LAGOA ALEGRE,8008,62.01298701298701,27.25,71.27,227.89,43.92,35.05,7.51,0.55
2205565,PI,LAGOA DO BARRO DO PIAUÍ,4523,78.02343577271722,48.02,81.47,152.61,61.23,30.45,14.91,0.502
2205573,PI,LAGOA DE SÃO FRANCISCO,6422,67.42447835565244,36.33,77.71,178.26,42.93,37.12,21.35,0.529
2205581,PI,LAGOA DO PIAUÍ,3863,56.717577012684444,22.08,66.72,242.33,36.0,28.89,0.98,0.583
2205599,PI,LAGOA DO SÍTIO,4850,64.47422680412372,40.47,75.77,183.92,59.15,37.94,2.0,0.541
2205607,PI,LANDRI SALES,5281,25.07100927854573,29.6,64.39,266.01,37.13,28.33,4.89,0.584
2205706,PI,LUÍS CORREIA,28406,55.48475674153348,30.32,73.69,236.9,42.2,32.12,4.69,0.541
2205805,PI,LUZILÂNDIA,24721,46.3290319970875,23.84,67.49,245.02,45.0,37.98,1.17,0.545
2205854,PI,MADEIRO,7816,56.96008188331628,40.57,85.39,150.89,64.08,36.35,0.75,0.563
2205904,PI,MANOEL EMÍDIO,5213,36.408977556109726,32.63,72.07,222.62,34.74,25.94,8.86,0.573
2205953,PI,MARCOLÂNDIA,7812,14.144905273937532,12.45,62.17,291.91,33.2,36.44,1.2,0.562
2206001,PI,MARCOS PARENTE,4456,13.711849192100539,17.55,58.29,295.66,31.61,27.09,5.84,0.59
2206050,PI,MASSAPÊ DO PIAUÍ,6220,84.95176848874598,32.24,74.7,195.88,75.25,46.12,5.83,0.525
2206100,PI,MATIAS OLÍMPIO,10473,54.206053661797,28.79,75.47,204.46,42.66,37.3,1.04,0.562
2206209,PI,MIGUEL ALVES,32289,66.8277122239772,35.92,77.01,220.05,50.03,41.47,0.34,0.539
2206308,PI,MIGUEL LEÃO,1253,31.20510774142059,18.81,62.27,294.48,44.57,31.16,3.76,0.623
2206357,PI,MILTON BRANDÃO,6769,74.870734229576,43.95,79.17,154.73,51.72,41.31,6.29,0.508
2206407,PI,MONSENHOR GIL,10333,48.62092325558889,20.05,63.55,273.95,30.11,26.58,3.96,0.615
2206506,PI,MONSENHOR HIPÓLITO,7391,52.84805844946557,22.01,57.92,315.6,68.52,36.9,2.74,0.561
2206605,PI,MONTE ALEGRE DO PIAUÍ,10345,71.18414693088448,30.39,76.51,217.23,47.87,26.18,6.62,0.578
2206654,PI,MORRO CABEÇA NO TEMPO,4068,65.48672566371681,45.63,83.91,150.52,64.96,27.7,6.55,0.542
2206670,PI,MORRO DO CHAPÉU DO PIAUÍ,6499,64.64071395599323,30.3,70.26,225.37,57.22,39.09,2.7,0.55
2206696,PI,MURICI DOS PORTELAS,8464,80.04489603024575,41.32,85.17,167.87,61.44,42.94,0.0,0.53
2206704,PI,NAZARÉ DO PIAUÍ,7321,52.151345444611394,34.62,68.33,218.07,43.82,33.6,3.04,0.576
2206720,PI,NAZÁRIA,8068,79.5240456122955,19.13,70.66,239.37,36.93,32.76,1.92,0.602
2206753,PI,NOSSA SENHORA DE NAZARÉ,4556,70.08340649692713,19.74,67.78,256.22,48.38,27.31,3.85,0.586
2206803,PI,NOSSA SENHORA DOS REMÉDIOS,8206,54.99634413843529,28.3,76.83,183.4,67.17,39.54,4.62,0.533
2206902,PI,NOVO ORIENTE DO PIAUÍ,6498,49.522930132348414,28.15,69.38,240.65,45.64,35.32,1.29,0.562
2206951,PI,NOVO SANTO ANTÔNIO,3260,71.90184049079754,34.64,72.77,224.54,42.05,40.55,5.22,0.528
2207009,PI,OEIRAS,35640,38.28002244668912,18.68,59.03,376.95,36.45,27.45,5.31,0.634
2207108,PI,OLHO D'ÁGUA DO PIAUÍ,2626,59.48210205635948,33.14,73.49,225.8,45.46,22.21,0.0,0.576
2207207,PI,PADRE MARCOS,6657,64.66876971608833,30.35,71.32,217.66,50.57,44.42,2.39,0.541
2207306,PI,PAES LANDIM,4059,41.46341463414634,26.8,69.84,225.53,37.49,27.99,4.93,0.575
2207355,PI,PAJEÚ DO PIAUÍ,3363,57.5973832887303,35.27,68.13,261.36,65.34,35.78,1.62,0.559
2207405,PI,PALMEIRA DO PIAUÍ,4993,64.67053875425596,29.6,69.0,278.54,60.33,28.81,1.93,0.557
2207504,PI,PALMEIRAIS,13745,61.13495816660604,38.83,76.66,197.04,48.93,34.19,1.19,0.562
2207553,PI,PAQUETÁ,4147,86.56860380998312,29.53,74.75,202.6,62.77,46.68,3.04,0.509
2207603,PI,PARNAGUÁ,10276,48.04398598676528,32.77,74.66,211.44,52.77,28.49,7.51,0.575
2207702,PI,PARNAÍBA,145705,5.641535980234035,7.96,51.94,479.58,8.5,17.54,6.56,0.687
2207751,PI,PASSAGEM FRANCA DO PIAUÍ,4546,45.402551693796745,23.26,56.51,323.31,39.47,41.5,0.18,0.561
2207777,PI,PATOS DO PIAUÍ,6105,72.33415233415234,29.44,71.67,215.75,54.83,41.93,5.06,0.563
2207793,PI,PAU D'ARCO DO PIAUÍ,3757,85.20095821133883,49.0,77.1,167.01,78.14,37.63,1.6,0.514
2207801,PI,PAULISTANA,19785,46.14101592115239,25.58,65.01,327.06,44.61,32.14,5.42,0.6
2207850,PI,PAVUSSU,3663,51.051051051051054,34.29,72.21,193.61,62.79,37.66,0.48,0.526
2207900,PI,PEDRO II,37496,39.550885427778965,26.27,70.52,270.17,32.3,33.83,6.47,0.571
2207934,PI,PEDRO LAURENTINO,2407,65.97424179476526,42.27,83.12,157.24,52.2,23.65,19.49,0.562
2207959,PI,NOVA SANTA RITA,4187,83.18605206591832,42.6,76.88,202.99,62.84,31.53,1.83,0.554
2208007,PI,PICOS,73414,20.57781894461547,6.92,41.11,563.88,14.28,18.89,8.28,0.698
2208106,PI,PIMENTEIRAS,11733,59.13236171482144,30.09,68.9,249.17,57.54,37.33,7.3,0.566
2208205,PI,PIO IX,17671,70.05828758983645,31.12,73.05,227.79,59.18,33.69,2.59,0.564
2208304,PI,PIRACURUCA,27553,30.145537690995535,20.46,64.89,286.63,37.42,32.48,2.98,0.596
2208403,PI,PIRIPIRI,61834,27.96843160720639,14.22,55.63,380.67,24.62,28.31,4.24,0.635
2208502,PI,PORTO,11897,36.93368075985543,28.71,77.07,226.34,48.3,38.38,10.29,0.549
2208551,PI,PORTO ALEGRE DO PIAUÍ,2559,29.58186791715514,24.69,72.49,228.65,36.73,29.54,0.66,0.563
2208601,PI,PRATA DO PIAUÍ,3085,17.27714748784441,30.22,73.9,212.64,44.74,38.24,0.54,0.565
2208650,PI,QUEIMADA NOVA,8553,86.48427452355898,38.55,79.34,168.78,62.0,33.72,5.36,0.515
2208700,PI,REDENÇÃO DO GURGUÉIA,8400,36.48809523809524,28.59,69.17,255.92,47.04,23.8,6.84,0.589
2208809,PI,REGENERAÇÃO,17556,21.36591478696742,21.25,64.83,299.65,39.74,34.33,3.2,0.591
2208858,PI,RIACHO FRIO,4241,47.606696533836356,45.67,82.12,161.99,56.44,21.92,1.62,0.541
2208874,PI,RIBEIRA DO PIAUÍ,4263,75.8386113065916,41.37,78.75,185.05,62.17,33.32,6.61,0.52
2208908,PI,RIBEIRO GONÇALVES,6845,35.0036523009496,27.22,65.05,274.79,39.77,24.24,1.64,0.601
2209005,PI,RIO GRANDE DO PIAUÍ,6273,34.73617089112068,31.13,65.99,248.87,51.05,31.69,1.64,0.572
2209104,PI,SANTA CRUZ DO PIAUÍ,6027,32.520325203252035,20.32,63.2,278.49,41.51,37.82,1.12,0.601
2209153,PI,SANTA CRUZ DOS MILAGRES,3794,43.93779652082235,21.2,70.31,208.49,48.74,36.62,10.39,0.577
2209203,PI,SANTA FILOMENA,6096,41.86351706036746,32.86,78.58,216.61,50.1,26.69,1.33,0.544
2209302,PI,SANTA LUZ,5513,43.60602212951206,24.62,72.6,228.71,45.48,28.26,5.58,0.588
2209351,PI,SANTANA DO PIAUÍ,4917,60.56538539760016,23.7,67.05,228.52,61.15,32.4,6.8,0.574
2209377,PI,SANTA ROSA DO PIAUÍ,5149,29.015342785006798,30.14,69.91,229.29,49.29,33.91,8.05,0.567
2209401,PI,SANTO ANTÔNIO DE LISBOA,6007,34.74280006658898,8.88,56.14,329.44,70.55,30.34,1.29,0.584
2209450,PI,SANTO ANTÔNIO DOS MILAGRES,2059,60.80621661000486,27.11,74.84,208.58,46.67,30.03,0.57,0.619
2209500,PI,SANTO INÁCIO DO PIAUÍ,3648,37.03399122807018,30.41,67.63,235.42,41.36,31.84,9.37,0.613
2209559,PI,SÃO BRAZ DO PIAUÍ,4313,76.3273823324832,33.26,67.4,220.96,61.21,32.92,0.0,0.596
2209609,PI,SÃO FÉLIX DO PIAUÍ,3069,46.52981427174976,17.57,62.5,309.48,54.79,36.46,4.24,0.61
2209658,PI,SÃO FRANCISCO DE ASSIS DO PIAUÍ,5567,74.33087839051554,48.38,83.9,141.81,75.99,41.71,2.22,0.485
2209708,PI,SÃO FRANCISCO DO PIAUÍ,6298,68.51381390917751,23.88,71.11,256.79,50.58,34.75,10.13,0.57
2209757,PI,SÃO GONÇALO DO GURGUÉIA,2825,56.849557522123895,35.08,74.46,281.43,42.97,26.78,2.72,0.56
2209807,PI,SÃO GONÇALO DO PIAUÍ,4754,30.416491375683634,32.24,69.1,227.37,29.53,29.9,14.08,0.616
2209856,PI,SÃO JOÃO DA CANABRAVA,4445,72.26096737907761,30.03,69.14,229.34,59.95,39.44,1.3,0.559
2209872,PI,SÃO JOÃO DA FRONTEIRA,5608,59.48644793152639,35.25,77.54,198.13,34.55,40.65,0.0,0.515
2209906,PI,SÃO JOÃO DA SERRA,6157,44.0149423420497,33.98,70.37,237.11,47.63,41.26,10.21,0.582
2209955,PI,SÃO JOÃO DA VARJOTA,4651,70.13545474091593,32.98,70.4,224.99,51.53,38.56,1.06,0.559
2209971,PI,SÃO JOÃO DO ARRAIAL,7336,49.55016357688113,41.12,79.76,174.82,55.69,39.6,3.45,0.523
2210003,PI,SÃO JOÃO DO PIAUÍ,19548,31.0926949048496,17.77,58.42,368.36,29.38,23.79,2.78,0.645
2210052,PI,SÃO JOSÉ DO DIVINO,5148,47.35819735819736,25.79,74.46,214.48,62.07,39.02,1.68,0.565
2210102,PI,SÃO JOSÉ DO PEIXE,3700,48.945945945945944,29.91,70.12,242.73,43.3,32.51,11.54,0.573
2210201,PI,SÃO JOSÉ DO PIAUÍ,6591,70.7328174783796,13.45,58.94,275.18,42.51,40.48,4.79,0.552
2210300,PI,SÃO JULIÃO,5675,58.97797356828194,17.4,57.96,321.2,34.45,40.97,6.35,0.594
2210359,PI,SÃO LOURENÇO DO PIAUÍ,4427,74.85882087192229,23.29,59.42,261.24,60.7,26.34,2.57,0.595
2210375,PI,SÃO LUIS DO PIAUÍ,2561,68.21554080437329,35.36,68.11,202.89,64.11,36.37,3.03,0.554
2210383,PI,SÃO MIGUEL DA BAIXA GRANDE,2110,35.639810426540286,27.56,67.53,256.03,58.87,40.21,12.79,0.563
2210391,PI,SÃO MIGUEL DO FIDALGO,2976,63.541666666666664,34.99,78.73,185.84,64.32,34.8,0.0,0.535
2210409,PI,SÃO MIGUEL DO TAPUIO,18134,63.190691518694166,40.28,76.91,189.01,47.51,38.96,1.37,0.556
2210508,PI,SÃO PEDRO DO PIAUÍ,13639,39.91494977637657,30.59,69.38,249.23,40.45,31.72,7.9,0.595
2210607,PI,SÃO RAIMUNDO NONATO,32327,34.215980449778826,12.78,54.6,406.2,27.35,21.58,3.76,0.661
2210623,PI,SEBASTIÃO BARROS,3560,68.76404494382022,36.57,79.97,189.25,57.97,24.75,10.05,0.536
2210631,PI,SEBASTIÃO LEAL,4116,53.304178814382894,40.57,77.04,198.01,51.57,29.59,0.72,0.562
2210656,PI,SIGEFREDO PACHECO,9619,66.98201476244932,32.11,74.01,200.91,44.72,36.25,13.42,0.581
2210706,PI,SIMÕES,14180,59.880112834978846,20.01,67.2,261.23,55.22,32.89,6.5,0.575
2210805,PI,SIMPLÍCIO MENDES,12077,40.68891280947255,17.41,58.33,362.56,39.16,25.38,2.44,0.627
2210904,PI,SOCORRO DO PIAUÍ,4522,63.95400265369306,41.92,73.54,195.08,36.52,29.61,15.76,0.561
2210938,PI,SUSSUAPARA,6229,74.60266495424626,14.29,66.09,265.42,51.06,32.41,2.98,0.586
2210953,PI,TAMBORIL DO PIAUÍ,2753,45.078096621867054,34.66,77.99,189.63,63.99,39.87,0.33,0.501
2210979,PI,TANQUE DO PIAUÍ,2620,52.70992366412214,23.58,66.41,250.37,60.57,30.81,7.98,0.579
2211001,PI,TERESINA,814230,5.732164130528229,4.44,37.83,757.57,3.36,9.66,8.55,0.751
2211100,PI,UNIÃO,42654,50.84868945468186,24.75,72.34,232.7,41.46,31.05,3.95,0.577
2211209,PI,URUÇUÍ,20149,23.04829023772892,16.54,53.84,364.39,26.39,19.37,8.48,0.631
2211308,PI,VALENÇA DO PIAUÍ,20326,22.276886746039555,13.3,56.49,380.19,27.86,27.78,9.26,0.647
2211357,PI,VÁRZEA BRANCA,4913,76.65377569713006,38.19,72.38,201.49,65.95,34.27,0.53,0.553
2211407,PI,VÁRZEA GRANDE,4336,40.47509225092251,27.31,64.68,251.64,51.25,35.55,1.08,0.571
2211506,PI,VERA MENDES,2986,67.64902880107167,45.68,78.43,173.56,76.05,46.82,5.91,0.503
2211605,PI,VILA NOVA DO PIAUÍ,3076,75.32509752925878,31.43,74.27,259.38,71.11,31.97,5.42,0.565
2211704,PI,WALL FERRAZ,4280,72.75700934579439,31.84,77.19,195.12,60.84,37.87,0.0,0.544
2300101,CE,ABAIARA,10496,56.63109756097561,20.96,71.86,229.74,32.99,31.89,1.05,0.628
2300150,CE,ACARAPE,15338,47.95931672969096,12.31,66.26,259.03,21.18,23.53,8.64,0.606
2300200,CE,ACARAÚ,57551,50.92700387482407,28.32,75.35,250.79,49.13,31.56,3.16,0.601
2300309,CE,ACOPIARA,51160,50.68803752931978,29.5,68.34,266.65,49.84,35.07,2.87,0.595
2300408,CE,AIUABA,16203,75.61562673578968,30.97,75.02,200.6,51.32,37.21,2.75,0.569
2300507,CE,ALCÂNTARAS,10771,67.9881162380466,20.12,67.24,243.73,28.26,31.78,5.84,0.6
2300606,CE,ALTANEIRA,6856,27.698366394399066,28.68,72.18,240.97,47.34,34.7,3.06,0.602
2300705,CE,ALTO SANTO,16359,50.84662876703955,17.8,64.21,265.07,43.19,32.46,3.07,0.601
2300754,CE,AMONTADA,39232,59.35205954323002,37.41,79.23,182.47,53.13,28.45,5.72,0.606
2300804,CE,ANTONINA DO NORTE,6984,28.422107674684995,21.79,69.7,244.83,36.7,35.38,2.61,0.599
2300903,CE,APUIARÉS,13925,58.549371633752244,29.96,70.96,224.63,46.94,29.19,5.55,0.618
2301000,CE,AQUIRAZ,72628,7.634796497218703,8.09,56.63,352.6,14.62,22.37,3.22,0.641
2301109,CE,ARACATI,69159,36.32788212669356,14.18,59.26,349.26,26.68,22.33,3.51,0.655
2301208,CE,ARACOIABA,25391,45.89815288881887,23.0,68.61,245.24,48.93,32.56,4.15,0.615
2301257,CE,ARARENDÁ,10491,53.23610713945286,36.31,73.87,205.43,42.43,36.61,5.98,0.59
2301307,CE,ARARIPE,20685,38.44331641285956,36.68,76.33,197.14,52.06,36.74,1.84,0.564
2301406,CE,ARATUBA,11529,67.30852632491977,25.67,73.01,215.94,54.68,28.12,9.78,0.622
2301505,CE,ARNEIROZ,7650,49.294117647058826,19.9,69.82,269.77,37.03,32.83,3.06,0.618
2301604,CE,ASSARÉ,22445,46.7498329249276,27.95,67.59,282.6,38.41,34.51,5.61,0.6
2301703,CE,AURORA,24566,51.864365383049744,24.46,67.38,255.78,45.34,30.24,1.56,0.605
2301802,CE,BAIXIO,6026,45.17092598738799,17.63,62.83,265.94,40.05,25.58,0.96,0.627
2301851,CE,BANABUIÚ,17315,49.448455096736936,28.36,73.97,229.99,51.76,33.25,3.16,0.606
2301901,CE,BARBALHA,55323,31.272707553820293,10.0,57.68,362.9,18.01,20.19,2.34,0.683
2301950,CE,BARREIRA,19573,58.478516323506874,21.19,69.35,246.69,31.38,29.72,10.41,0.616
2302008,CE,BARRO,21514,38.830528957887886,24.08,66.64,254.44,38.83,25.2,2.31,0.599
2302057,CE,BARROQUINHA,14476,32.508980381320804,35.21,78.46,192.96,44.29,40.2,6.95,0.571
2302107,CE,BATURITÉ,33321,26.661864890009305,14.44,62.33,284.88,32.27,23.7,2.11,0.619
2302206,CE,BEBERIBE,49311,56.17407880594593,20.15,64.22,304.61,35.56,28.28,5.51,0.638
2302305,CE,BELA CRUZ,30878,57.908543299436495,28.97,74.88,221.07,50.53,29.64,6.31,0.623
2302404,CE,BOA VIAGEM,52498,49.32378376319098,31.91,71.03,250.47,56.14,35.58,5.17,0.598
2302503,CE,BREJO SANTO,45193,37.92180204898989,13.83,61.28,325.64,23.72,24.35,1.41,0.647
2302602,CE,CAMOCIM,60158,25.767146514179327,22.12,71.72,269.0,29.87,28.94,7.73,0.62
2302701,CE,CAMPOS SALES,26506,28.012525465932242,23.58,66.09,303.68,42.55,31.53,3.98,0.63
2302800,CE,CANINDÉ,74473,37.05772561868059,26.44,69.79,278.9,26.97,26.99,6.24,0.612
2302909,CE,CAPISTRANO,17062,63.59160708006095,32.97,75.65,211.95,48.55,30.18,2.39,0.611
2303006,CE,CARIDADE,20020,42.442557442557444,26.58,72.88,213.18,32.63,28.99,8.89,0.592
2303105,CE,CARIRÉ,18347,54.755545865809125,28.47,72.04,225.75,37.08,33.39,2.17,0.596
2303204,CE,CARIRIAÇU,26393,46.83817678930019,21.83,69.23,243.1,43.41,34.48,10.67,0.578
2303303,CE,CARIÚS,18567,55.24317337211181,28.7,67.79,239.39,51.58,34.57,2.69,0.597
2303402,CE,CARNAUBAL,16746,52.46626059954616,27.18,73.86,224.37,51.88,32.67,0.8,0.593
2303501,CE,CASCAVEL,66142,15.096307943515466,12.08,60.09,309.14,21.25,24.82,4.34,0.646
2303600,CE,CATARINA,18745,53.438250200053346,21.25,71.73,246.38,42.9,31.11,4.38,0.618
2303659,CE,CATUNDA,9952,45.78979099678457,27.33,75.83,225.43,34.85,32.85,13.09,0.609
2303709,CE,CAUCAIA,325441,10.822545407616127,6.53,51.67,379.63,5.41,13.8,3.06,0.682
2303808,CE,CEDRO,24527,38.19464263872467,23.13,62.81,317.69,44.17,29.33,3.27,0.627
2303907,CE,CHAVAL,12615,27.32461355529132,23.66,74.23,208.7,25.8,35.66,3.47,0.586
2303931,CE,CHORÓ,12853,70.48159962654633,41.75,79.0,171.62,57.53,35.9,10.09,0.585
2303956,CE,CHOROZINHO,18915,39.592915675389904,17.2,66.03,277.4,30.38,31.18,4.01,0.604
2304004,CE,COREAÚ,21954,35.21453949166439,30.29,74.62,210.65,41.03,40.27,2.55,0.61
2304103,CE,CRATEÚS,72812,27.69873097841015,19.44,61.12,373.18,23.72,26.73,2.34,0.644
2304202,CE,CRATO,121428,16.892314787363706,8.61,50.89,470.46,13.82,16.03,7.02,0.713
2304236,CE,CROATÁ,17069,47.05020797937782,41.08,79.3,176.12,59.51,38.92,0.13,0.59
2304251,CE,CRUZ,22479,57.43138039948396,24.71,67.89,282.51,38.73,27.07,4.56,0.632
2304269,CE,DEPUTADO IRAPUAN PINHEIRO,9095,54.55744914788345,29.11,64.99,233.15,58.21,35.13,9.91,0.609
2304277,CE,ERERÊ,6840,49.44444444444444,20.15,65.65,246.27,52.27,32.69,5.26,0.61
2304285,CE,EUSÉBIO,46033,0.0,5.6,49.32,623.01,5.38,14.53,4.39,0.701
2304301,CE,FARIAS BRITO,19007,53.32772136581259,30.83,70.27,231.88,49.05,30.03,6.81,0.633
2304350,CE,FORQUILHA,21786,28.97732488754246,11.42,59.2,300.9,21.21,28.19,3.66,0.644
2304400,CE,FORTALEZA,2452185,0.0,3.36,32.88,846.36,0.8,7.3,4.85,0.754
2304459,CE,FORTIM,14817,35.15556455422825,19.95,67.94,264.14,40.27,29.25,3.55,0.624
2304509,CE,FRECHEIRINHA,12991,41.22084520052344,24.26,70.94,246.03,34.71,36.5,3.11,0.604
2304608,CE,GENERAL SAMPAIO,6218,41.331617883563844,22.62,71.11,242.1,34.51,35.49,1.15,0.568
2304657,CE,GRAÇA,15049,61.359558774669416,37.99,74.44,195.67,40.62,39.57,2.59,0.57
2304707,CE,GRANJA,52645,50.81774147592364,43.63,82.31,173.99,55.36,42.37,2.06,0.559
2304806,CE,GRANJEIRO,4629,70.40397494059192,27.99,70.13,221.14,37.99,33.66,1.09,0.585
2304905,CE,GROAÍRAS,10228,30.817364098552993,14.32,61.02,304.64,36.97,27.56,1.65,0.633
2304954,CE,GUAIÚBA,24091,21.64293719646341,17.67,69.62,239.69,34.7,25.12,3.86,0.617
2305001,CE,GUARACIABA DO NORTE,37775,53.929847782925215,19.81,71.11,247.55,53.19,31.35,1.65,0.609
2305100,CE,GUARAMIRANGA,4164,40.081652257444766,9.44,64.55,287.35,21.29,19.47,6.26,0.637
2305209,CE,HIDROLÂNDIA,19325,42.79948253557568,25.49,68.14,243.41,41.72,32.69,6.72,0.597
2305233,CE,HORIZONTE,55187,7.498142678529364,7.51,54.91,322.78,6.42,16.74,4.27,0.658
2305266,CE,IBARETAMA,12922,65.58582262807614,34.72,76.65,199.63,55.61,37.54,9.28,0.577
2305308,CE,IBIAPINA,23808,54.87651209677419,15.06,66.87,258.57,58.66,28.0,2.32,0.608
2305332,CE,IBICUITINGA,11335,49.34274371415968,31.29,76.05,196.54,44.47,31.57,12.52,0.606
2305357,CE,ICAPUÍ,18392,68.53523270987385,13.7,64.15,280.79,45.94,27.79,2.04,0.616
2305407,CE,ICÓ,65456,53.46033977022733,24.65,66.06,274.01,39.61,34.96,7.58,0.606
2305506,CE,IGUATU,96495,22.662314109539356,10.86,50.24,434.67,19.16,24.89,4.35,0.677
2305605,CE,INDEPENDÊNCIA,25573,55.13627654166504,28.13,68.32,262.34,45.81,30.93,4.22,0.632
2305654,CE,IPAPORANGA,11343,63.53698316142114,42.11,76.24,182.11,47.63,37.28,0.47,0.579
2305704,CE,IPAUMIRIM,12009,40.60288117245399,18.95,63.58,380.61,42.75,29.15,1.1,0.606
2305803,CE,IPU,40296,36.51727218582489,21.08,66.43,301.38,37.67,30.53,5.95,0.618
2305902,CE,IPUEIRAS,37862,51.51339073477365,33.07,74.37,222.22,46.35,35.05,6.36,0.573
2306009,CE,IRACEMA,13722,28.44337560122431,18.59,61.63,328.61,40.83,28.37,5.21,0.652
2306108,CE,IRAUÇUBA,22324,35.75076151227378,35.65,76.5,211.75,27.5,30.66,2.74,0.605
2306207,CE,ITAIÇABA,7316,41.51175505740842,11.24,59.22,296.81,35.12,24.52,5.78,0.656
2306256,CE,ITAITINGA,35817,0.7035765139458916,9.11,61.11,300.15,8.7,18.53,3.5,0.626
2306306,CE,ITAPAGÉ,48350,29.70010341261634,22.46,69.87,263.18,23.68,25.47,2.45,0.623
2306405,CE,ITAPIPOCA,116065,42.35213027183044,25.35,69.64,264.08,32.67,24.74,4.7,0.64
2306504,CE,ITAPIÚNA,18626,52.652206592934604,26.66,72.52,209.53,52.94,33.35,0.82,0.604
2306553,CE,ITAREMA,37471,57.46577353153105,27.82,77.45,214.89,47.78,29.46,7.87,0.606
2306603,CE,ITATIRA,18894,49.60304858685297,33.92,75.39,196.02,44.55,35.73,3.85,0.562
2306702,CE,JAGUARETAMA,17863,52.58915075855119,27.99,71.55,247.85,47.75,30.78,7.37,0.612
2306801,CE,JAGUARIBARA,10399,30.647177613232042,12.86,60.42,287.08,42.33,27.76,4.96,0.618
2306900,CE,JAGUARIBE,34409,32.3781568775611,19.58,62.37,294.97,37.82,27.44,3.26,0.621
2307007,CE,JAGUARUANA,32236,40.64089837448815,14.91,61.74,274.9,24.78,29.15,2.1,0.624
2307106,CE,JARDIM,26688,66.29946043165468,25.63,70.28,241.09,52.74,28.46,5.52,0.614
2307205,CE,JATI,7660,41.39686684073107,18.98,66.82,264.55,35.66,28.35,6.63,0.651
2307254,CE,JIJOCA DE JERICOACOARA,17002,67.32149158922479,18.71,61.49,365.46,20.93,25.73,10.27,0.652
2307304,CE,JUAZEIRO DO NORTE,249939,3.925357787300101,6.73,51.95,439.53,4.61,17.36,4.87,0.694
2307403,CE,JUCÁS,23807,40.56369975217373,22.49,70.58,232.22,40.84,33.93,3.16,0.598
2307502,CE,LAVRAS DA MANGABEIRA,31090,41.67899646188485,25.73,69.23,288.15,38.6,31.07,2.7,0.613
2307601,CE,LIMOEIRO DO NORTE,56264,42.26681359306128,7.98,49.38,410.03,27.65,20.49,3.09,0.682
2307635,CE,MADALENA,18088,50.71318000884564,34.36,73.93,225.22,42.86,28.82,10.16,0.61
2307650,CE,MARACANAÚ,209057,0.6859373280971218,4.59,47.69,372.91,1.53,10.29,2.93,0.686
2307700,CE,MARANGUAPE,113561,23.997675258231258,8.52,57.64,307.81,15.64,16.68,4.12,0.659
2307809,CE,MARCO,24703,37.517710399546615,20.27,71.84,266.87,25.84,30.95,4.7,0.612
2307908,CE,MARTINÓPOLE,10214,21.607597415312316,33.95,74.68,232.17,36.06,33.02,4.27,0.599
2308005,CE,MASSAPÊ,35191,31.84905231451223,21.32,68.12,231.47,22.35,31.11,2.1,0.616
2308104,CE,MAURITI,44240,47.366636528028934,29.78,72.26,236.11,49.17,32.16,2.97,0.605
2308203,CE,MERUOCA,13693,45.81172862046301,14.97,68.67,258.78,30.2,20.51,1.74,0.618
2308302,CE,MILAGRES,28316,52.12600649809295,17.6,67.27,261.96,33.66,31.0,6.03,0.628
2308351,CE,MILHÃ,13086,54.38636710988843,25.82,65.53,260.95,45.36,31.14,6.62,0.626
2308377,CE,MIRAÍMA,12800,46.5078125,41.87,82.32,191.56,43.21,35.31,7.33,0.592
2308401,CE,MISSÃO VELHA,34274,55.01254595320068,20.65,68.98,293.16,48.88,30.3,1.04,0.622
2308500,CE,MOMBAÇA,42690,55.92410400562193,27.66,69.52,243.85,47.38,36.65,4.22,0.582
2308609,CE,MONSENHOR TABOSA,16705,43.95689913199641,29.71,71.01,237.18,45.64,32.33,11.33,0.61
2308708,CE,MORADA NOVA,62065,42.96141142350761,22.85,64.53,276.36,38.62,30.38,6.13,0.61
2308807,CE,MORAÚJO,8070,55.34076827757125,34.34,79.16,174.55,49.95,34.91,10.87,0.581
2308906,CE,MORRINHOS,20700,53.56521739130435,32.3,72.79,208.9,39.86,30.81,7.56,0.588
2309003,CE,MUCAMBO,14102,35.71124663168345,29.28,68.1,269.65,40.2,34.62,6.12,0.607
2309102,CE,MULUNGU,11485,63.4479756203744,25.33,71.08,246.35,47.22,25.06,3.85,0.607
2309201,CE,NOVA OLINDA,14256,31.986531986531986,23.04,71.45,272.1,30.42,25.42,5.53,0.625
2309300,CE,NOVA RUSSAS,30965,24.934603584692393,16.55,60.75,304.52,27.93,30.5,2.33,0.614
2309409,CE,NOVO ORIENTE,27453,48.16595636178195,35.93,70.52,247.79,50.47,37.03,0.3,0.605
2309458,CE,OCARA,24007,68.32173949264798,32.09,74.16,208.77,54.78,32.88,6.3,0.594
2309508,CE,ORÓS,21389,25.087661882275935,15.74,59.42,298.84,40.37,31.63,3.02,0.636
2309607,CE,PACAJUS,61838,18.052006856625376,7.96,52.87,354.78,10.66,19.66,4.98,0.659
2309706,CE,PACATUBA,72299,14.113611529896678,6.66,54.06,344.63,4.41,10.06,4.33,0.675
2309805,CE,PACOTI,11607,59.119496855345915,17.0,64.75,279.49,43.23,22.2,3.63,0.635
2309904,CE,PACUJÁ,5986,37.80487804878049,17.87,67.18,264.03,25.15,30.45,2.13,0.621
2310001,CE,PALHANO,8866,49.075118429957136,17.94,61.66,281.69,47.71,30.37,4.87,0.638
2310100,CE,PALMÁCIA,12005,58.70887130362349,24.51,72.19,315.23,38.91,26.03,1.45,0.622
2310209,CE,PARACURU,31636,34.919079529649764,16.65,64.0,328.2,26.52,21.8,3.14,0.637
2310258,CE,PARAIPABA,30041,55.277787024399984,17.3,65.05,283.79,39.08,21.64,2.89,0.634
2310308,CE,PARAMBU,31309,54.945862212143474,28.46,74.35,211.05,48.72,38.04,3.82,0.57
2310407,CE,PARAMOTI,11308,51.00813583303856,32.31,77.17,196.63,34.48,32.58,16.44,0.583
2310506,CE,PEDRA BRANCA,41890,41.489615660062064,25.04,71.21,231.56,49.49,35.99,1.1,0.603
2310605,CE,PENAFORTE,8226,22.210065645514224,16.07,62.1,271.18,31.39,23.95,8.57,0.646
2310704,CE,PENTECOSTE,35400,39.56497175141243,25.4,71.69,264.95,34.49,26.67,7.49,0.629
2310803,CE,PEREIRO,15757,65.52008631084597,32.65,73.49,209.49,62.65,31.85,2.69,0.601
2310852,CE,PINDORETAMA,18683,39.6242573462506,11.67,60.66,296.99,25.18,23.4,4.37,0.636
2310902,CE,PIQUET CARNEIRO,15467,51.8975884140428,29.58,70.66,217.02,53.77,28.15,4.65,0.6
2310951,CE,PIRES FERREIRA,10216,67.16914643696163,33.14,78.85,191.39,47.35,33.01,4.16,0.591
2311009,CE,PORANGA,12001,35.0220814932089,32.89,73.31,212.87,38.46,36.97,0.67,0.581
2311108,CE,PORTEIRAS,15061,58.907111081601485,24.96,74.42,218.44,48.05,31.54,3.14,0.622
2311207,CE,POTENGI,10276,44.394706111327366,33.2,76.22,215.12,50.2,37.29,1.12,0.562
2311231,CE,POTIRETAMA,6126,55.87659157688541,23.51,66.34,236.09,50.18,31.01,6.94,0.604
2311264,CE,QUITERIANÓPOLIS,19921,68.34998243060087,33.36,74.2,208.58,54.78,35.52,7.52,0.594
2311306,CE,QUIXADÁ,80604,28.68219939457099,17.65,62.51,317.66,26.5,24.88,3.85,0.659
2311355,CE,QUIXELÔ,15000,67.14,27.44,67.54,242.27,52.24,39.42,2.0,0.591
2311405,CE,QUIXERAMOBIM,71887,39.59408516143392,19.57,63.18,317.45,35.36,26.4,3.63,0.642
2311504,CE,QUIXERÉ,19412,38.543169173706985,13.93,64.03,260.79,43.36,28.01,5.52,0.622
2311603,CE,REDENÇÃO,26415,42.70679538141208,19.99,62.93,273.08,34.32,26.32,2.81,0.626
2311702,CE,RERIUTABA,19455,45.56669236700077,29.29,71.72,260.65,40.99,31.81,7.46,0.601
2311801,CE,RUSSAS,69833,35.62928701330316,7.55,50.17,372.43,23.17,21.02,4.24,0.674
2311900,CE,SABOEIRO,15752,46.32427628237684,31.8,72.71,220.94,48.98,36.71,6.35,0.575
2311959,CE,SALITRE,15453,59.47065294764771,30.94,78.59,176.75,60.23,43.41,1.55,0.54
2312007,CE,SANTANA DO ACARAÚ,29946,48.66760168302945,39.1,79.57,224.83,45.8,32.07,4.35,0.587
2312106,CE,SANTANA DO CARIRI,17170,48.61968549796156,33.68,74.39,212.7,51.87,32.97,2.84,0.612
2312205,CE,SANTA QUITÉRIA,42763,47.94565395318383,30.69,71.68,238.84,44.85,29.94,6.56,0.616
2312304,CE,SÃO BENEDITO,44178,44.4202996966816,19.29,68.21,263.94,47.85,29.81,2.05,0.611
2312403,CE,SÃO GONÇALO DO AMARANTE,43890,34.980633401686035,15.32,60.4,309.14,23.13,21.86,8.22,0.665
2312502,CE,SÃO JOÃO DO JAGUARIBE,7900,59.88607594936709,14.25,48.56,378.76,40.51,27.29,1.63,0.654
2312601,CE,SÃO LUÍS DO CURU,12332,35.444372364579955,22.07,66.88,257.9,23.81,23.96,8.81,0.62
2312700,CE,SENADOR POMPEU,26469,40.66266198194114,21.06,63.31,283.8,40.3,29.04,5.86,0.619
2312809,CE,SENADOR SÁ,6852,26.036193812025687,30.99,72.41,214.23,40.7,35.97,3.69,0.603
2312908,CE,SOBRAL,188233,11.646735694591278,8.9,51.76,448.89,7.5,18.4,3.16,0.714
2313005,CE,SOLONÓPOLE,17665,48.45174073025757,22.85,65.5,269.25,48.45,28.14,7.33,0.625
2313104,CE,TABULEIRO DO NORTE,29204,35.604711683331054,15.35,51.46,379.75,22.45,24.16,5.32,0.645
2313203,CE,TAMBORIL,25451,44.198656241405054,31.03,72.76,211.64,32.81,35.86,5.32,0.58
2313252,CE,TARRAFAS,8910,70.54994388327722,36.36,69.93,214.72,42.31,38.87,0.0,0.576
2313302,CE,TAUÁ,55716,42.10101227654534,20.19,65.43,305.42,45.5,29.4,3.87,0.633
2313351,CE,TEJUÇUOCA,16827,62.35217210435609,30.68,75.43,199.81,29.56,30.21,1.79,0.584
2313401,CE,TIANGUÁ,68892,33.49155199442606,13.16,62.35,398.29,37.71,26.18,1.46,0.657
2313500,CE,TRAIRI,51422,63.4708879467932,32.4,76.17,205.89,48.5,26.07,2.24,0.606
2313559,CE,TURURU,14408,63.298167684619656,34.36,76.66,188.84,50.66,30.51,8.35,0.606
2313609,CE,UBAJARA,31787,51.709818479252526,14.77,63.62,325.13,46.64,26.86,1.27,0.648
2313708,CE,UMARI,7545,48.07157057654076,30.53,75.19,223.62,35.8,34.57,13.65,0.591
2313757,CE,UMIRIM,18802,41.011594511222214,32.4,79.01,195.42,43.77,31.3,5.03,0.587
2313807,CE,URUBURETAMA,19765,25.681760688085,18.78,72.38,267.47,31.99,24.56,1.14,0.639
2313906,CE,URUOCA,12883,40.45641543118839,34.17,78.85,182.85,40.33,39.79,6.44,0.566
2313955,CE,VARJOTA,17593,18.058318649462855,18.45,66.15,286.41,28.86,28.85,5.74,0.611
2314003,CE,VÁRZEA ALEGRE,38434,37.82588333246605,25.16,63.98,276.17,34.55,30.64,0.53,0.629
2314102,CE,VIÇOSA DO CEARÁ,54955,67.56073150759713,36.84,79.99,204.23,60.82,35.01,1.21,0.571
2400109,RN,ACARI,11035,19.3294064340734,5.18,49.44,410.61,18.06,18.9,8.79,0.679
2400208,RN,AÇU,53227,26.05444605181581,7.68,52.23,432.38,19.16,23.91,4.25,0.661
2400307,RN,AFONSO BEZERRA,10844,46.892290667650315,21.79,67.61,261.3,37.81,32.61,0.79,0.585
2400406,RN,ÁGUA NOVA,2980,35.97315436241611,17.77,74.3,212.82,39.23,24.91,17.64,0.616
2400505,RN,ALEXANDRIA,13507,31.968608869475087,21.46,63.76,296.5,31.84,35.57,8.39,0.606
2400604,RN,ALMINO AFONSO,4871,28.577294190104702,17.02,63.5,291.3,33.89,26.71,8.36,0.624
2400703,RN,ALTO DO RODRIGUES,12305,27.891101178382772,7.74,42.36,447.67,11.34,20.47,5.48,0.672
2400802,RN,ANGICOS,11549,12.676422201056369,11.04,57.43,347.65,16.61,28.14,6.81,0.624
2400901,RN,ANTÔNIO MARTINS,6907,45.21499927609671,25.46,67.63,251.04,38.7,32.77,2.9,0.578
2401008,RN,APODI,34763,49.56994505652562,13.98,58.37,358.66,30.54,25.59,4.62,0.639
2401107,RN,AREIA BRANCA,25315,19.74323523602607,6.17,42.96,449.02,7.91,17.34,5.43,0.682
2401206,RN,ARÊS,12924,37.56576911173011,16.86,63.38,309.04,26.91,27.63,3.68,0.606
2401305,RN,AUGUSTO SEVERO,9289,46.15136182581548,23.56,67.86,388.39,43.6,31.12,2.15,0.621
2401404,RN,BAÍA FORMOSA,8573,16.85524320541234,11.09,59.76,315.25,26.63,24.56,4.8,0.609
2401453,RN,BARAÚNA,24182,37.10197667686709,12.08,64.59,263.68,50.75,30.18,0.1,0.574
2401503,RN,BARCELONA,3950,55.54430379746835,20.03,65.85,266.71,40.17,32.07,11.04,0.566
2401602,RN,BENTO FERNANDES,5113,59.573635830236654,22.61,68.04,233.48,45.17,30.82,13.56,0.582
2401651,RN,BODÓ,2425,42.55670103092783,23.42,65.87,277.16,44.9,26.59,7.46,0.629
2401701,RN,BOM JESUS,9440,28.305084745762713,20.26,65.65,300.38,39.51,34.66,6.64,0.584
2401800,RN,BREJINHO,11577,22.90748898678414,11.95,62.78,304.8,32.85,33.67,6.75,0.592
2401859,RN,CAIÇARA DO NORTE,6016,2.0279255319148937,22.32,66.03,280.53,43.66,27.7,6.02,0.574
2401909,RN,CAIÇARA DO RIO DO VENTO,3308,23.639661426844015,23.06,66.87,250.07,28.67,27.68,11.19,0.587
2402006,RN,CAICÓ,62709,8.368814683697714,3.69,34.65,637.13,7.84,16.2,8.43,0.71
2402105,RN,CAMPO REDONDO,10266,49.376582894993184,28.19,70.75,251.73,43.39,27.71,6.73,0.626
2402204,RN,CANGUARETAMA,30916,34.54845387501617,18.11,66.56,256.22,29.2,29.05,6.01,0.579
2402303,RN,CARAÚBAS,19576,29.995913363302,20.91,58.96,321.99,36.03,28.48,3.12,0.638
2402402,RN,CARNAÚBA DOS DANTAS,7429,18.858527392650423,4.55,42.7,387.8,14.2,15.35,7.85,0.659
2402501,RN,CARNAUBAIS,9762,51.27023150993649,16.41,67.07,300.27,36.4,27.39,6.26,0.589
2402600,RN,CEARÁ-MIRIM,68141,47.91094935501387,12.12,58.91,332.89,15.52,23.4,4.12,0.616
2402709,RN,CERRO CORÁ,10916,56.55917918651521,25.88,63.5,282.84,49.14,29.51,1.92,0.607
2402808,RN,CORONEL EZEQUIEL,5405,57.9463459759482,32.31,68.9,238.25,61.05,32.25,6.03,0.587
2402907,RN,CORONEL JOÃO PESSOA,4772,62.761944677284156,23.05,69.47,243.22,45.84,36.02,2.37,0.578
2403004,RN,CRUZETA,7967,18.149868206351197,7.41,52.86,339.38,22.93,23.75,7.69,0.654
2403103,RN,CURRAIS NOVOS,42652,11.429710212885679,7.7,46.57,526.96,11.42,19.05,6.07,0.691
2403202,RN,DOUTOR SEVERIANO,6492,57.13185459026494,23.33,61.85,272.21,51.0,26.78,3.12,0.621
2403251,RN,PARNAMIRIM,202456,0.0,2.68,29.01,850.44,1.21,8.39,12.42,0.766
2403301,RN,ENCANTO,5231,59.28120818199197,13.74,56.36,312.34,32.83,26.28,9.74,0.629
2403400,RN,EQUADOR,5822,17.382342837512883,14.93,65.65,292.55,27.72,24.68,8.03,0.623
2403509,RN,ESPÍRITO SANTO,10475,52.2673031026253,24.76,71.97,243.23,37.45,41.45,2.54,0.558
2403608,RN,EXTREMOZ,24569,35.81749358948268,9.19,51.29,428.65,11.38,18.42,3.92,0.66
2403707,RN,FELIPE GUERRA,5734,32.420648761771886,15.92,58.89,298.6,28.84,22.7,1.32,0.636
2403756,RN,FERNANDO PEDROZA,2854,14.611072179397338,25.87,67.91,269.67,23.49,31.53,20.5,0.597
2403806,RN,FLORÂNIA,8959,23.462440004464785,14.24,51.1,359.0,33.94,24.75,5.22,0.642
2403905,RN,FRANCISCO DANTAS,2874,42.693110647181626,18.26,60.23,298.43,48.46,30.86,13.96,0.606
2404002,RN,FRUTUOSO GOMES,4233,33.56957240727616,18.06,63.24,269.48,34.45,27.4,0.78,0.597
2404101,RN,GALINHOS,2159,42.65863825845299,21.02,68.94,291.78,30.62,28.62,10.41,0.564
2404200,RN,GOIANINHA,22481,31.15519772252124,14.03,56.68,377.59,15.48,25.67,2.1,0.638
2404309,RN,GOVERNADOR DIX-SEPT ROSADO,12374,44.99757556166155,22.19,61.91,267.12,28.14,25.67,4.08,0.592
2404408,RN,GROSSOS,9393,25.061215798999253,8.2,48.46,410.84,11.29,27.26,6.7,0.664
2404507,RN,GUAMARÉ,12404,64.47113834247017,8.72,51.64,407.49,8.36,24.47,10.95,0.626
2404606,RN,IELMO MARINHO,12171,87.2976748007559,26.37,75.08,204.5,53.65,30.42,3.24,0.55
2404705,RN,IPANGUAÇU,13856,61.15040415704388,15.18,64.43,273.8,42.29,29.62,1.64,0.603
2404804,RN,IPUEIRA,2077,9.051516610495907,7.79,38.8,395.09,25.94,25.07,20.07,0.679
2404853,RN,ITAJÁ,6932,17.758222735141374,8.5,57.53,306.0,17.47,27.39,5.25,0.624
2404903,RN,ITAÚ,5564,13.92882818116463,13.71,62.83,310.63,29.98,23.93,2.97,0.614
2405009,RN,JAÇANÃ,7925,32.706624605678236,21.18,64.27,259.77,49.64,30.06,5.31,0.604
2405108,RN,JANDAÍRA,6801,41.861490957212176,22.77,71.45,261.85,20.49,35.51,3.55,0.569
2405207,RN,JANDUÍS,5345,25.313376987839103,14.19,66.99,272.39,32.26,29.61,4.22,0.615
2405306,RN,JANUÁRIO CICCO,9011,64.38797025857285,32.12,75.89,192.34,53.18,38.33,4.17,0.574
2405405,RN,JAPI,5522,25.62477363274176,28.19,74.08,214.04,46.34,37.27,2.59,0.569
2405504,RN,JARDIM DE ANGICOS,2607,83.39087073264288,24.47,66.72,255.49,47.52,28.68,12.2,0.565
2405603,RN,JARDIM DE PIRANHAS,13506,21.54597956463794,9.16,55.98,314.6,17.88,27.35,3.4,0.603
2405702,RN,JARDIM DO SERIDÓ,12113,18.806241228432263,5.56,45.45,447.53,19.52,19.57,9.67,0.663
2405801,RN,JOÃO CÂMARA,32227,29.695596859775964,15.56,62.19,335.64,24.5,28.86,4.35,0.595
2405900,RN,JOÃO DIAS,2601,55.17108804306036,41.36,79.73,174.39,16.67,42.02,5.34,0.53
2406007,RN,JOSÉ DA PENHA,5868,39.6387184730743,16.28,57.88,301.09,29.5,31.54,10.9,0.608
2406106,RN,JUCURUTU,17692,40.272439520687314,14.88,57.4,301.94,33.12,33.4,4.16,0.601
2406155,RN,JUNDIÁ,3582,73.19932998324958,15.21,66.76,248.13,44.81,38.11,7.44,0.595
2406205,RN,LAGOA D'ANTA,6227,36.052673839730204,18.95,63.6,295.37,42.2,35.83,13.46,0.601
2406304,RN,LAGOA DE PEDRAS,6989,67.99255973672915,28.71,72.75,214.84,56.73,40.05,4.51,0.553
2406403,RN,LAGOA DE VELHOS,2668,32.796101949025484,13.01,58.91,270.76,25.36,28.74,12.56,0.589
2406502,RN,LAGOA NOVA,13983,51.36236859043124,24.91,69.53,233.77,61.27,31.46,6.31,0.585
2406601,RN,LAGOA SALGADA,7564,33.831306187202536,25.72,71.07,247.22,36.23,40.15,3.97,0.582
2406700,RN,LAJES,10381,22.281090453713514,14.48,65.27,292.5,22.94,28.95,6.65,0.624
2406809,RN,LAJES PINTADAS,4612,48.178664353859496,16.75,63.2,258.98,52.11,29.46,2.24,0.625
2406908,RN,LUCRÉCIA,3633,37.24194880264245,20.04,59.68,388.31,33.24,25.89,8.08,0.646
2407005,RN,LUÍS GOMES,9610,30.426638917793966,26.91,75.95,237.26,29.84,31.58,4.69,0.608
2407104,RN,MACAÍBA,69467,38.631292556177755,8.6,56.29,363.97,15.66,24.09,4.11,0.64
2407203,RN,MACAU,28954,24.13483456517234,7.58,42.91,457.22,10.47,20.03,7.52,0.665
2407252,RN,MAJOR SALES,3536,17.986425339366516,18.39,65.04,282.48,30.1,31.19,6.86,0.617
2407302,RN,MARCELINO VIEIRA,8265,40.786448880822746,23.94,62.87,279.42,32.4,32.19,4.86,0.609
2407401,RN,MARTINS,8218,38.719883183256265,19.29,57.59,295.35,39.34,20.37,4.71,0.622
2407500,RN,MAXARANGUAPE,10441,62.75260990326597,13.59,64.8,298.87,26.61,23.7,7.29,0.608
2407609,RN,MESSIAS TARGINO,4188,13.132760267430754,5.63,51.5,350.8,20.64,34.45,1.26,0.644
2407708,RN,MONTANHAS,11413,22.281608691842635,26.0,70.84,249.75,42.1,32.82,9.03,0.557
2407807,RN,MONTE ALEGRE,20685,56.48054145516075,15.17,64.19,292.15,32.92,31.08,7.19,0.609
2407906,RN,MONTE DAS GAMELEIRAS,2261,43.25519681556833,17.47,63.17,261.41,48.89,33.15,12.06,0.598
2408003,RN,MOSSORÓ,259815,8.688489887035006,3.72,35.33,600.28,5.67,14.67,4.55,0.72
2408102,RN,NATAL,803739,0.0,2.92,29.16,950.34,0.88,8.73,8.12,0.763
2408201,RN,NÍSIA FLORESTA,23784,60.56172216616213,14.57,59.9,337.75,20.67,24.07,4.27,0.622
2408300,RN,NOVA CRUZ,35490,31.304592843054383,18.69,60.69,313.34,28.35,33.67,10.16,0.629
2408409,RN,OLHO-D'ÁGUA DO BORGES,4295,24.563445867287545,16.7,62.52,290.17,35.47,36.79,6.33,0.585
2408508,RN,OURO BRANCO,4699,30.666099170036176,6.7,47.55,355.71,24.22,22.17,7.78,0.645
2408607,RN,PARANÁ,3952,79.22570850202429,26.74,71.68,219.34,54.01,35.58,8.9,0.589
2408706,RN,PARAÚ,3859,13.578647317958021,13.79,59.21,298.75,34.37,29.64,5.85,0.603
2408805,RN,PARAZINHO,4845,35.25283797729618,23.2,70.63,234.75,29.0,35.35,7.56,0.549
2408904,RN,PARELHAS,20354,16.065638203792865,5.72,46.77,390.54,14.98,18.32,6.83,0.676
2408953,RN,RIO DO FOGO,10059,62.739834973655434,23.47,69.4,239.1,43.79,28.92,6.71,0.569
2409100,RN,PASSA E FICA,11100,39.14414414414414,19.59,66.45,269.09,44.29,34.81,4.89,0.606
2409209,RN,PASSAGEM,2895,58.86010362694301,11.88,71.76,241.15,29.02,30.41,10.45,0.589
2409308,RN,PATU,11964,15.086927449013707,14.62,59.03,331.98,22.68,29.68,2.41,0.618
2409332,RN,SANTA MARIA,4762,35.93028139437211,15.45,66.52,251.9,28.9,31.19,0.18,0.59
2409407,RN,PAU DOS FERROS,27745,7.907731122724815,6.13,44.98,504.82,10.21,19.21,8.58,0.678
2409506,RN,PEDRA GRANDE,3521,67.02641295086623,24.72,71.67,210.52,51.88,26.62,9.5,0.559
2409605,RN,PEDRA PRETA,2590,61.77606177606177,28.7,77.05,216.3,47.8,25.21,0.73,0.558
2409704,RN,PEDRO AVELINO,7171,42.546367312787616,17.93,64.98,289.53,31.89,30.5,7.16,0.583
2409803,RN,PEDRO VELHO,14114,48.64673373954938,19.74,67.11,263.8,41.63,33.99,8.37,0.568
2409902,RN,PENDÊNCIAS,13432,21.277546158427636,10.67,54.38,412.01,15.66,24.44,6.1,0.631
2410009,RN,PILÕES,3453,26.64349840718216,18.18,64.72,270.87,18.75,31.49,14.31,0.614
2410108,RN,POÇO BRANCO,13949,46.82772958635027,24.91,70.32,263.9,28.93,31.88,8.09,0.587
2410207,RN,PORTALEGRE,7320,47.5,21.33,63.4,296.9,39.41,25.62,4.89,0.621
2410256,RN,PORTO DO MANGUE,5217,41.97814836112708,24.12,70.99,257.49,38.37,30.22,1.28,0.59
2410306,RN,PRESIDENTE JUSCELINO,8768,39.40465328467153,28.21,70.96,247.77,47.54,34.91,5.38,0.563
2410405,RN,PUREZA,8424,64.4349477682811,29.88,75.39,198.93,54.74,30.69,0.41,0.567
2410504,RN,RAFAEL FERNANDES,4692,42.26342710997442,10.58,57.08,311.04,36.09,25.99,13.91,0.608
2410603,RN,RAFAEL GODEIRO,3063,36.891936010447274,16.74,59.74,300.88,34.05,27.54,7.15,0.654
2410702,RN,RIACHO DA CRUZ,3165,15.51342812006319,19.81,69.28,237.37,34.13,28.07,0.39,0.584
2410801,RN,RIACHO DE SANTANA,4156,58.854667949951875,27.17,65.05,237.37,44.18,29.58,2.89,0.591
2410900,RN,RIACHUELO,7067,38.55950191028725,21.63,69.2,262.85,30.92,32.68,10.43,0.592
2411007,RN,RODOLFO FERNANDES,4418,15.482118605703938,16.45,63.05,263.32,32.65,32.64,2.64,0.604
2411056,RN,TIBAU,3687,23.108218063466232,10.19,55.13,396.51,21.46,24.18,8.2,0.635
2411106,RN,RUY BARBOSA,3595,51.71070931849791,24.09,70.02,241.96,41.61,34.35,1.79,0.605
2411205,RN,SANTA CRUZ,35797,14.8001229153281,15.6,59.41,327.61,22.9,26.13,6.68,0.635
2411403,RN,SANTANA DO MATOS,13809,50.06879571294083,27.13,69.32,258.64,53.66,30.69,3.99,0.591
2411429,RN,SANTANA DO SERIDÓ,2526,34.56057007125891,8.16,50.78,325.16,34.4,20.66,5.41,0.642
2411502,RN,SANTO ANTÔNIO,22216,35.72200216060497,20.39,65.27,323.81,34.92,32.99,2.73,0.62
2411601,RN,SÃO BENTO DO NORTE,2975,65.10924369747899,23.11,75.78,231.17,47.66,35.33,6.51,0.555
2411700,RN,SÃO BENTO DO TRAIRÍ,3905,51.75416133162612,24.21,73.45,210.78,37.43,30.43,6.2,0.595
2411809,RN,SÃO FERNANDO,3401,32.461040870332255,11.41,56.39,316.21,33.73,29.09,4.34,0.608
2411908,RN,SÃO FRANCISCO DO OESTE,3874,23.902942694889003,11.43,56.54,298.15,28.48,28.58,7.71,0.628
2412005,RN,SÃO GONÇALO DO AMARANTE,87668,15.477711365606607,6.05,47.58,377.16,5.18,15.68,5.37,0.661
2412104,RN,SÃO JOÃO DO SABUGI,5922,19.689294157379265,6.19,49.4,379.2,37.08,21.84,15.13,0.655
2412203,RN,SÃO JOSÉ DE MIPIBU,39776,54.16331456154465,17.32,63.45,331.85,23.87,26.31,5.09,0.611
2412302,RN,SÃO JOSÉ DO CAMPESTRE,12356,16.866299773389446,21.83,65.6,267.55,33.57,31.68,10.52,0.615
2412401,RN,SÃO JOSÉ DO SERIDÓ,4231,21.956984164500117,4.88,41.45,414.22,20.45,17.46,7.54,0.694
2412500,RN,SÃO MIGUEL,22157,34.55792751726317,19.87,65.14,285.2,36.39,32.62,3.87,0.606
2412559,RN,SÃO MIGUEL DO GOSTOSO,8670,52.35294117647059,21.71,67.38,257.1,42.74,32.51,3.16,0.591
2412609,RN,SÃO PAULO DO POTENGI,15843,27.614719434450546,15.32,58.61,303.74,24.38,27.0,4.77,0.622
2412708,RN,SÃO PEDRO,6235,43.96150761828388,18.48,64.81,285.21,29.84,32.56,8.77,0.589
2412807,RN,SÃO RAFAEL,8111,31.722352360991245,17.98,59.63,309.77,45.71,33.28,0.78,0.611
2412906,RN,SÃO TOMÉ,10827,45.12792093839475,20.2,63.86,268.71,43.12,33.4,2.6,0.585
2413003,RN,SÃO VICENTE,6028,37.54147312541473,14.02,56.35,346.89,39.09,24.37,4.86,0.642
2413102,RN,SENADOR ELÓI DE SOUZA,5637,57.01614333865531,27.17,73.46,207.76,46.6,34.05,7.39,0.583
2413201,RN,SENADOR GEORGINO AVELINO,3924,1.0958205912334353,11.63,70.66,234.85,26.29,29.06,10.91,0.57
2413300,RN,SERRA DE SÃO BENTO,5743,43.20041790005224,26.18,67.54,247.06,46.2,39.7,2.26,0.582
2413359,RN,SERRA DO MEL,10287,73.77272285408769,16.04,66.69,284.48,48.03,27.02,3.73,0.614
2413409,RN,SERRA NEGRA DO NORTE,7770,35.68854568854569,10.43,57.23,292.16,29.24,26.95,0.99,0.597
2413508,RN,SERRINHA,6581,67.77085549308616,27.68,67.13,240.51,47.23,34.44,5.58,0.592
2413557,RN,SERRINHA DOS PINTOS,4540,47.048458149779734,23.75,65.82,252.46,38.25,28.03,12.03,0.598
2413607,RN,SEVERIANO MELO,5752,63.17802503477051,21.0,61.2,293.49,43.53,30.39,4.98,0.604
2413706,RN,SÍTIO NOVO,5020,52.39043824701195,22.85,71.99,214.04,39.58,34.23,15.72,0.572
2413805,RN,TABOLEIRO GRANDE,2317,18.55848079413034,15.6,67.25,277.54,39.85,24.94,5.86,0.612
2413904,RN,TAIPU,11836,65.4950996958432,16.2,68.98,235.78,40.64,36.94,6.81,0.569
2414001,RN,TANGARÁ,14175,31.329805996472665,20.78,67.67,270.47,27.5,29.38,7.04,0.608
2414100,RN,TENENTE ANANIAS,9883,30.942021653344128,16.07,60.95,276.94,23.19,28.05,1.52,0.592
2414159,RN,TENENTE LAURENTINO CRUZ,5406,78.69034406215316,17.34,67.52,259.72,44.39,23.5,1.45,0.623
2414209,RN,TIBAU DO SUL,11385,39.736495388669304,5.76,49.87,523.75,9.71,22.88,5.86,0.645
2414308,RN,TIMBAÚBA DOS BATISTAS,2295,24.705882352941178,3.21,41.48,365.42,19.33,24.72,1.38,0.64
2414407,RN,TOUROS,31089,74.51831837627456,21.48,67.41,264.4,47.08,32.11,2.67,0.572
2414456,RN,TRIUNFO POTIGUAR,3368,34.76840855106888,15.89,57.61,294.09,35.48,31.89,5.67,0.602
2414506,RN,UMARIZAL,10659,14.916971573318323,16.21,61.96,313.6,19.26,27.32,3.35,0.618
2414605,RN,UPANEMA,12992,51.524014778325125,31.82,67.67,233.97,39.5,30.78,4.89,0.596
2414704,RN,VÁRZEA,5236,17.475171886936593,12.47,63.05,289.33,31.93,33.62,6.7,0.626
2414753,RN,VENHA-VER,3821,68.62077990054959,33.73,77.57,180.53,62.03,35.58,8.45,0.555
2414803,RN,VERA CRUZ,10719,56.19927232017912,12.44,64.85,258.12,43.65,34.64,4.79,0.587
2414902,RN,VIÇOSA,1618,4.758961681087762,19.0,69.34,247.9,26.0,24.37,1.0,0.592
2415008,RN,VILA FLOR,2872,3.064066852367688,12.72,72.26,262.96,33.98,26.06,4.51,0.576
2500106,PB,ÁGUA BRANCA,9449,57.021907080114296,29.14,71.11,233.65,43.92,28.75,13.24,0.572
2500205,PB,AGUIAR,5530,51.15732368896926,20.07,63.76,407.32,46.62,40.28,1.51,0.597
2500304,PB,ALAGOA GRANDE,28479,38.442361037957795,17.77,69.77,287.94,42.22,37.49,6.54,0.582
2500403,PB,ALAGOA NOVA,19681,50.236268482292566,21.43,67.03,272.81,51.1,30.72,9.96,0.576
2500502,PB,ALAGOINHA,13576,33.45609899823217,16.72,67.22,284.64,42.71,38.44,8.26,0.595
2500536,PB,ALCANTIL,5239,60.60316854361519,21.64,66.1,245.01,42.97,33.02,9.16,0.578
2500577,PB,ALGODÃO DE JANDAÍRA,2366,47.97125950972105,21.57,70.3,218.7,49.69,35.45,12.11,0.548
2500601,PB,ALHANDRA,18007,38.06297550952407,17.03,69.27,236.14,34.31,28.3,4.53,0.582
2500700,PB,SÃO JOÃO DO RIO DO PEIXE,18201,62.17240810944454,19.15,60.24,306.87,45.85,29.64,6.62,0.608
2500734,PB,AMPARO,2088,49.13793103448276,24.23,71.88,225.5,60.4,23.43,9.23,0.606
2500775,PB,APARECIDA,7676,52.605523710265764,21.15,64.52,271.98,37.89,31.19,6.37,0.578
2500809,PB,ARAÇAGI,17224,60.49698095680446,29.18,70.62,230.52,57.71,41.75,1.79,0.549
2500908,PB,ARARA,12653,29.47127163518533,24.2,64.33,276.67,52.31,41.44,6.91,0.548
2501005,PB,ARARUNA,18879,50.59060331585359,27.04,67.3,244.02,50.86,42.7,2.44,0.567
2501104,PB,AREIA,23829,38.73851189726803,17.11,63.14,319.92,38.36,32.46,6.33,0.594
2501153,PB,AREIA DE BARAÚNAS,1927,47.22366372599896,14.59,64.33,270.54,33.34,35.02,6.39,0.562
2501203,PB,AREIAL,6470,28.902627511591962,20.09,61.06,282.18,57.33,28.8,6.93,0.608
2501302,PB,AROEIRAS,19082,50.05240540823813,33.96,72.5,226.05,57.99,38.31,5.33,0.548
2501351,PB,ASSUNÇÃO,3522,19.193639977285635,13.15,63.33,336.67,30.32,28.58,11.22,0.609
2501401,PB,BAÍA DA TRAIÇÃO,8012,61.407888167748375,31.57,72.76,231.78,52.74,27.6,4.09,0.581
2501500,PB,BANANEIRAS,21851,60.33133495034552,31.39,69.91,253.3,56.36,38.27,4.95,0.568
2501534,PB,BARAÚNA,4220,24.47867298578199,32.03,73.08,211.36,43.57,30.32,4.28,0.558
2501575,PB,BARRA DE SANTANA,8206,91.09188398732634,27.08,69.61,211.08,69.93,33.38,3.44,0.567
2501609,PB,BARRA DE SANTA ROSA,14157,43.80165289256198,26.93,70.05,233.51,52.35,39.87,6.31,0.562
2501708,PB,BARRA DE SÃO MIGUEL,5611,57.868472643022635,13.83,56.6,302.44,55.0,25.09,6.04,0.572
2501807,PB,BAYEUX,99716,0.9256287857515344,6.86,49.86,376.74,2.49,16.54,5.38,0.649
2501906,PB,BELÉM,17093,17.439887673316562,21.98,66.71,256.2,30.76,36.5,5.86,0.592
2502003,PB,BELÉM DO BREJO DO CRUZ,7143,26.36147277054459,18.19,67.03,245.71,31.31,41.01,10.26,0.578
2502052,PB,BERNARDINO BATISTA,3075,72.09756097560975,33.94,71.46,211.04,39.59,34.12,21.24,0.558
2502102,PB,BOA VENTURA,5751,38.7584767866458,18.24,59.25,271.06,46.36,31.27,9.26,0.599
2502151,PB,BOA VISTA,6227,48.4824152882608,8.96,54.29,314.11,32.73,17.29,7.51,0.649
2502201,PB,BOM JESUS,2400,58.833333333333336,13.87,62.77,303.29,29.5,27.12,5.75,0.597
2502300,PB,BOM SUCESSO,5035,59.682224428997024,22.0,62.44,257.9,53.96,32.77,11.04,0.592
2502409,PB,BONITO DE SANTA FÉ,10804,31.516105146242133,22.33,64.8,267.09,45.92,31.28,3.62,0.574
2502508,PB,BOQUEIRÃO,16888,28.90810042633823,9.96,56.15,319.11,37.99,26.13,4.78,0.607
2502607,PB,IGARACY,6156,33.057179987004545,21.31,62.26,286.68,36.63,34.75,10.33,0.61
2502706,PB,BORBOREMA,5111,26.98102132655058,23.5,69.86,236.01,49.76,35.36,8.85,0.558
2502805,PB,BREJO DO CRUZ,13123,24.575173359750057,13.54,59.14,287.2,18.02,33.63,4.8,0.597
2502904,PB,BREJO DOS SANTOS,6198,25.233946434333657,20.09,63.93,267.6,25.71,30.2,8.47,0.619
2503001,PB,CAAPORÃ,20362,13.819860524506433,12.68,65.06,268.46,23.75,25.65,16.96,0.602
2503100,PB,CABACEIRAS,5035,55.9682224428997,15.73,59.72,283.93,41.29,19.35,2.78,0.611
2503209,PB,CABEDELO,57944,0.013806433798149938,5.27,39.32,1036.21,3.0,11.24,11.47,0.748
2503308,PB,CACHOEIRA DOS ÍNDIOS,9546,64.35156086318877,20.08,57.4,301.77,34.47,29.22,8.23,0.587
2503407,PB,CACIMBA DE AREIA,3557,52.93786899072252,23.81,65.38,249.79,43.94,28.93,2.31,0.596
2503506,PB,CACIMBA DE DENTRO,16748,45.31884404107953,25.44,69.39,246.21,50.28,42.43,4.59,0.564
2503555,PB,CACIMBAS,6814,75.91722923393014,36.97,76.21,181.17,59.24,40.48,10.51,0.523
2503605,PB,CAIÇARA,7220,28.116343490304708,16.8,65.56,294.68,45.38,36.75,8.78,0.592
2503704,PB,CAJAZEIRAS,58446,18.726687882832017,9.05,44.82,511.56,19.2,20.73,7.54,0.679
2503753,PB,CAJAZEIRINHAS,3033,67.02934388394328,27.03,76.01,205.12,44.62,37.65,2.09,0.55
2503803,PB,CALDAS BRANDÃO,5637,42.80645733546213,16.85,67.69,264.06,32.67,38.5,7.81,0.568
2503902,PB,CAMALAÚ,5749,49.782570881892504,22.0,68.25,242.92,62.36,32.04,4.0,0.567
2504009,PB,CAMPINA GRANDE,385213,4.673777883923959,5.02,40.74,630.03,4.38,12.39,8.06,0.72
2504033,PB,CAPIM,5601,26.691662203178005,22.54,77.37,203.67,37.14,43.38,15.51,0.533
2504074,PB,CARAÚBAS,3899,61.092587843036675,14.94,59.73,296.38,50.01,20.53,13.43,0.585
2504108,PB,CARRAPATEIRA,2378,27.964676198486124,25.46,71.8,214.54,33.32,30.55,18.04,0.603
2504157,PB,CASSERENGUE,7058,51.00595069424766,43.17,78.02,171.37,69.48,44.8,3.31,0.514
2504207,PB,CATINGUEIRA,4812,40.066500415627594,24.58,67.06,249.16,35.58,38.34,8.04,0.574
2504306,PB,CATOLÉ DO ROCHA,28759,25.856253694495635,10.51,52.61,371.92,17.24,24.64,3.99,0.64
2504355,PB,CATURITÉ,4543,77.45982830728593,11.48,58.66,371.05,44.63,24.17,3.37,0.623
2504405,PB,CONCEIÇÃO,18363,37.73893154713282,23.33,65.99,290.63,45.63,35.06,6.41,0.592
2504504,PB,CONDADO,6584,30.710814094775213,19.21,61.53,282.25,34.27,31.72,8.69,0.594
2504603,PB,CONDE,21400,32.30373831775701,13.75,62.34,316.81,26.59,25.02,6.23,0.618
2504702,PB,CONGO,4687,37.23063793471304,18.58,64.74,263.84,50.72,30.6,5.45,0.581
2504801,PB,COREMAS,15149,24.622087266486236,18.25,63.49,291.3,35.97,35.67,3.06,0.592
2504850,PB,COXIXOLA,1771,55.84415584415584,14.52,57.61,306.15,56.39,22.8,10.95,0.641
2504900,PB,CRUZ DO ESPÍRITO SANTO,16257,54.23509872670235,15.63,72.41,217.47,40.21,35.59,2.76,0.552
2505006,PB,CUBATI,6866,30.54180017477425,21.07,68.64,237.71,45.91,29.46,2.87,0.566
2505105,PB,CUITÉ,19978,32.61587746521173,19.63,62.36,284.57,49.97,33.76,5.5,0.591
2505204,PB,CUITEGI,6889,18.594861373203656,15.61,66.91,265.78,28.71,37.03,9.96,0.57
2505238,PB,CUITÉ DE MAMANGUAPE,6202,66.63979361496291,21.65,74.27,214.92,53.08,44.17,3.9,0.524
2505279,PB,CURRAL DE CIMA,5209,90.91956229602611,29.47,72.77,214.4,66.85,44.24,6.72,0.529
2505303,PB,CURRAL VELHO,2505,43.712574850299404,21.36,63.04,362.28,38.26,37.76,9.28,0.606
2505352,PB,DAMIÃO,4900,53.51020408163265,32.36,77.23,182.89,67.79,43.04,4.79,0.521
2505402,PB,DESTERRO,7991,38.81867100488049,26.33,70.34,247.16,46.03,27.86,8.58,0.58
2505501,PB,VISTA SERRANA,3512,54.840546697038725,20.55,65.79,251.49,33.69,27.03,15.34,0.566
2505600,PB,DIAMANTE,6616,42.29141475211608,24.7,69.4,264.08,48.62,32.41,12.92,0.593
2505709,PB,DONA INÊS,10517,55.73832842065228,36.05,72.85,208.12,55.75,42.98,7.14,0.545
2505808,PB,DUAS ESTRADAS,3638,21.962616822429908,22.16,65.28,269.85,45.66,32.95,11.29,0.603
2505907,PB,EMAS,3317,35.72505275851673,13.47,70.87,251.41,43.32,32.64,20.16,0.595
2506004,PB,ESPERANÇA,31095,30.435761376427077,16.73,60.47,330.66,33.63,27.75,4.81,0.623
2506103,PB,FAGUNDES,11405,52.082419991231916,26.26,70.12,235.02,60.63,34.9,2.44,0.56
2506202,PB,FREI MARTINHO,2933,38.39072621888851,14.24,50.36,405.38,39.36,31.7,3.9,0.641
2506251,PB,GADO BRAVO,8376,89.15950334288443,37.6,79.49,170.29,70.46,35.72,6.29,0.513
2506301,PB,GUARABIRA,55326,11.50634421429346,7.55,49.97,430.83,12.45,21.61,8.3,0.673
2506400,PB,GURINHÉM,13872,58.22520184544406,17.95,67.91,235.88,44.48,40.7,10.45,0.556
2506509,PB,GURJÃO,3159,32.636910414688195,12.52,60.59,288.53,54.78,22.31,13.05,0.625
2506608,PB,IBIARA,6031,38.88244072293152,28.77,68.88,242.08,53.4,40.69,15.33,0.586
2506707,PB,IMACULADA,11352,55.399929527836505,29.28,72.06,208.83,57.52,33.36,12.74,0.557
2506806,PB,INGÁ,18180,36.1991199119912,16.78,64.3,282.85,45.47,39.27,6.98,0.592
2506905,PB,ITABAIANA,24481,19.402802173113844,11.37,60.18,319.34,23.66,29.14,5.34,0.613
2507002,PB,ITAPORANGA,23192,23.986719558468437,13.94,54.66,349.02,24.13,24.26,9.82,0.615
2507101,PB,ITAPOROROCA,16997,36.129905277401896,21.85,69.79,235.44,54.86,36.02,6.31,0.564
2507200,PB,ITATUBA,10201,41.62337025781786,22.04,69.34,244.16,44.91,40.76,4.04,0.562
2507309,PB,JACARAÚ,13942,42.389901018505235,25.83,69.33,250.76,51.43,35.78,7.2,0.558
2507408,PB,JERICÓ,7538,37.26452639957549,18.42,63.22,290.17,28.04,30.64,7.35,0.603
2507507,PB,JOÃO PESSOA,723515,0.3773245889857156,3.48,30.3,964.82,0.86,8.54,11.78,0.763
2507606,PB,JUAREZ TÁVORA,7459,21.54444295481968,20.29,69.37,236.56,41.35,38.73,4.66,0.579
2507705,PB,JUAZEIRINHO,16776,45.61278016213639,20.8,68.03,255.68,45.63,28.03,5.97,0.567
2507804,PB,JUNCO DO SERIDÓ,6643,34.23152190275478,13.09,64.81,280.15,27.11,23.15,1.45,0.617
2507903,PB,JURIPIRANGA,10237,6.359284946761747,26.35,71.6,235.6,22.58,36.71,4.26,0.548
2508000,PB,JURU,9826,55.638102992061874,26.55,67.09,247.78,45.37,36.36,12.48,0.57
2508109,PB,LAGOA,4681,50.77974791711173,21.7,70.8,219.92,44.93,36.37,8.86,0.563
2508208,PB,LAGOA DE DENTRO,7370,46.065128900949794,28.45,71.98,228.8,56.49,34.84,3.37,0.57
2508307,PB,LAGOA SECA,25900,59.189189189189186,10.93,57.95,380.73,40.85,22.88,6.85,0.627
2508406,PB,LASTRO,2841,53.00950369588173,22.53,69.89,219.67,39.67,32.87,2.49,0.533
2508505,PB,LIVRAMENTO,7164,47.62702400893356,27.37,73.82,207.73,64.95,24.9,2.06,0.566
2508554,PB,LOGRADOURO,3942,56.29122272957889,15.05,68.54,236.33,40.42,36.85,13.96,0.583
2508604,PB,LUCENA,11730,13.452685421994884,15.24,71.33,289.29,20.81,27.2,10.36,0.583
2508703,PB,MÃE D'ÁGUA,4019,60.96043791988057,29.35,74.47,202.88,59.77,32.16,8.43,0.542
2508802,PB,MALTA,5613,12.613575628006414,14.46,58.16,378.53,26.24,30.06,8.18,0.642
2508901,PB,MAMANGUAPE,42303,19.074297331158547,15.64,62.94,305.46,21.63,29.98,5.57,0.585
2509008,PB,MANAÍRA,10759,43.981782693558884,32.63,71.04,225.93,59.66,37.46,2.0,0.543
2509057,PB,MARCAÇÃO,7609,62.55749770009199,28.2,73.97,209.46,63.66,36.19,2.39,0.529
2509107,PB,MARI,21176,17.571779372874953,19.75,65.7,250.22,43.24,38.06,3.3,0.548
2509156,PB,MARIZÓPOLIS,6173,13.218856309735948,17.84,62.62,299.15,24.82,28.97,10.89,0.608
2509206,PB,MASSARANDUBA,12902,65.24569834134243,18.29,68.63,247.98,45.54,33.4,2.9,0.567
2509305,PB,MATARACA,7407,11.597137842581342,20.03,74.99,219.95,34.9,29.34,1.51,0.536
2509339,PB,MATINHAS,4321,84.2166165239528,19.51,72.45,217.6,71.66,33.99,13.34,0.541
2509370,PB,MATO GROSSO,2702,55.55144337527757,13.76,66.0,271.56,35.68,44.71,7.59,0.565
2509396,PB,MATURÉIA,5939,35.056406802492,27.92,68.67,230.63,44.93,31.01,6.89,0.572
2509404,PB,MOGEIRO,12491,55.30381874949964,24.61,70.51,227.05,46.99,35.2,5.11,0.574
2509503,PB,MONTADAS,4990,36.75350701402806,25.72,65.4,238.17,62.15,27.27,2.95,0.59
2509602,PB,MONTE HOREBE,4508,44.52085181898846,23.02,59.88,292.96,52.86,31.85,12.81,0.587
2509701,PB,MONTEIRO,30852,34.3284065862829,13.46,57.69,392.05,36.7,29.32,5.87,0.628
2509800,PB,MULUNGU,9469,52.09631428873165,18.37,69.82,242.9,40.44,37.6,3.95,0.565
2509909,PB,NATUBA,10566,65.60666288093886,33.3,77.11,198.68,68.71,42.34,5.73,0.541
2510006,PB,NAZAREZINHO,7280,56.26373626373626,31.93,72.01,213.53,52.45,33.69,6.88,0.562
2510105,PB,NOVA FLORESTA,10533,25.0735782777936,20.33,61.86,287.45,42.71,30.81,2.13,0.601
2510204,PB,NOVA OLINDA,6070,46.836902800658976,23.84,68.06,255.69,34.66,34.49,5.71,0.573
2510303,PB,NOVA PALMEIRA,4361,41.481311625773905,13.21,62.04,272.29,50.68,26.37,4.09,0.595
2510402,PB,OLHO D'ÁGUA,6931,44.19275717789641,30.88,73.89,220.96,47.38,36.4,12.57,0.572
2510501,PB,OLIVEDOS,3627,47.55996691480563,28.05,69.5,217.32,33.18,20.76,17.04,0.603
2510600,PB,OURO VELHO,2928,30.088797814207652,13.08,58.69,305.23,41.65,24.65,5.47,0.614
2510659,PB,PARARI,1256,44.347133757961785,22.47,56.6,300.27,48.15,22.35,10.85,0.584
2510709,PB,PASSAGEM,2233,50.335871025526195,20.72,66.0,270.29,27.62,30.73,27.76,0.62
2510808,PB,PATOS,100674,3.37326419929674,5.38,47.06,508.52,4.06,19.51,7.77,0.701
2510907,PB,PAULISTA,11788,51.47607736681371,13.38,58.65,308.48,32.92,34.46,5.33,0.587
2511004,PB,PEDRA BRANCA,3721,36.441816715936575,27.49,71.39,219.29,29.4,27.62,13.22,0.599
2511103,PB,PEDRA LAVRADA,7475,58.862876254180605,18.06,67.23,267.79,47.41,29.6,11.37,0.574
2511202,PB,PEDRAS DE FOGO,27032,39.486534477656114,21.35,65.97,273.39,45.33,32.65,9.29,0.59
2511301,PB,PIANCÓ,15465,27.074038150662787,17.94,60.46,321.21,28.8,31.32,10.46,0.621
2511400,PB,PICUÍ,18222,33.48699374382615,16.61,61.4,326.53,40.54,26.46,3.34,0.608
2511509,PB,PILAR,11191,31.435975337324635,20.96,72.62,236.08,38.38,33.96,7.43,0.579
2511608,PB,PILÕES,6978,52.24992834623101,25.54,74.76,259.0,51.49,38.64,8.55,0.56
2511707,PB,PILÕEZINHOS,5155,46.71193016488846,16.97,71.28,218.98,58.79,36.13,2.95,0.564
2511806,PB,PIRPIRITUBA,10326,23.552198334301764,22.85,65.98,270.98,30.69,32.2,9.75,0.595
2511905,PB,PITIMBU,17024,39.00375939849624,22.04,73.96,227.76,53.91,29.48,3.0,0.57
2512002,PB,POCINHOS,17032,43.52982620948802,17.66,64.87,253.75,52.7,27.16,4.27,0.591
2512036,PB,POÇO DANTAS,3751,73.95361237003466,31.41,75.33,186.82,47.02,39.54,8.88,0.525
2512077,PB,POÇO DE JOSÉ DE MOURA,3978,64.17797888386124,16.72,57.98,291.18,47.46,28.91,14.9,0.612
2512101,PB,POMBAL,32110,19.79757085020243,10.22,55.34,401.6,24.44,27.82,5.76,0.634
2512200,PB,PRATA,3854,36.58536585365854,15.15,59.57,271.47,45.03,25.1,13.38,0.608
2512309,PB,PRINCESA ISABEL,21283,31.7389465770803,13.22,52.26,334.74,37.52,27.34,8.25,0.606
2512408,PB,PUXINANÃ,12923,67.36825814439372,13.76,60.4,283.93,48.97,23.27,1.89,0.617
2512507,PB,QUEIMADAS,41049,45.83059270627786,14.47,59.09,292.5,30.65,24.26,3.09,0.608
2512606,PB,QUIXABÁ,1699,62.74278987639788,17.4,59.96,267.39,39.59,28.26,6.82,0.622
2512705,PB,REMÍGIO,17581,26.323872362209205,18.74,62.13,319.14,40.59,32.98,11.58,0.607
2512721,PB,PEDRO RÉGIS,5765,62.74067649609714,26.94,73.96,215.39,54.54,46.13,12.63,0.542
2512747,PB,RIACHÃO,3266,37.96693202694428,31.13,76.03,197.04,40.02,34.24,2.38,0.574
2512754,PB,RIACHÃO DO BACAMARTE,4264,37.546904315197,19.06,67.85,262.31,42.38,38.58,18.23,0.553
2512762,PB,RIACHÃO DO POÇO,4164,69.0922190201729,25.33,71.89,225.44,65.97,36.25,7.23,0.555
2512788,PB,RIACHO DE SANTO ANTÔNIO,1722,31.126596980255517,12.35,62.92,275.73,39.6,26.8,13.54,0.594
2512804,PB,RIACHO DOS CAVALOS,8314,51.58768342554727,16.29,70.48,239.15,34.3,35.0,3.89,0.568
2512903,PB,RIO TINTO,22976,43.171135097493035,21.53,64.34,264.5,39.63,28.26,3.93,0.585
2513000,PB,SALGADINHO,3508,65.70695553021665,23.95,69.93,217.39,46.66,35.7,6.77,0.563
2513109,PB,SALGADO DE SÃO FÉLIX,11976,56.1623246492986,27.29,72.64,217.45,60.35,39.54,3.53,0.568
2513158,PB,SANTA CECÍLIA,6658,71.94352658455993,27.85,74.96,197.49,59.43,38.98,7.25,0.525
2513208,PB,SANTA CRUZ,6471,53.82475660639778,21.34,54.4,291.16,39.42,29.86,17.42,0.618
2513307,PB,SANTA HELENA,5369,49.67405475880052,20.78,62.36,277.52,53.57,27.99,10.37,0.609
2513356,PB,SANTA INÊS,3539,59.593105397004805,29.62,76.01,229.72,56.46,34.92,19.04,0.572
2513406,PB,SANTA LUZIA,14719,8.42448535905972,9.9,52.22,379.3,17.42,21.25,10.69,0.682
2513505,PB,SANTANA DE MANGUEIRA,5331,58.15044081785781,38.59,80.61,166.28,54.67,39.08,9.32,0.535
2513604,PB,SANTANA DOS GARROTES,7266,48.58243875584916,19.46,61.34,274.26,47.01,37.73,7.52,0.594
2513653,PB,SANTARÉM,2615,67.87762906309752,15.45,67.07,249.67,27.5,38.54,13.22,0.622
2513703,PB,SANTA RITA,120310,13.791870999916881,8.91,55.93,328.16,7.25,22.01,3.85,0.627
2513802,PB,SANTA TERESINHA,4581,51.80091683038638,23.26,66.46,306.95,40.35,29.29,14.82,0.627
2513851,PB,SANTO ANDRÉ,2638,67.21000758150113,15.9,61.87,273.72,59.73,29.21,6.92,0.6
2513901,PB,SÃO BENTO,30879,18.90929110398653,7.37,59.08,328.99,9.76,35.69,2.27,0.58
2513927,PB,SÃO BENTINHO,4138,31.24697921701305,11.0,62.52,286.99,37.51,35.07,8.57,0.606
2513943,PB,SÃO DOMINGOS DO CARIRI,2420,57.27272727272727,14.03,52.5,341.56,41.63,25.77,2.97,0.589
2513968,PB,SÃO DOMINGOS,2855,65.18388791593695,18.6,67.33,253.36,50.12,40.88,5.41,0.548
2513984,PB,SÃO FRANCISCO,3364,59.48275862068966,17.54,63.28,261.15,38.3,33.32,7.72,0.58
2514008,PB,SÃO JOÃO DO CARIRI,4344,45.97145488029466,12.91,54.39,373.55,48.86,20.12,5.12,0.622
2514107,PB,SÃO JOÃO DO TIGRE,4396,65.21838034576888,32.14,73.35,207.42,57.57,38.3,4.93,0.552
2514206,PB,SÃO JOSÉ DA LAGOA TAPADA,7564,56.17398202009519,29.31,69.99,216.66,50.94,45.42,6.78,0.53
2514305,PB,SÃO JOSÉ DE CAIANA,6010,54.59234608985025,19.48,64.57,238.28,43.34,34.97,4.88,0.565
2514404,PB,SÃO JOSÉ DE ESPINHARAS,4760,66.02941176470588,18.74,67.17,234.08,47.33,34.35,10.84,0.577
2514453,PB,SÃO JOSÉ DOS RAMOS,5508,56.91721132897604,26.5,74.39,212.12,55.44,41.29,10.43,0.541
2514503,PB,SÃO JOSÉ DE PIRANHAS,19096,43.4698366149979,17.56,55.68,321.53,35.26,26.92,7.68,0.591
2514552,PB,SÃO JOSÉ DE PRINCESA,4219,83.52690210950462,23.52,66.36,221.16,67.45,34.24,1.93,0.565
2514602,PB,SÃO JOSÉ DO BONFIM,3233,57.90287658521497,20.45,66.17,244.14,32.34,28.7,8.82,0.578
2514651,PB,SÃO JOSÉ DO BREJO DO CRUZ,1684,43.111638954869356,22.46,69.85,223.11,40.56,30.06,21.87,0.581
2514701,PB,SÃO JOSÉ DO SABUGI,4010,35.6857855361596,7.69,56.84,302.36,38.25,29.05,9.6,0.617
2514800,PB,SÃO JOSÉ DOS CORDEIROS,3985,58.77038895859473,22.64,69.9,233.71,67.57,24.22,2.01,0.556
2514909,PB,SÃO MAMEDE,7748,23.477026329375324,12.11,55.31,371.01,26.93,25.95,9.9,0.641
2515005,PB,SÃO MIGUEL DE TAIPU,6696,55.54062126642772,23.67,76.78,198.63,62.94,43.79,6.34,0.548
2515104,PB,SÃO SEBASTIÃO DE LAGOA DE ROÇA,11041,57.80273525948736,18.56,63.74,262.87,56.5,28.07,5.02,0.594
2515203,PB,SÃO SEBASTIÃO DO UMBUZEIRO,3235,35.17774343122102,15.15,63.39,263.04,59.31,27.06,8.14,0.581
2515302,PB,SAPÉ,50143,23.93554434317851,18.52,68.21,266.29,28.2,32.99,4.04,0.569
2515401,PB,SERIDÓ,10230,55.06353861192571,25.72,72.23,214.38,52.79,24.82,3.75,0.555
2515500,PB,SERRA BRANCA,12973,35.1113851846142,13.29,56.6,330.05,46.18,21.23,3.13,0.628
2515609,PB,SERRA DA RAIZ,3204,33.3645443196005,16.7,65.87,278.22,40.13,34.17,14.8,0.626
2515708,PB,SERRA GRANDE,2975,40.30252100840336,21.11,68.0,244.05,53.54,33.43,8.09,0.586
2515807,PB,SERRA REDONDA,7050,48.822695035460995,21.28,60.7,268.53,48.19,34.41,1.98,0.57
2515906,PB,SERRARIA,6238,44.42128887463931,24.56,72.16,224.2,58.48,44.31,8.3,0.547
2515930,PB,SERTÃOZINHO,4395,26.848691695108077,21.67,62.96,252.11,46.73,30.37,8.91,0.621
2515971,PB,SOBRADO,7373,88.0238708802387,25.88,72.04,210.08,58.98,36.29,7.39,0.573
2516003,PB,SOLÂNEA,26693,27.576518188289064,20.91,63.63,318.38,36.23,33.37,6.43,0.595
2516102,PB,SOLEDADE,13739,25.533153795763884,13.21,59.59,330.05,33.41,21.45,5.27,0.616
2516151,PB,SOSSÊGO,3169,50.07888923950773,28.38,71.11,218.2,57.01,33.79,0.68,0.573
2516201,PB,SOUSA,65803,21.15709010227497,9.58,51.61,443.81,16.77,23.9,7.39,0.668
2516300,PB,SUMÉ,16060,23.810709838107098,11.31,58.32,339.68,37.11,27.11,8.74,0.627
2516409,PB,TACIMA,10262,57.43519781718963,27.34,76.55,195.07,48.38,33.01,0.88,0.551
2516508,PB,TAPEROÁ,14936,40.151312265666846,17.92,65.02,267.88,45.3,30.44,9.0,0.578
2516607,PB,TAVARES,14103,53.08799546195845,24.22,66.91,260.75,51.14,33.83,5.39,0.586
2516706,PB,TEIXEIRA,14153,31.950823147035965,25.63,67.24,271.44,43.18,25.83,10.65,0.605
2516755,PB,TENÓRIO,2813,40.5261286882332,13.91,61.3,269.63,25.09,31.26,22.24,0.581
2516805,PB,TRIUNFO,9220,53.2646420824295,19.83,58.66,292.24,35.82,30.86,10.57,0.609
2516904,PB,UIRAÚNA,14584,29.038672517827756,14.62,58.2,361.37,30.49,28.35,7.42,0.636
2517001,PB,UMBUZEIRO,9298,57.13056571305657,27.1,71.04,237.25,63.75,38.25,5.43,0.584
2517100,PB,VÁRZEA,2504,26.717252396166135,6.76,42.47,377.4,38.04,14.06,8.66,0.707
2517209,PB,VIEIRÓPOLIS,5045,80.25768087215064,23.59,65.56,226.49,48.77,40.81,11.65,0.571
2517407,PB,ZABELÊ,2075,29.06024096385542,12.76,61.19,272.94,43.44,24.7,11.0,0.623
2600054,PE,ABREU E LIMA,94429,8.264410297683975,6.99,46.99,390.4,3.97,10.7,3.89,0.679
2600104,PE,AFOGADOS DA INGAZEIRA,35088,21.904924760601915,16.09,56.98,386.56,29.45,24.83,6.85,0.657
2600203,PE,AFRÂNIO,17586,66.67235300807461,27.14,69.98,233.59,50.78,27.97,4.2,0.588
2600302,PE,AGRESTINA,22679,25.23038934697297,15.31,61.08,297.02,36.93,34.87,2.51,0.592
2600401,PE,ÁGUA PRETA,33095,43.3449161504759,24.59,78.1,195.47,41.59,33.18,3.54,0.553
2600500,PE,ÁGUAS BELAS,40235,38.9486765254132,31.96,72.41,239.3,56.16,42.91,5.44,0.526
2600609,PE,ALAGOINHA,13759,43.535140635220586,18.93,64.87,275.5,53.95,28.42,6.39,0.599
2600708,PE,ALIANÇA,37415,45.88534010423627,11.87,71.24,269.86,19.62,29.2,4.95,0.604
2600807,PE,ALTINHO,22353,42.844360935892276,22.53,66.91,259.21,52.71,36.89,1.77,0.598
2600906,PE,AMARAJI,21939,26.865399516842153,11.07,67.92,286.59,48.66,33.46,7.29,0.58
2601003,PE,ANGELIM,10202,40.33522838659086,27.85,70.9,253.26,58.19,35.92,5.74,0.572
2601052,PE,ARAÇOIABA,18156,15.90658735404274,16.32,68.93,236.1,19.31,25.94,3.75,0.592
2601102,PE,ARARIPINA,77302,39.31851698533026,17.75,63.82,324.01,36.22,27.04,6.65,0.602
2601201,PE,ARCOVERDE,68793,8.903522160684954,13.31,51.54,469.53,12.46,18.62,9.5,0.667
2601300,PE,BARRA DE GUABIRABA,12776,10.848465873512836,17.45,68.73,257.4,49.64,37.5,5.94,0.577
2601409,PE,BARREIROS,40732,16.571737209073948,21.12,69.95,263.2,18.95,25.14,5.18,0.586
2601508,PE,BELÉM DE MARIA,11353,29.613318065709503,15.21,72.27,226.82,46.36,35.48,3.6,0.578
2601607,PE,BELÉM DO SÃO FRANCISCO,20253,37.87587024144571,22.24,65.36,357.77,49.98,23.26,9.39,0.642
2601706,PE,BELO JARDIM,72432,19.6032140490391,12.11,53.78,372.93,21.2,26.62,5.08,0.629
2601805,PE,BETÂNIA,12003,69.07439806714989,31.35,71.58,220.19,51.08,35.2,1.07,0.559
2601904,PE,BEZERROS,58668,15.217835958273676,14.75,56.75,351.75,30.44,29.96,3.3,0.606
2602001,PE,BODOCÓ,35158,63.52466010580807,28.08,70.37,234.36,51.03,32.17,5.52,0.565
2602100,PE,BOM CONSELHO,45503,34.55596334307628,27.22,68.79,305.57,55.86,36.59,4.49,0.563
2602209,PE,BOM JARDIM,37826,59.829217998202296,21.75,66.77,248.98,56.6,32.55,3.14,0.602
2602308,PE,BONITO,37566,30.234786775275516,23.7,71.13,258.52,46.84,34.07,7.74,0.561
2602407,PE,BREJÃO,8844,59.701492537313435,19.77,72.71,230.85,57.67,34.48,5.18,0.547
2602506,PE,BREJINHO,7307,53.66087313534967,22.81,61.3,266.21,43.54,27.23,4.71,0.574
2602605,PE,BREJO DA MADRE DE DEUS,45180,22.257636122177956,12.87,61.59,296.7,29.4,34.79,3.42,0.562
2602704,PE,BUENOS AIRES,12537,36.85092127303182,13.79,66.85,254.03,38.86,29.84,5.57,0.593
2602803,PE,BUÍQUE,52105,59.32252183091834,38.73,80.25,176.76,67.13,43.6,2.66,0.527
2602902,PE,CABO DE SANTO AGOSTINHO,185025,9.318740710714769,5.98,46.81,467.07,4.78,13.74,2.39,0.686
2603009,PE,CABROBÓ,30873,35.872769086256596,22.12,69.41,298.14,43.69,25.58,5.25,0.623
2603108,PE,CACHOEIRINHA,18819,19.203995961528243,15.44,58.53,308.18,31.91,34.18,3.68,0.579
2603207,PE,CAETÉS,26577,71.70485758362494,42.77,77.46,176.77,68.87,41.74,3.42,0.522
2603306,PE,CALÇADO,11125,65.75280898876404,30.24,73.67,215.47,80.15,34.96,4.81,0.566
2603405,PE,CALUMBI,5648,61.40226628895184,25.95,65.55,272.66,37.74,35.19,12.91,0.571
2603454,PE,CAMARAGIBE,144466,0.0,5.1,43.89,473.78,1.27,11.44,4.88,0.692
2603504,PE,CAMOCIM DE SÃO FÉLIX,17104,16.23596819457437,16.0,65.22,305.53,50.81,34.38,4.66,0.588
2603603,PE,CAMUTANGA,8156,19.88719960765081,15.0,64.2,278.04,33.33,28.75,13.52,0.606
2603702,PE,CANHOTINHO,24521,42.47379796908772,23.79,71.61,234.75,61.58,39.29,5.17,0.541
2603801,PE,CAPOEIRAS,19593,68.0345021181034,26.23,72.72,215.71,72.43,34.72,3.44,0.549
2603900,PE,CARNAÍBA,18574,58.953375686443415,30.19,70.05,229.87,54.48,29.42,7.77,0.583
2603926,PE,CARNAUBEIRA DA PENHA,11782,83.17772873875403,40.47,79.34,170.02,62.43,30.08,5.47,0.573
2604007,PE,CARPINA,74858,3.743086911218574,8.86,52.86,403.76,6.54,17.09,5.53,0.68
2604106,PE,CARUARU,314912,11.21678437150696,5.66,39.22,553.99,5.86,16.5,3.7,0.677
2604155,PE,CASINHAS,13766,87.6216765945082,23.28,72.67,200.83,53.89,34.14,2.73,0.567
2604205,PE,CATENDE,37820,23.688524590163933,17.49,66.18,292.74,14.24,28.5,8.28,0.609
2604304,PE,CEDRO,10778,41.631100389682686,22.82,69.88,269.64,45.59,24.27,7.17,0.615
2604403,PE,CHÃ DE ALEGRIA,12404,22.887778136085135,18.95,67.36,239.04,21.65,26.55,10.42,0.604
2604502,PE,CHÃ GRANDE,20137,32.00576054029895,12.43,63.4,341.34,45.25,33.07,5.99,0.599
2604601,PE,CONDADO,24282,6.774565521785685,15.29,66.26,297.68,22.28,29.14,5.98,0.602
2604700,PE,CORRENTES,17419,40.702680980538496,20.16,70.82,247.2,59.01,35.21,9.4,0.536
2604809,PE,CORTÊS,12452,36.54834564728558,17.97,70.67,232.22,27.25,31.22,7.27,0.568
2604908,PE,CUMARU,17183,53.21538730140255,22.42,68.24,249.32,56.91,34.37,4.58,0.572
2605004,PE,CUPIRA,23390,11.128687473279179,12.1,57.53,336.81,27.23,33.09,2.42,0.592
2605103,PE,CUSTÓDIA,33855,35.85585585585586,17.83,56.37,350.0,29.94,28.93,6.82,0.594
2605152,PE,DORMENTES,16917,64.50907371283324,16.8,68.03,257.72,62.79,28.35,5.45,0.589
2605202,PE,ESCADA,63517,15.040068013287781,9.35,59.87,322.46,13.12,23.22,3.47,0.632
2605301,PE,EXU,31636,48.466936401567835,29.07,74.87,234.83,52.51,27.3,7.66,0.576
2605400,PE,FEIRA NOVA,20571,20.699042341159885,15.18,59.54,296.5,39.21,31.54,5.5,0.6
2605459,PE,FERNANDO DE NORONHA,2630,0.0,0.0,5.12,1034.14,2.55,5.1,8.53,0.788
2605509,PE,FERREIROS,11430,19.84251968503937,13.0,63.39,311.83,38.68,30.41,7.81,0.622
2605608,PE,FLORES,22169,57.76083720510623,28.03,66.47,236.31,55.42,35.34,3.41,0.556
2605707,PE,FLORESTA,29285,31.797848728017758,16.24,59.49,310.39,37.56,19.89,7.19,0.626
2605806,PE,FREI MIGUELINHO,14293,76.28909256279297,17.1,59.84,286.08,48.45,33.53,5.6,0.576
2605905,PE,GAMELEIRA,27912,30.12324448265979,14.12,74.09,231.5,35.43,29.02,3.47,0.602
2606002,PE,GARANHUNS,129408,10.858679525222552,12.07,51.18,492.44,14.47,18.69,9.37,0.664
2606101,PE,GLÓRIA DO GOITÁ,29019,46.814156242461834,16.55,66.88,278.33,54.55,32.23,4.46,0.604
2606200,PE,GOIANA,75644,23.29199936544868,12.71,59.36,364.77,12.64,19.67,6.0,0.651
2606309,PE,GRANITO,6855,53.63967906637491,28.79,69.98,234.9,43.45,29.31,17.33,0.595
2606408,PE,GRAVATÁ,76458,10.558738130738444,9.67,53.37,402.96,20.28,23.77,4.47,0.634
2606507,PE,IATI,18360,57.96296296296296,34.12,75.87,200.95,64.38,42.46,4.31,0.528
2606606,PE,IBIMIRIM,26954,44.73918527862284,25.84,73.55,220.98,55.07,34.89,4.98,0.552
2606705,PE,IBIRAJUBA,7534,58.322272365277406,20.91,68.06,238.23,62.92,38.0,5.46,0.58
2606804,PE,IGARASSU,102021,7.929739955499358,8.44,51.4,384.1,6.38,15.12,3.37,0.665
2606903,PE,IGUARACI,11779,48.12802445029289,19.08,64.3,295.88,55.4,30.37,4.8,0.598
2607000,PE,INAJÁ,19081,58.29359048267911,41.19,79.89,182.73,67.27,37.7,3.16,0.523
2607109,PE,INGAZEIRA,4496,45.37366548042704,20.9,66.99,286.41,54.98,28.97,12.42,0.608
2607208,PE,IPOJUCA,80637,25.940945223656634,8.71,55.78,362.68,9.88,22.12,3.47,0.619
2607307,PE,IPUBI,28120,38.55618776671408,26.09,72.96,231.47,42.12,32.47,3.44,0.55
2607406,PE,ITACURUBA,4369,15.129320210574502,16.09,62.94,271.71,32.73,23.05,2.83,0.595
2607505,PE,ITAÍBA,26256,63.10176721511274,27.48,71.8,218.32,65.74,42.95,1.96,0.51
2607604,PE,ILHA DE ITAMARACÁ,21884,22.349661853408882,15.06,61.12,394.85,9.85,16.22,6.8,0.653
2607653,PE,ITAMBÉ,35398,16.876659698288037,16.39,66.41,271.0,25.86,32.9,6.18,0.575
2607703,PE,ITAPETIM,13881,39.29832144658166,23.82,57.37,331.14,46.07,27.27,3.83,0.592
2607752,PE,ITAPISSUMA,23769,22.924818040304597,15.35,65.92,312.47,14.68,19.79,7.31,0.633
2607802,PE,ITAQUITINGA,15692,23.120061177670152,16.22,66.74,251.09,25.69,29.71,13.43,0.586
2607901,PE,JABOATÃO DOS GUARARAPES,644620,2.17570041264621,6.35,42.63,593.9,1.03,9.62,3.63,0.717
2607950,PE,JAQUEIRA,11501,38.42274584818711,24.15,75.88,256.76,31.47,35.71,12.75,0.575
2608008,PE,JATAÚBA,15819,41.943232821290856,20.78,68.66,244.26,48.21,37.21,2.29,0.53
2608057,PE,JATOBÁ,13963,56.4420253527179,21.07,59.16,342.33,38.07,24.31,7.46,0.645
2608107,PE,JOÃO ALFREDO,30743,51.14334970562405,19.74,62.41,276.15,40.2,38.38,2.36,0.576
2608206,PE,JOAQUIM NABUCO,15773,27.06523806504787,15.13,65.89,263.01,27.15,31.98,8.27,0.554
2608255,PE,JUCATI,10604,73.33081855903433,24.71,70.66,232.08,77.02,35.22,0.97,0.55
2608305,PE,JUPI,13705,39.02955125866472,23.09,65.45,260.42,56.92,34.95,5.56,0.575
2608404,PE,JUREMA,14541,39.80469018636958,30.28,74.52,206.22,71.71,41.34,3.0,0.509
2608453,PE,LAGOA DO CARRO,16007,27.33179234085088,15.32,62.19,271.36,33.9,25.33,6.76,0.609
2608503,PE,LAGOA DE ITAENGA,20659,17.140229439953533,13.83,68.06,252.8,32.55,29.1,6.44,0.602
2608602,PE,LAGOA DO OURO,12132,50.304978569073526,26.09,70.81,224.13,66.92,43.09,4.7,0.525
2608701,PE,LAGOA DOS GATOS,15615,44.66218379763048,21.98,65.92,253.4,50.95,42.14,2.51,0.551
2608750,PE,LAGOA GRANDE,22760,54.23550087873462,16.39,63.02,296.99,63.53,26.5,6.15,0.597
2608800,PE,LAJEDO,36628,27.937643332969312,13.16,56.52,333.52,34.73,28.02,4.08,0.611
2608909,PE,LIMOEIRO,55439,19.623369829903137,9.27,51.8,398.37,21.87,21.32,5.22,0.663
2609006,PE,MACAPARANA,23925,38.00208986415883,17.16,65.11,278.93,30.13,34.15,7.13,0.609
2609105,PE,MACHADOS,13596,37.819947043248014,19.98,68.41,231.75,49.61,31.19,3.48,0.578
2609154,PE,MANARI,18083,78.88624675109219,41.05,81.03,155.49,85.12,43.54,1.78,0.487
2609204,PE,MARAIAL,12230,30.016353229762878,22.18,77.77,232.31,42.94,37.89,4.15,0.534
2609303,PE,MIRANDIBA,14308,50.090858261112665,34.58,79.61,193.86,55.72,25.31,12.08,0.591
2609402,PE,MORENO,56696,11.462889798222097,12.07,59.07,356.7,9.34,17.91,3.46,0.652
2609501,PE,NAZARÉ DA MATA,30796,11.735290297441226,11.04,57.05,351.46,10.36,20.25,5.89,0.662
2609600,PE,OLINDA,377779,1.9712583282818792,4.99,36.97,640.13,0.55,7.35,6.34,0.735
2609709,PE,OROBÓ,22878,64.01346271527231,25.35,68.78,237.64,50.12,31.93,3.76,0.61
2609808,PE,OROCÓ,13180,64.96965098634294,23.16,73.87,224.41,69.7,25.96,3.29,0.61
2609907,PE,OURICURI,64358,49.35206190372603,25.72,69.1,291.75,36.04,30.78,5.8,0.572
2610004,PE,PALMARES,59526,21.2344185733965,13.14,60.34,311.09,14.15,23.01,4.89,0.622
2610103,PE,PALMEIRINA,8189,36.7688362437416,22.85,67.85,251.44,50.15,35.66,7.81,0.549
2610202,PE,PANELAS,25645,45.54883992981088,29.62,71.63,238.61,60.54,41.39,5.5,0.569
2610301,PE,PARANATAMA,11001,79.6291246250341,34.36,72.3,213.74,66.58,40.1,10.91,0.537
2610400,PE,PARNAMIRIM,20224,58.578916139240505,30.95,70.76,255.27,47.79,26.61,7.1,0.599
2610509,PE,PASSIRA,28628,51.288947883191284,19.53,67.19,259.04,45.73,34.44,4.28,0.592
2610608,PE,PAUDALHO,51357,29.255992367155404,11.74,63.96,360.06,15.56,22.62,2.96,0.639
2610707,PE,PAULISTA,300466,0.0,5.25,37.58,528.04,0.86,6.44,6.48,0.732
2610806,PE,PEDRA,20944,42.713903743315505,23.23,72.15,244.48,57.48,35.32,8.3,0.567
2610905,PE,PESQUEIRA,62931,28.292892215283405,20.08,62.5,329.16,35.47,27.01,4.02,0.61
2611002,PE,PETROLÂNDIA,32492,27.30210513357134,16.39,60.63,344.04,37.28,19.57,6.42,0.623
2611101,PE,PETROLINA,293962,25.427436199236634,6.99,45.73,605.06,25.42,12.89,5.83,0.697
2611200,PE,POÇÃO,11242,37.84024194983099,29.56,69.21,233.91,54.41,36.45,6.46,0.528
2611309,PE,POMBOS,24046,33.41512101804874,12.99,60.1,302.97,43.65,30.61,4.27,0.598
2611408,PE,PRIMAVERA,13439,36.16340501525411,10.91,62.79,281.27,33.82,30.37,4.02,0.58
2611507,PE,QUIPAPÁ,24186,51.15769453402795,21.35,74.96,215.92,51.51,39.93,8.27,0.552
2611533,PE,QUIXABA,6739,62.976702774892416,27.64,70.86,216.87,60.6,31.01,2.44,0.577
2611606,PE,RECIFE,1537704,0.0,4.77,32.91,1144.26,0.66,7.44,7.43,0.772
2611705,PE,RIACHO DAS ALMAS,19162,54.274084124830395,17.62,61.37,306.61,39.71,36.74,4.15,0.57
2611804,PE,RIBEIRÃO,44439,23.483876774904925,9.98,61.94,324.47,18.18,25.01,6.14,0.602
2611903,PE,RIO FORMOSO,22151,39.62800776488646,12.51,64.32,264.16,24.25,24.57,6.03,0.613
2612000,PE,SAIRÉ,11240,43.905693950177934,10.97,58.7,297.91,55.34,36.17,6.34,0.585
2612109,PE,SALGADINHO,9312,67.11769759450172,27.47,75.54,198.91,48.7,45.4,4.5,0.534
2612208,PE,SALGUEIRO,56629,19.27634251002137,13.7,54.59,441.79,17.78,17.43,7.3,0.669
2612307,PE,SALOÁ,15309,49.91181657848325,29.48,66.21,259.1,59.36,37.64,7.28,0.559
2612406,PE,SANHARÓ,21955,43.065360965611475,18.03,68.59,267.58,49.78,27.77,5.4,0.603
2612455,PE,SANTA CRUZ,13594,67.2870383992938,34.75,75.56,206.07,55.55,35.17,9.64,0.549
2612471,PE,SANTA CRUZ DA BAIXA VERDE,11768,55.15805574439157,22.31,67.8,256.26,55.73,27.8,3.85,0.612
2612505,PE,SANTA CRUZ DO CAPIBARIBE,87582,2.2698728049142516,3.13,32.11,507.05,4.83,17.12,1.25,0.648
2612554,PE,SANTA FILOMENA,13371,83.35203051379852,38.32,80.91,175.48,52.26,34.68,9.88,0.533
2612604,PE,SANTA MARIA DA BOA VISTA,39435,62.277164954989225,22.14,68.46,267.86,63.02,22.84,6.37,0.59
2612703,PE,SANTA MARIA DO CAMBUCÁ,13021,74.84832194147914,16.22,60.68,279.1,42.9,37.83,4.76,0.548
2612802,PE,SANTA TEREZINHA,10991,37.439723410062776,28.32,67.91,229.83,43.33,26.53,12.82,0.593
2612901,PE,SÃO BENEDITO DO SUL,13941,48.655046266408434,30.47,78.76,178.27,44.44,35.28,7.26,0.53
2613008,PE,SÃO BENTO DO UNA,53242,47.59963938244243,20.97,67.59,319.47,56.51,31.95,2.07,0.593
2613107,PE,SÃO CAITANO,35274,23.232409139876395,18.6,59.69,300.16,33.47,31.58,3.12,0.591
2613206,PE,SÃO JOÃO,21312,54.692192192192195,25.34,69.08,269.44,71.67,35.72,2.85,0.57
2613305,PE,SÃO JOAQUIM DO MONTE,20488,31.071846934791097,25.25,69.61,244.22,62.34,37.93,3.69,0.537
2613404,PE,SÃO JOSÉ DA COROA GRANDE,18180,26.094609460946096,21.15,67.54,304.5,18.87,25.19,8.77,0.608
2613503,PE,SÃO JOSÉ DO BELMONTE,32617,50.43075696722568,23.99,65.76,275.14,43.46,30.43,8.32,0.61
2613602,PE,SÃO JOSÉ DO EGITO,31829,34.14810393037796,16.55,59.09,338.9,43.29,23.56,5.16,0.635
2613701,PE,SÃO LOURENÇO DA MATA,102895,5.945867146119831,11.04,55.22,364.43,5.59,16.94,5.04,0.653
2613800,PE,SÃO VICENTE FERRER,17000,34.11176470588235,20.16,74.59,257.47,48.71,33.51,7.0,0.549
2613909,PE,SERRA TALHADA,79232,22.66382269789984,14.68,54.44,407.34,24.88,22.38,4.79,0.661
2614006,PE,SERRITA,18331,65.32649609950357,27.94,74.2,233.56,52.7,28.38,9.68,0.595
2614105,PE,SERTÂNIA,33787,45.0765087163702,21.81,64.36,337.53,35.3,28.94,5.74,0.613
2614204,PE,SIRINHAÉM,40296,46.684534445106216,8.7,66.08,273.75,18.45,27.42,1.69,0.597
2614303,PE,MOREILÂNDIA,11132,38.57348185411426,29.35,76.15,206.11,50.11,27.04,3.56,0.6
2614402,PE,SOLIDÃO,5744,68.1232590529248,30.11,69.18,240.64,56.19,28.32,5.38,0.585
2614501,PE,SURUBIM,58515,24.74408271383406,12.33,54.3,372.11,25.58,26.54,2.66,0.635
2614600,PE,TABIRA,26427,25.193930449918643,18.5,65.75,278.14,37.96,24.66,5.23,0.605
2614709,PE,TACAIMBÓ,12725,44.32220039292731,26.26,69.47,225.21,53.63,39.27,5.2,0.554
2614808,PE,TACARATU,22068,58.34692767808592,28.74,71.11,205.06,48.38,27.05,2.7,0.573
2614857,PE,TAMANDARÉ,20715,26.768042481293747,16.0,68.37,301.15,14.77,24.63,4.77,0.593
2615003,PE,TAQUARITINGA DO NORTE,24903,27.87615949885556,4.23,37.38,419.74,22.97,24.58,2.09,0.641
2615102,PE,TEREZINHA,6737,57.54786997179754,26.1,73.28,225.28,70.16,40.05,3.69,0.545
2615201,PE,TERRA NOVA,9278,45.95818064237982,25.53,69.03,237.89,43.41,22.54,8.45,0.599
2615300,PE,TIMBAÚBA,53825,13.856014862981885,14.55,60.66,318.8,14.38,22.87,3.57,0.618
2615409,PE,TORITAMA,35554,4.019238341677449,2.71,34.43,470.44,5.03,21.91,0.38,0.618
2615508,PE,TRACUNHAÉM,13055,15.978552278820375,9.22,69.67,272.81,19.77,26.98,3.09,0.605
2615607,PE,TRINDADE,26116,13.983764741920663,14.5,64.9,338.39,20.04,27.43,3.79,0.595
2615706,PE,TRIUNFO,15006,47.06117552978809,15.96,54.78,389.44,46.4,18.28,4.96,0.67
2615805,PE,TUPANATINGA,24425,65.06038894575231,45.08,80.89,172.52,72.1,41.81,2.66,0.519
2615904,PE,TUPARETAMA,7925,19.861198738170348,7.08,52.28,360.29,37.76,22.96,8.24,0.634
2616001,PE,VENTUROSA,16052,35.56566159980065,18.59,66.52,276.94,48.31,29.43,8.67,0.592
2616100,PE,VERDEJANTE,9142,70.55348938963027,26.06,67.95,260.66,49.56,28.54,15.74,0.605
2616183,PE,VERTENTE DO LÉRIO,7873,76.97192937888988,21.34,70.16,219.88,46.61,36.07,3.42,0.563
2616209,PE,VERTENTES,18222,28.981450993304797,10.58,53.23,337.92,26.85,25.88,3.77,0.582
2616308,PE,VICÊNCIA,30732,55.079396069243785,17.12,70.77,246.44,23.17,25.25,6.89,0.605
2616407,PE,VITÓRIA DE SANTO ANTÃO,129974,12.729468970717221,10.51,55.68,401.16,15.59,23.11,4.08,0.64
2616506,PE,XEXÉU,14093,34.93223586177535,16.88,70.17,243.39,24.48,36.25,6.09,0.552
2700102,AL,ÁGUA BRANCA,19377,73.67497548640141,33.3,74.54,213.0,64.84,33.78,1.54,0.549
2700201,AL,ANADIA,17424,48.63980716253444,21.93,72.74,239.53,35.64,39.1,0.32,0.568
2700300,AL,ARAPIRACA,214006,15.19817201386877,11.15,52.64,423.28,16.92,24.1,5.85,0.649
2700409,AL,ATALAIA,44322,49.33216010107847,16.39,75.74,237.33,26.26,36.35,5.07,0.561
2700508,AL,BARRA DE SANTO ANTÔNIO,14230,6.943078004216444,18.89,73.98,247.81,19.25,30.24,10.33,0.557
2700607,AL,BARRA DE SÃO MIGUEL,7574,13.902825455505678,9.21,54.5,422.78,9.25,25.59,2.94,0.615
2700706,AL,BATALHA,17076,29.479971890372454,14.89,68.54,265.62,34.48,33.44,5.72,0.594
2700805,AL,BELÉM,4551,58.866183256427156,19.73,64.41,309.5,50.45,36.01,7.15,0.593
2700904,AL,BELO MONTE,7030,83.34281650071124,43.52,80.99,187.77,68.53,41.81,0.13,0.517
2701001,AL,BOCA DA MATA,25776,32.301365611421474,15.82,70.12,260.2,24.62,29.81,5.91,0.604
2701100,AL,BRANQUINHA,10583,36.946045544741565,13.72,73.63,221.93,48.62,45.67,1.66,0.513
2701209,AL,CACIMBINHAS,10195,47.01324178518882,26.56,72.19,259.72,55.2,43.81,8.39,0.531
2701308,AL,CAJUEIRO,20409,19.231711499828506,17.05,75.91,232.85,18.59,36.55,7.46,0.562
2701357,AL,CAMPESTRE,6598,16.035162170354653,17.46,68.96,245.43,29.06,35.3,14.2,0.559
2701407,AL,CAMPO ALEGRE,50816,56.389719773299745,18.66,76.23,217.72,18.3,29.72,2.39,0.57
2701506,AL,CAMPO GRANDE,9032,53.66474756421612,39.94,81.02,181.54,67.66,42.72,3.87,0.524
2701605,AL,CANAPI,17250,67.89565217391305,43.44,79.8,183.83,65.91,44.16,3.97,0.506
2701704,AL,CAPELA,17077,25.923757100193242,16.49,70.52,251.36,25.6,34.65,1.87,0.573
2701803,AL,CARNEIROS,8290,43.281061519903496,32.31,74.93,199.58,58.36,32.36,7.83,0.526
2701902,AL,CHÃ PRETA,7146,37.19563392107473,23.42,70.36,226.6,60.97,38.61,15.86,0.575
2702009,AL,COITÉ DO NÓIA,10926,65.79718103606078,32.43,73.12,203.15,66.2,42.31,0.86,0.533
2702108,AL,COLÔNIA LEOPOLDINA,20019,23.47769618862081,22.18,72.36,242.28,35.42,37.64,11.73,0.517
2702207,AL,COQUEIRO SECO,5526,10.007238508867173,14.34,62.66,299.47,16.07,30.26,7.35,0.586
2702306,AL,CORURIPE,52130,11.676577786303472,16.0,63.87,315.85,30.63,26.1,0.46,0.626
2702355,AL,CRAÍBAS,22641,67.63393843028135,30.89,75.77,199.54,71.75,42.86,4.54,0.525
2702405,AL,DELMIRO GOUVEIA,48096,27.53243512974052,16.76,58.16,332.13,19.03,24.97,2.71,0.612
2702504,AL,DOIS RIACHOS,10880,53.262867647058826,33.71,77.26,194.81,60.1,41.98,4.36,0.532
2702553,AL,ESTRELA DE ALAGOAS,17251,76.64483218364153,31.5,74.73,196.92,76.22,43.59,2.25,0.534
2702603,AL,FEIRA GRANDE,21321,83.95478636086487,30.9,76.89,193.07,73.42,42.12,1.89,0.533
2702702,AL,FELIZ DESERTO,4345,19.8849252013809,17.64,70.92,245.49,43.78,36.39,4.55,0.565
2702801,AL,FLEXEIRAS,12325,34.953346855983774,19.56,74.96,213.44,41.32,35.45,4.34,0.527
2702900,AL,GIRAU DO PONCIANO,36600,69.1311475409836,39.22,80.41,177.55,71.16,39.16,5.58,0.536
2703007,AL,IBATEGUARA,15149,38.37877087596541,25.56,80.05,199.68,27.39,42.28,0.91,0.518
2703106,AL,IGACI,25188,75.44862632999842,30.19,72.36,241.17,63.07,41.03,5.9,0.564
2703205,AL,IGREJA NOVA,23292,79.49939893525674,32.99,76.41,254.34,60.9,40.07,5.4,0.568
2703304,AL,INHAPI,17898,62.571237009721756,44.91,84.69,180.64,65.99,43.74,3.57,0.484
2703403,AL,JACARÉ DOS HOMENS,5413,43.98669868834288,16.2,74.63,235.11,46.41,30.52,5.72,0.583
2703502,AL,JACUÍPE,6997,37.75903958839503,16.42,74.6,219.52,52.58,33.57,12.71,0.548
2703601,AL,JAPARATINGA,7754,57.338148052618,19.12,71.05,260.92,27.57,32.0,2.89,0.57
2703700,AL,JARAMATAIA,5558,47.58906081324217,17.23,75.85,219.1,54.36,42.28,6.83,0.552
2703759,AL,JEQUIÁ DA PRAIA,12029,76.0661734142489,20.48,78.12,199.39,45.6,30.67,6.78,0.556
2703809,AL,JOAQUIM GOMES,22575,35.87153931339978,26.85,78.04,190.23,46.32,43.1,2.33,0.531
2703908,AL,JUNDIÁ,4202,32.72251308900523,16.9,71.07,282.87,47.82,36.93,3.68,0.562
2704005,AL,JUNQUEIRO,23836,67.26380265145158,19.81,65.65,306.96,48.67,35.1,6.69,0.575
2704104,AL,LAGOA DA CANOA,18250,49.78082191780822,23.16,71.03,231.56,66.75,41.55,1.37,0.552
2704203,AL,LIMOEIRO DE ANADIA,26992,91.67901600474215,25.23,76.47,285.98,62.32,38.29,1.38,0.58
2704302,AL,MACEIÓ,932748,0.06636304768276105,5.29,39.1,792.54,1.53,12.51,8.26,0.721
2704401,AL,MAJOR ISIDORO,18897,50.75408795046833,21.88,68.47,270.04,51.3,38.7,3.59,0.566
2704500,AL,MARAGOGI,28749,35.21513791784062,21.19,70.26,253.86,31.23,31.82,2.54,0.574
2704609,AL,MARAVILHA,10284,50.0486192143135,30.95,76.0,229.39,58.47,32.53,3.13,0.569
2704708,AL,MARECHAL DEODORO,45977,5.6223764055941015,13.34,58.74,431.43,9.85,23.44,5.66,0.642
2704807,AL,MARIBONDO,13619,26.7347088626184,12.98,61.09,297.05,28.87,31.95,4.17,0.597
2704906,AL,MAR VERMELHO,3652,55.14786418400876,18.2,69.74,229.81,54.11,32.46,13.08,0.577
2705002,AL,MATA GRANDE,24698,77.02647987691311,41.39,76.19,186.87,66.28,42.12,3.71,0.504
2705101,AL,MATRIZ DE CAMARAGIBE,23785,7.101114147571999,16.2,72.0,231.82,21.65,34.16,3.09,0.584
2705200,AL,MESSIAS,15682,9.048590740976916,13.84,69.54,256.45,18.24,32.42,10.01,0.568
2705309,AL,MINADOR DO NEGRÃO,5275,57.308056872037916,26.59,71.88,231.37,60.76,47.38,0.94,0.563
2705408,AL,MONTEIRÓPOLIS,6935,63.734679163662584,29.33,79.24,176.62,55.28,40.81,10.53,0.539
2705507,AL,MURICI,26710,17.229502059153877,18.59,73.07,233.16,31.92,33.11,3.44,0.527
2705606,AL,NOVO LINO,12060,39.237147595356554,22.2,76.62,239.75,52.32,39.23,8.98,0.521
2705705,AL,OLHO D'ÁGUA DAS FLORES,20364,31.305244549204478,19.15,70.83,274.46,36.35,31.49,2.35,0.565
2705804,AL,OLHO D'ÁGUA DO CASADO,8491,52.573312919561886,30.1,73.76,211.97,54.83,38.25,5.29,0.525
2705903,AL,OLHO D'ÁGUA GRANDE,4957,75.7312890861408,46.25,85.85,151.62,76.78,45.53,9.07,0.503
2706000,AL,OLIVENÇA,11047,71.60315017651851,34.74,76.5,195.19,66.0,40.11,6.99,0.493
2706109,AL,OURO BRANCO,10912,36.950146627565985,30.39,71.93,227.56,47.5,33.08,2.08,0.547
2706208,AL,PALESTINA,5112,36.678403755868544,35.35,81.49,185.39,55.25,37.47,16.7,0.558
2706307,AL,PALMEIRA DOS ÍNDIOS,70368,26.65700318326512,15.3,56.82,391.37,26.05,26.05,6.63,0.638
2706406,AL,PÃO DE AÇÚCAR,23811,54.77300407374743,31.38,74.05,224.33,47.86,33.49,12.02,0.593
2706422,AL,PARICONHA,10264,72.75915822291505,28.06,71.08,211.13,56.29,34.7,3.5,0.548
2706448,AL,PARIPUEIRA,11347,11.439146911077819,11.01,64.94,324.93,13.24,25.73,10.72,0.605
2706505,AL,PASSO DE CAMARAGIBE,14763,51.03976156607735,23.75,78.61,194.73,42.76,34.97,3.33,0.533
2706604,AL,PAULO JACINTO,7426,33.90789119310531,20.93,72.29,247.2,41.3,34.73,7.95,0.589
2706703,AL,PENEDO,60378,25.436417238066845,15.87,62.91,339.15,24.51,24.53,2.9,0.63
2706802,AL,PIAÇABUÇU,17203,39.33616229727373,23.35,75.54,227.65,44.16,34.16,1.54,0.572
2706901,AL,PILAR,33305,4.5158384626932895,15.2,67.21,292.06,13.19,26.21,7.95,0.61
2707008,AL,PINDOBA,2866,42.882065596650385,23.0,65.66,292.88,48.93,38.42,12.77,0.574
2707107,AL,PIRANHAS,23045,42.76849642004773,31.07,70.33,265.96,37.2,33.26,5.03,0.589
2707206,AL,POÇO DAS TRINCHEIRAS,13872,85.27249134948097,46.66,84.17,162.21,69.07,36.89,3.79,0.526
2707305,AL,PORTO CALVO,25708,21.436906799439864,13.58,68.86,257.64,26.75,31.0,6.23,0.586
2707404,AL,PORTO DE PEDRAS,8429,43.07747063708625,22.34,77.1,233.72,43.39,34.57,7.7,0.541
2707503,AL,PORTO REAL DO COLÉGIO,19334,65.8322126823213,38.12,79.28,195.26,60.47,37.12,7.1,0.551
2707602,AL,QUEBRANGULO,11480,43.606271777003485,27.11,73.86,224.78,53.46,35.44,9.7,0.559
2707701,AL,RIO LARGO,68481,18.30288693214176,7.86,54.81,369.11,6.97,19.64,3.35,0.643
2707800,AL,ROTEIRO,6656,12.40985576923077,22.33,78.89,208.84,37.23,41.22,9.55,0.505
2707909,AL,SANTA LUZIA DO NORTE,6891,10.433899288927586,13.27,64.28,295.95,9.72,25.05,11.46,0.597
2708006,AL,SANTANA DO IPANEMA,44932,39.497462832725006,29.25,69.15,293.85,36.22,31.06,2.97,0.591
2708105,AL,SANTANA DO MUNDAÚ,10961,48.3806222060031,27.39,74.76,194.87,65.61,42.22,5.4,0.519
2708204,AL,SÃO BRÁS,6718,52.61982732956237,37.67,77.6,220.92,55.54,38.02,6.55,0.572
2708303,AL,SÃO JOSÉ DA LAJE,22686,32.15639601516354,9.97,67.53,284.02,26.5,33.99,6.77,0.573
2708402,AL,SÃO JOSÉ DA TAPERA,30088,61.32345120978463,39.7,78.47,188.84,60.6,40.63,5.44,0.527
2708501,AL,SÃO LUÍS DO QUITUNDE,32412,36.48031593237073,18.87,71.95,244.85,28.14,36.6,5.13,0.536
2708600,AL,SÃO MIGUEL DOS CAMPOS,54577,3.684702347142569,10.11,57.23,360.82,6.85,22.98,3.95,0.623
2708709,AL,SÃO MIGUEL DOS MILAGRES,7163,68.43501326259947,18.57,72.19,237.78,29.09,30.82,3.24,0.591
2708808,AL,SÃO SEBASTIÃO,32010,61.54639175257732,27.1,74.59,225.84,59.54,40.59,2.83,0.549
2708907,AL,SATUBA,14603,12.40156132301582,7.07,58.77,377.42,3.46,19.57,8.12,0.66
2708956,AL,SENADOR RUI PALMEIRA,13047,69.77082854296006,42.4,80.06,159.61,68.77,40.46,3.26,0.518
2709004,AL,TANQUE D'ARCA,6122,65.04410323423718,24.91,73.68,217.85,66.69,42.01,4.42,0.555
2709103,AL,TAQUARANA,19020,61.54574132492114,26.61,73.65,215.16,65.61,41.33,4.07,0.541
2709152,AL,TEOTÔNIO VILELA,41152,15.47190902021773,20.26,72.27,244.39,23.23,31.72,7.85,0.564
2709202,AL,TRAIPU,25702,68.76896739553342,47.15,81.35,178.79,66.59,45.72,4.56,0.532
2709301,AL,UNIÃO DOS PALMARES,62358,23.584784630680907,15.38,63.72,313.92,28.75,34.07,2.7,0.593
2709400,AL,VIÇOSA,25407,27.921438973511236,29.56,72.07,251.25,29.65,36.19,8.16,0.586
2800100,SE,AMPARO DE SÃO FRANCISCO,2275,19.12087912087912,22.03,68.29,275.32,30.25,25.83,10.25,0.611
2800209,SE,AQUIDABÃ,20056,42.8749501396091,21.64,67.42,282.19,38.1,31.85,4.31,0.578
2800308,SE,ARACAJU,571149,0.0,3.43,29.31,1052.03,1.15,6.93,8.96,0.77
2800407,SE,ARAUÁ,10878,58.75160875160875,19.14,72.52,245.7,53.51,29.98,0.96,0.595
2800506,SE,AREIA BRANCA,16857,51.408910245002076,12.01,64.85,294.32,37.96,26.75,3.91,0.579
2800605,SE,BARRA DOS COQUEIROS,24976,16.37572069186419,9.36,51.09,448.81,9.05,14.22,6.03,0.649
2800670,SE,BOQUIM,25533,37.35949555477225,17.23,61.63,296.54,43.21,26.17,7.44,0.604
2800704,SE,BREJO GRANDE,7742,48.04959958667011,28.23,80.15,197.69,60.94,34.45,4.98,0.54
2801009,SE,CAMPO DO BRITO,16749,50.26568750373156,8.95,56.65,391.94,28.12,30.62,4.98,0.621
2801108,SE,CANHOBA,3956,62.10819009100101,20.76,69.92,249.3,55.51,34.5,8.07,0.569
2801207,SE,CANINDÉ DE SÃO FRANCISCO,24686,43.03248804990683,21.74,72.05,270.17,38.58,32.8,4.98,0.567
2801306,SE,CAPELA,30761,35.821332206365206,12.51,63.4,326.55,30.26,26.76,8.09,0.615
2801405,SE,CARIRA,20007,44.18453541260559,14.9,62.06,297.74,39.78,37.65,5.76,0.588
2801504,SE,CARMÓPOLIS,13503,20.639857809375695,10.72,58.83,385.16,4.1,15.36,8.51,0.643
2801603,SE,CEDRO DE SÃO JOÃO,5633,10.616012781821409,9.94,60.95,352.53,19.78,22.35,10.33,0.623
2801702,SE,CRISTINÁPOLIS,16519,49.53689690659241,20.22,73.35,229.99,48.29,33.18,2.53,0.553
2801900,SE,CUMBE,3813,40.44059795436664,13.75,66.44,288.67,49.94,28.85,8.47,0.604
2802007,SE,DIVINA PASTORA,4326,51.47942672214517,6.96,60.71,278.62,16.21,25.21,13.17,0.61
2802106,SE,ESTÂNCIA,64409,14.980825661010106,10.37,53.95,395.41,14.45,19.3,5.26,0.647
2802205,SE,FEIRA NOVA,5324,32.62584522915101,18.46,71.01,238.42,39.47,32.77,11.82,0.584
2802304,SE,FREI PAULO,13874,40.80294075248666,6.98,49.44,386.65,25.68,28.51,5.79,0.589
2802403,SE,GARARU,11405,75.16878562034195,33.63,74.95,236.06,65.35,33.09,5.87,0.564
2802502,SE,GENERAL MAYNARD,2929,37.07750085353363,17.57,59.21,354.58,14.14,16.54,8.91,0.645
2802601,SE,GRACHO CARDOSO,5645,52.11691762621789,23.62,70.48,264.86,62.79,32.55,10.55,0.577
2802700,SE,ILHA DAS FLORES,8348,34.89458552946814,32.2,82.03,195.64,44.31,27.55,1.14,0.562
2802809,SE,INDIAROBA,15831,64.72111679615944,27.93,74.63,220.89,58.65,29.45,3.78,0.58
2802908,SE,ITABAIANA,86967,22.144031644186875,6.98,48.29,443.39,23.48,23.46,3.31,0.642
2803005,SE,ITABAIANINHA,38910,50.11822153687998,19.32,70.44,253.22,37.05,32.31,2.8,0.556
2803104,SE,ITABI,4972,44.65004022526146,16.81,66.12,276.77,54.34,33.57,6.28,0.602
2803203,SE,ITAPORANGA D'AJUDA,30419,60.98162332752556,18.99,69.53,242.62,31.8,26.54,7.82,0.561
2803302,SE,JAPARATUBA,16864,53.1368595825427,15.63,63.69,296.93,28.81,22.42,6.98,0.621
2803401,SE,JAPOATÃ,12938,66.67181944659144,17.65,71.84,246.68,46.96,33.02,3.2,0.56
2803500,SE,LAGARTO,94861,48.485679046183364,10.57,54.34,362.8,36.01,27.33,3.94,0.625
2803609,SE,LARANJEIRAS,26902,20.983569994795925,11.37,64.07,313.29,8.83,16.94,5.38,0.642
2803708,SE,MACAMBIRA,6401,52.14810185908452,8.94,61.57,282.4,39.44,33.8,1.56,0.583
2803807,SE,MALHADA DOS BOIS,3456,53.7037037037037,13.03,69.17,261.05,26.58,25.57,12.9,0.599
2803906,SE,MALHADOR,12042,53.280186015612024,9.59,58.39,308.04,54.61,26.84,3.05,0.587
2804003,SE,MARUIM,16343,26.323196475555285,12.1,59.83,314.55,18.97,19.02,9.22,0.618
2804102,SE,MOITA BONITA,11001,58.18561948913735,6.73,55.73,326.89,62.28,28.39,1.0,0.587
2804201,SE,MONTE ALEGRE DE SERGIPE,13627,40.97747119688853,29.06,74.88,229.3,54.79,36.8,7.11,0.553
2804300,SE,MURIBECA,7344,55.22875816993464,14.91,65.29,286.8,32.01,27.09,11.57,0.626
2804409,SE,NEÓPOLIS,18506,43.16978277315465,22.16,65.59,286.69,34.63,24.36,6.95,0.589
2804458,SE,NOSSA SENHORA APARECIDA,8508,59.3911612599906,24.9,66.17,289.16,64.94,40.64,1.04,0.577
2804508,SE,NOSSA SENHORA DA GLÓRIA,32497,33.48001353971136,14.77,61.65,316.84,42.64,28.77,5.58,0.587
2804607,SE,NOSSA SENHORA DAS DORES,24580,34.79658258746949,17.53,64.95,294.53,32.85,30.71,4.89,0.6
2804706,SE,NOSSA SENHORA DE LOURDES,6238,47.24270599551138,18.37,69.29,261.29,47.73,31.29,3.5,0.598
2804805,SE,NOSSA SENHORA DO SOCORRO,160827,3.1114178589415955,8.09,49.69,379.98,2.48,11.46,5.19,0.664
2804904,SE,PACATUBA,13137,79.53870746745832,37.31,79.56,195.47,61.57,31.82,2.69,0.555
2805000,SE,PEDRA MOLE,2974,59.7511768661735,14.41,61.13,332.75,41.33,29.84,13.13,0.593
2805109,SE,PEDRINHAS,8833,26.74063172195177,19.07,69.91,273.91,44.33,29.02,3.86,0.592
2805208,SE,PINHÃO,5973,44.43328310731626,10.33,59.47,295.24,48.9,32.44,8.84,0.583
2805307,SE,PIRAMBU,8369,41.3788983152109,21.37,70.88,257.65,43.44,21.64,5.02,0.603
2805406,SE,POÇO REDONDO,30880,72.35103626943005,36.41,78.45,202.24,63.19,38.69,3.67,0.529
2805505,SE,POÇO VERDE,21983,43.99308556611928,22.67,66.49,266.56,51.4,32.32,3.3,0.561
2805604,SE,PORTO DA FOLHA,27146,63.327930450158405,27.95,75.62,226.66,54.52,34.06,3.2,0.568
2805703,SE,PROPRIÁ,28451,14.273663491617166,12.03,53.9,400.35,12.63,20.05,4.59,0.661
2805802,SE,RIACHÃO DO DANTAS,19386,74.86846177653977,22.3,75.79,212.37,62.52,31.95,0.24,0.539
2805901,SE,RIACHUELO,9355,16.034206306787816,11.41,62.96,317.28,12.99,18.3,7.15,0.617
2806008,SE,RIBEIRÓPOLIS,17173,30.542130087928726,7.32,51.92,357.17,39.02,30.6,5.42,0.613
2806107,SE,ROSÁRIO DO CATETE,9221,29.41112677583776,11.68,58.06,341.06,13.12,15.33,5.17,0.631
2806206,SE,SALGADO,19365,65.43248128066098,13.6,63.06,311.33,49.53,29.9,8.53,0.609
2806305,SE,SANTA LUZIA DO ITANHY,12969,77.52332485156913,27.64,79.34,194.24,59.32,36.6,4.62,0.545
2806404,SE,SANTANA DO SÃO FRANCISCO,7038,35.734583688547886,19.53,71.59,236.25,35.89,22.73,10.08,0.59
2806503,SE,SANTA ROSA DE LIMA,3749,42.99813283542278,19.63,77.04,213.07,31.77,29.28,0.0,0.592
2806602,SE,SANTO AMARO DAS BROTAS,11410,28.03680981595092,20.19,58.19,362.46,19.09,20.36,10.73,0.637
2806701,SE,SÃO CRISTÓVÃO,78864,15.468401298437817,8.59,48.51,388.36,11.12,13.72,6.79,0.662
2806800,SE,SÃO DOMINGOS,10271,49.88803427124915,9.52,59.92,281.44,42.41,36.1,1.92,0.588
2806909,SE,SÃO FRANCISCO,3393,29.885057471264368,13.51,68.83,267.3,35.67,28.59,6.78,0.587
2807006,SE,SÃO MIGUEL DO ALEIXO,3698,52.75824770146025,15.58,65.38,279.25,54.57,37.03,6.11,0.567
2807105,SE,SIMÃO DIAS,38702,47.222365769210896,17.9,59.42,293.99,36.3,28.9,4.51,0.604
2807204,SE,SIRIRI,8004,60.25737131434283,12.88,66.83,268.51,25.2,22.39,10.18,0.609
2807303,SE,TELHA,2957,61.88704768346297,14.15,66.74,268.17,27.4,29.62,0.85,0.604
2807402,SE,TOBIAS BARRETO,48040,32.9142381348876,14.46,60.0,353.87,27.56,30.67,4.97,0.557
2807501,SE,TOMAR DO GERU,12855,62.56709451575262,24.15,76.21,203.09,54.99,35.1,5.66,0.551
2807600,SE,UMBAÚBA,22434,37.93795132388339,10.48,66.48,272.53,35.7,26.74,0.94,0.579
2900108,BA,ABAÍRA,8316,55.07455507455507,18.39,56.78,290.53,52.45,20.6,7.11,0.603
2900207,BA,ABARÉ,17064,47.08743553680262,27.85,76.79,220.16,56.4,29.03,8.37,0.575
2900306,BA,ACAJUTIBA,14653,12.823312632225482,26.23,70.39,260.46,43.84,24.1,3.17,0.582
2900355,BA,ADUSTINA,15702,64.51407464017322,32.84,73.31,211.37,61.36,38.38,3.94,0.546
2900405,BA,ÁGUA FRIA,15731,63.27633335452292,28.8,74.61,215.12,60.93,29.7,7.3,0.55
2900504,BA,ÉRICO CARDOSO,10859,81.43475458145318,23.69,61.85,258.28,60.48,32.52,1.25,0.584
2900603,BA,AIQUARA,4602,41.76445023902651,11.27,63.9,283.24,43.49,25.79,4.14,0.583
2900702,BA,ALAGOINHAS,141949,12.615094153534015,8.02,42.94,553.17,10.05,10.68,3.57,0.683
2900801,BA,ALCOBAÇA,21271,47.88679422688167,13.94,59.09,357.99,43.3,25.77,1.97,0.608
2900900,BA,ALMADINA,6357,20.088091867232972,12.12,66.86,265.39,43.84,34.22,0.15,0.563
2901007,BA,AMARGOSA,34351,27.53922738784897,14.55,58.97,369.84,34.53,22.48,2.88,0.625
2901106,BA,AMÉLIA RODRIGUES,25190,20.774116712981343,11.26,52.2,354.66,18.34,14.13,4.99,0.666
2901155,BA,AMÉRICA DOURADA,15961,32.13457803395777,31.14,77.68,186.1,64.71,30.11,0.46,0.561
2901205,BA,ANAGÉ,25516,80.70230443643204,21.74,66.3,243.52,54.88,36.62,0.74,0.54
2901304,BA,ANDARAÍ,13960,44.31948424068768,30.4,78.63,230.36,44.86,29.16,6.92,0.555
2901353,BA,ANDORINHA,14414,56.93076175940058,22.07,63.32,305.81,40.14,27.88,4.92,0.588
2901403,BA,ANGICAL,14073,53.591984651460244,22.07,66.6,266.89,56.25,26.78,8.69,0.625
2901502,BA,ANGUERA,10242,57.76215582893966,14.26,69.04,269.0,37.86,24.36,2.73,0.589
2901601,BA,ANTAS,17072,62.74601686972821,17.47,64.12,283.59,50.25,30.25,3.35,0.592
2901700,BA,ANTÔNIO CARDOSO,11554,72.08758871386533,22.49,64.98,236.86,59.57,31.71,4.64,0.561
2901809,BA,ANTÔNIO GONÇALVES,11015,47.498865183840216,16.01,62.65,295.7,45.21,21.32,5.44,0.598
2901908,BA,APORÁ,17731,52.033162258191865,37.72,74.62,199.04,58.78,30.24,3.38,0.548
2901957,BA,APUAREMA,7459,31.398310765518165,13.05,67.51,252.3,50.76,33.88,6.95,0.552
2902005,BA,ARACATU,13743,71.34541220985228,12.39,53.77,316.6,54.64,31.77,2.72,0.581
2902054,BA,ARAÇAS,11561,49.77078107430153,25.88,70.39,230.75,40.37,25.66,0.48,0.57
2902104,BA,ARACI,51651,61.979438926642274,31.46,74.56,221.98,51.02,37.37,2.51,0.534
2902203,BA,ARAMARI,10036,48.93383818254284,18.05,65.79,274.61,22.73,20.88,5.73,0.588
2902252,BA,ARATACA,10392,46.227867590454196,12.78,70.48,256.14,59.68,34.35,4.08,0.559
2902302,BA,ARATUÍPE,8599,35.88789394115595,17.32,68.38,278.23,47.01,26.55,1.43,0.575
2902401,BA,AURELINO LEAL,13595,15.954394998161089,12.91,68.88,253.19,34.45,29.26,2.96,0.568
2902500,BA,BAIANÓPOLIS,13850,74.85920577617328,33.94,70.39,235.05,58.16,33.27,5.39,0.589
2902609,BA,BAIXA GRANDE,20060,58.43469591226321,24.43,69.51,243.98,56.44,27.86,4.88,0.585
2902658,BA,BANZAÊ,11814,65.78635517183004,23.3,68.07,228.54,56.33,28.6,9.29,0.579
2902708,BA,BARRA,49325,54.49366447034972,41.55,78.31,183.03,55.45,26.06,5.67,0.557
2902807,BA,BARRA DA ESTIVA,21187,50.894416387407375,18.55,69.8,270.66,62.14,19.55,2.86,0.575
2902906,BA,BARRA DO CHOÇA,34788,35.589858571921354,12.55,63.44,266.13,52.16,30.02,1.47,0.551
2903003,BA,BARRA DO MENDES,13987,55.272753270894405,24.88,65.21,292.41,45.14,15.94,4.57,0.63
2903102,BA,BARRA DO ROCHA,6313,39.71170600348487,13.45,64.68,304.56,48.49,28.77,7.15,0.577
2903201,BA,BARREIRAS,137427,9.958741731974067,5.52,40.62,602.82,12.34,11.08,7.16,0.721
2903235,BA,BARRO ALTO,13612,50.690567146635324,24.6,66.09,247.32,64.5,19.78,6.48,0.607
2903276,BA,BARROCAS,14191,59.86893101261363,14.71,60.28,284.41,45.02,21.21,2.84,0.61
2903300,BA,BARRO PRETO,6453,17.94514179451418,15.21,65.52,287.6,36.49,28.31,0.33,0.602
2903409,BA,BELMONTE,21798,47.60987246536379,13.19,66.96,289.9,38.98,26.85,8.0,0.598
2903508,BA,BELO CAMPO,16021,43.642718931402534,19.67,65.04,263.52,38.65,28.29,4.88,0.575
2903607,BA,BIRITINGA,14836,76.29414936640605,33.74,74.07,209.37,57.22,28.1,3.94,0.538
2903706,BA,BOA NOVA,15411,62.33858931931737,24.98,73.21,223.48,49.98,34.67,7.92,0.567
2903805,BA,BOA VISTA DO TUPIM,17991,63.35389917180812,33.48,76.12,195.71,50.73,33.52,1.4,0.551
2903904,BA,BOM JESUS DA LAPA,63480,32.10617517328292,17.6,60.58,367.62,28.47,20.8,7.95,0.633
2903953,BA,BOM JESUS DA SERRA,10113,72.62928903391673,28.28,71.49,223.19,43.15,29.31,0.57,0.546
2904001,BA,BONINAL,13695,66.35998539612997,23.73,65.52,267.7,48.24,24.08,4.02,0.612
2904050,BA,BONITO,14834,57.988405015504924,18.47,68.92,249.0,65.36,22.6,2.41,0.561
2904100,BA,BOQUIRA,22037,66.58347324953488,27.3,62.51,266.71,44.83,28.03,4.37,0.603
2904209,BA,BOTUPORÃ,11154,63.45705576474807,27.63,70.04,235.16,57.83,28.68,5.44,0.575
2904308,BA,BREJÕES,14282,65.43201232320403,20.13,69.3,261.14,43.17,26.29,5.4,0.597
2904407,BA,BREJOLÂNDIA,11077,82.08901327074118,29.92,75.48,221.22,59.43,28.18,4.42,0.592
2904506,BA,BROTAS DE MACAÚBAS,10717,70.90603713725856,31.82,68.57,247.49,57.15,22.85,3.14,0.57
2904605,BA,BRUMADO,64602,30.13993374818117,9.57,51.78,403.22,20.62,17.35,4.55,0.656
2904704,BA,BUERAREMA,18605,17.88766460628863,13.31,59.02,343.23,32.12,25.03,1.13,0.613
2904753,BA,BURITIRAMA,19600,59.66836734693877,37.03,81.48,184.53,54.09,28.8,2.16,0.565
2904803,BA,CAATIBA,11420,52.73204903677758,7.11,58.41,293.78,36.62,32.03,0.0,0.561
2904852,BA,CABACEIRAS DO PARAGUAÇU,17327,73.19789923241184,31.55,74.49,209.45,71.6,29.21,2.25,0.581
2904902,BA,CACHOEIRA,32026,48.832198838443766,16.73,60.25,368.11,27.97,17.09,2.6,0.647
2905008,BA,CACULÉ,22236,40.146609102356535,10.19,49.9,382.15,32.83,21.62,2.85,0.637
2905107,BA,CAÉM,10368,64.74729938271605,29.29,73.92,223.48,61.08,27.57,0.93,0.546
2905156,BA,CAETANOS,13639,75.87066500476574,27.58,68.49,224.38,40.82,29.12,1.54,0.542
2905206,BA,CAETITÉ,47515,40.13048510996527,17.47,56.26,405.31,38.21,21.98,4.19,0.625
2905305,BA,CAFARNAUM,17209,38.619327096286824,24.09,70.84,251.31,65.13,23.76,4.77,0.584
2905404,BA,CAIRU,15374,47.00793547547808,16.03,60.35,334.19,21.52,16.7,2.74,0.627
2905503,BA,CALDEIRÃO GRANDE,12491,63.50972700344248,35.53,72.97,211.26,57.85,31.77,6.59,0.573
2905602,BA,CAMACAN,31472,21.565200813421455,16.75,63.31,351.84,22.91,24.57,1.63,0.581
2905701,BA,CAMAÇARI,242970,4.526073177758571,6.01,39.6,553.18,2.98,8.22,1.92,0.694
2905800,BA,CAMAMU,35180,55.60545764638999,21.36,68.86,264.63,42.92,29.1,1.75,0.565
2905909,BA,CAMPO ALEGRE DE LOURDES,28090,71.07155571377714,40.51,77.26,199.01,46.57,30.69,4.15,0.557
2906006,BA,CAMPO FORMOSO,66616,62.677134622312956,24.59,70.45,270.05,50.62,26.64,3.47,0.586
2906105,BA,CANÁPOLIS,9410,65.7279489904357,27.31,71.15,217.86,46.4,33.68,11.25,0.565
2906204,BA,CANARANA,24067,52.403706319857065,20.18,66.14,252.39,58.67,20.43,5.02,0.587
2906303,BA,CANAVIEIRAS,32336,19.89423552696685,12.62,63.26,325.61,33.95,21.05,2.02,0.59
2906402,BA,CANDEAL,8895,60.92186621697583,13.4,66.21,251.54,60.94,27.86,5.12,0.587
2906501,BA,CANDEIAS,83158,8.614925803891387,7.22,42.68,462.57,3.28,9.6,2.34,0.691
2906600,BA,CANDIBA,13210,41.52157456472369,13.43,58.04,290.99,45.93,27.36,1.68,0.591
2906709,BA,CÂNDIDO SALES,27918,30.91912028082241,17.2,68.23,268.57,34.85,28.37,1.06,0.601
2906808,BA,CANSANÇÃO,32908,66.50966330375593,32.99,74.59,216.24,58.72,31.39,2.12,0.557
2906824,BA,CANUDOS,15732,44.711416221713705,25.03,70.44,251.59,52.09,27.35,0.92,0.562
2906857,BA,CAPELA DO ALTO ALEGRE,11527,51.46178537347098,15.56,60.24,299.05,50.29,30.16,8.18,0.599
2906873,BA,CAPIM GROSSO,26577,18.117168980697596,11.44,56.67,378.85,20.52,22.37,7.25,0.621
2906899,BA,CARAÍBAS,10222,75.41576990804148,17.51,63.66,277.97,51.5,35.51,6.29,0.555
2906907,BA,CARAVELAS,21414,47.18875502008032,11.82,58.27,394.43,32.51,26.83,2.81,0.616
2907004,BA,CARDEAL DA SILVA,8899,67.4008315541072,24.34,76.23,207.42,36.15,25.37,1.37,0.552
2907103,BA,CARINHANHA,28380,55.6553911205074,24.67,77.45,209.51,45.59,28.37,5.85,0.576
2907202,BA,CASA NOVA,64940,42.18817369879889,20.67,64.97,289.24,59.36,26.69,4.96,0.57
2907301,BA,CASTRO ALVES,25408,38.26353904282116,17.02,63.59,316.1,40.09,24.58,4.41,0.613
2907400,BA,CATOLÂNDIA,2612,62.97856049004594,25.16,68.49,251.21,48.87,27.42,9.69,0.582
2907509,BA,CATU,51077,16.29304775143411,9.38,46.39,486.05,12.17,11.84,1.37,0.677
2907558,BA,CATURAMA,8843,73.15390704512043,24.69,67.37,234.88,58.18,29.83,3.6,0.571
2907608,BA,CENTRAL,17013,52.05431140892259,28.78,72.33,231.1,55.57,21.57,4.77,0.596
2907707,BA,CHORROCHÓ,10734,75.48910005589715,28.93,73.6,248.5,49.11,30.49,2.96,0.6
2907806,BA,CÍCERO DANTAS,32300,45.12074303405573,17.47,60.39,315.19,46.41,35.3,3.95,0.585
2907905,BA,CIPÓ,15755,28.359251031418598,17.9,64.09,312.03,20.75,25.6,2.19,0.601
2908002,BA,COARACI,20964,8.748330471284106,11.34,61.18,366.33,22.83,25.16,3.82,0.613
2908101,BA,COCOS,18153,52.77915496061257,28.93,67.78,258.27,39.13,27.0,8.83,0.596
2908200,BA,CONCEIÇÃO DA FEIRA,20391,35.57451816978079,15.33,62.52,348.39,34.39,17.13,0.76,0.634
2908309,BA,CONCEIÇÃO DO ALMEIDA,17889,55.6934428978702,20.88,68.46,290.98,38.27,21.91,2.72,0.606
2908408,BA,CONCEIÇÃO DO COITÉ,62040,41.52482269503546,15.15,58.45,309.61,35.55,21.3,1.78,0.611
2908507,BA,CONCEIÇÃO DO JACUÍPE,30123,21.857052750390068,8.96,46.99,403.18,16.79,13.19,2.02,0.663
2908606,BA,CONDE,23620,48.649449618966976,34.26,76.77,246.81,45.7,26.6,2.18,0.56
2908705,BA,CONDEÚBA,16898,55.84092792046396,21.84,65.3,260.07,44.78,29.38,4.14,0.582
2908804,BA,CONTENDAS DO SINCORÁ,4663,50.7398670383873,17.18,64.03,293.12,52.5,28.79,8.62,0.577
2908903,BA,CORAÇÃO DE MARIA,22401,58.03758760769608,22.92,68.18,257.21,49.68,22.78,8.36,0.592
2909000,BA,CORDEIROS,8168,68.76836434867776,17.29,62.7,263.24,44.77,27.78,3.22,0.579
2909109,BA,CORIBE,14307,57.076955336548544,32.28,71.41,237.03,57.51,30.84,9.43,0.6
2909208,BA,CORONEL JOÃO SÁ,17066,58.730809797257706,19.32,70.6,238.18,47.19,42.89,7.79,0.535
2909307,BA,CORRENTINA,31249,59.66590930909789,30.51,63.44,285.96,36.68,25.39,9.92,0.603
2909406,BA,COTEGIPE,13636,51.24669991199765,28.55,71.94,237.5,55.96,32.75,9.3,0.59
2909505,BA,CRAVOLÂNDIA,5041,36.917278317794086,20.98,70.96,259.87,46.1,30.1,4.58,0.599
2909604,BA,CRISÓPOLIS,20046,57.03881073530879,30.66,74.01,232.6,70.74,33.53,4.23,0.543
2909703,BA,CRISTÓPOLIS,13280,76.40813253012048,29.69,68.54,239.23,42.85,32.98,7.92,0.614
2909802,BA,CRUZ DAS ALMAS,58606,14.880728935603862,9.29,48.64,481.8,14.65,12.6,3.93,0.699
2909901,BA,CURAÇÁ,32168,57.3520268589903,23.29,72.24,236.77,65.36,26.76,6.08,0.581
2910008,BA,DÁRIO MEIRA,12836,60.345902150202555,30.0,76.35,206.16,54.65,36.96,7.21,0.54
2910057,BA,DIAS D'ÁVILA,66440,5.970800722456351,9.31,43.2,460.6,2.85,8.74,1.04,0.676
2910107,BA,DOM BASÍLIO,11355,80.26420079260238,19.27,64.89,240.83,64.01,25.28,7.79,0.591
2910206,BA,DOM MACEDO COSTA,3874,54.54310789881259,16.48,61.31,329.93,42.33,22.59,1.46,0.632
2910305,BA,ELÍSIO MEDRADO,7947,59.12923115641122,13.89,57.89,315.04,57.41,27.36,3.83,0.623
2910404,BA,ENCRUZILHADA,23766,78.4145417823782,22.89,73.95,220.0,56.5,35.67,7.97,0.544
2910503,BA,ENTRE RIOS,39872,40.208667736757626,19.98,65.25,338.53,23.54,19.69,3.89,0.615
2910602,BA,ESPLANADA,32802,36.522163282726666,18.73,68.05,312.58,37.29,23.54,4.85,0.589
2910701,BA,EUCLIDES DA CUNHA,56289,51.294213789550355,23.84,67.74,269.58,42.27,29.67,4.04,0.567
2910727,BA,EUNÁPOLIS,100196,6.769731326599865,5.21,44.08,575.44,9.28,15.86,5.24,0.677
2910750,BA,FÁTIMA,17652,60.82030364831181,23.88,68.49,250.6,57.19,38.1,4.53,0.559
2910776,BA,FEIRA DA MATA,6184,47.558214747736095,33.78,73.81,212.22,53.34,24.43,14.96,0.588
2910800,BA,FEIRA DE SANTANA,556642,8.2650967767434,5.38,39.42,662.24,6.54,9.59,4.73,0.712
2910859,BA,FILADÉLFIA,16740,46.10513739545998,28.62,70.42,250.08,48.8,24.23,1.72,0.565
2910909,BA,FIRMINO ALVES,5384,19.446508172362556,5.58,56.51,325.51,23.34,25.38,1.35,0.578
2911006,BA,FLORESTA AZUL,10660,31.116322701688556,19.11,67.86,242.04,29.64,30.89,0.6,0.557
2911105,BA,FORMOSA DO RIO PRETO,22528,39.42205255681818,30.21,65.17,287.94,38.27,24.34,11.03,0.618
2911204,BA,GANDU,30336,18.09071729957806,11.36,54.39,442.37,31.02,24.57,2.59,0.632
2911253,BA,GAVIÃO,4561,44.3543082657312,11.54,61.09,271.53,48.13,28.38,12.01,0.599
2911303,BA,GENTIO DO OURO,10622,49.63283750706082,31.33,74.08,207.35,47.53,27.49,10.95,0.559
2911402,BA,GLÓRIA,15076,81.24834173520827,23.12,64.95,266.14,52.5,30.18,5.12,0.593
2911501,BA,GONGOGI,8357,35.88608352279526,19.09,70.34,234.7,44.86,30.78,3.68,0.576
2911600,BA,GOVERNADOR MANGABEIRA,19818,62.57442728832375,16.74,61.65,322.02,51.72,18.8,2.87,0.643
2911659,BA,GUAJERU,10412,80.05186323472915,23.67,62.8,241.69,58.67,32.39,1.06,0.569
2911709,BA,GUANAMBI,78833,20.63602805931526,7.16,44.59,496.05,22.17,16.52,4.17,0.673
2911808,BA,GUARATINGA,22165,52.966388450259416,24.07,67.07,258.74,53.66,37.26,5.42,0.558
2911857,BA,HELIÓPOLIS,13192,58.853850818677984,24.23,68.99,241.36,57.91,34.97,4.78,0.563
2911907,BA,IAÇU,25736,21.63506372396643,23.53,68.49,311.24,35.56,27.31,3.34,0.574
2912004,BA,IBIASSUCÊ,10062,53.229974160206716,9.19,53.0,350.98,44.84,22.48,1.77,0.611
2912103,BA,IBICARAÍ,24272,26.314271588661832,13.41,59.9,354.75,15.57,23.03,2.99,0.625
2912202,BA,IBICOARA,17282,36.575627820854066,11.12,64.08,300.89,58.48,17.7,3.97,0.591
2912301,BA,IBICUÍ,15785,24.20652518213494,11.33,64.73,307.49,33.16,27.63,5.43,0.584
2912400,BA,IBIPEBA,17008,40.916039510818436,20.16,67.21,290.82,51.62,19.57,6.54,0.616
2912509,BA,IBIPITANGA,14171,63.62289182132524,33.34,69.31,249.32,45.07,30.38,4.63,0.584
2912608,BA,IBIQUERA,4866,49.424578709412245,38.36,74.43,199.55,64.88,32.37,10.77,0.511
2912707,BA,IBIRAPITANGA,22598,72.7276750154881,19.44,68.81,261.88,47.52,34.91,2.14,0.558
2912806,BA,IBIRAPUÃ,7956,43.036701860231275,9.06,47.14,431.31,40.74,24.72,10.52,0.614
2912905,BA,IBIRATAIA,18943,16.89806260887927,15.5,65.46,278.69,35.52,31.11,1.78,0.576
2913002,BA,IBITIARA,15508,77.83724529275213,30.38,67.78,244.68,45.0,25.09,6.76,0.585
2913101,BA,IBITITÁ,17840,53.262331838565025,22.01,67.19,250.63,57.45,24.75,4.4,0.602
2913200,BA,IBOTIRAMA,25424,23.296884833228447,19.29,60.34,337.12,23.55,19.47,7.53,0.636
2913309,BA,ICHU,5255,35.965746907706944,17.2,56.78,296.17,36.95,15.2,13.04,0.631
2913408,BA,IGAPORÃ,15205,48.28017099638277,11.27,63.1,306.74,45.23,21.92,3.91,0.614
2913457,BA,IGRAPIÚNA,13343,67.9607284718579,21.24,67.88,269.34,70.02,26.87,2.87,0.574
2913507,BA,IGUAÍ,25705,43.27951760357907,22.57,71.63,258.8,40.95,32.47,5.74,0.552
2913606,BA,ILHÉUS,184236,15.71625523784711,6.86,44.4,579.46,14.72,13.25,4.59,0.69
2913705,BA,INHAMBUPE,36306,56.93549275601829,21.91,70.37,254.99,57.5,27.62,3.24,0.565
2913804,BA,IPECAETÁ,15331,82.79955645424303,31.84,75.47,186.54,63.4,28.6,1.01,0.55
2913903,BA,IPIAÚ,44390,9.024555079972966,12.52,55.6,573.36,14.23,21.3,3.85,0.67
2914000,BA,IPIRÁ,59343,51.1163911497565,19.91,65.73,274.88,38.91,29.68,2.2,0.549
2914109,BA,IPUPIARA,9285,35.60581583198707,23.79,64.1,258.3,42.91,17.04,4.15,0.59
2914208,BA,IRAJUBA,7002,53.25621251071122,22.78,71.07,236.16,50.11,29.87,3.91,0.576
2914307,BA,IRAMAIA,11990,54.929107589658045,21.5,73.4,234.91,42.91,26.41,7.08,0.571
2914406,BA,IRAQUARA,22601,70.10309278350516,32.35,75.58,242.58,59.23,19.35,3.05,0.599
2914505,BA,IRARÁ,27466,59.05483142794728,12.96,59.51,308.34,56.99,25.47,6.44,0.62
2914604,BA,IRECÊ,66181,7.799821701092458,8.08,51.43,488.15,15.5,14.36,4.61,0.691
2914653,BA,ITABELA,28390,24.67770341669602,11.33,61.76,365.39,33.88,28.06,7.91,0.599
2914703,BA,ITABERABA,61631,21.330174749720108,13.34,55.64,422.79,23.23,19.2,4.9,0.62
2914802,BA,ITABUNA,204667,2.4547191291219397,6.12,39.61,605.12,4.07,10.94,3.08,0.712
2914901,BA,ITACARÉ,24318,43.901636647750635,16.08,63.53,323.3,34.5,24.63,7.29,0.583
2915007,BA,ITAETÉ,14924,58.39587242026266,29.65,71.46,224.79,44.18,29.27,5.78,0.572
2915106,BA,ITAGI,13051,21.7684468623094,16.45,70.25,234.8,39.81,33.68,0.7,0.543
2915205,BA,ITAGIBÁ,15193,36.997301388797474,14.2,64.28,270.27,37.45,28.46,4.15,0.589
2915304,BA,ITAGIMIRIM,7110,20.548523206751057,13.74,59.25,339.65,22.69,30.16,3.99,0.634
2915353,BA,ITAGUAÇU DA BAHIA,13209,80.33159209629798,22.4,73.29,245.68,62.63,31.41,3.38,0.562
2915403,BA,ITAJU DO COLÔNIA,7309,19.82487344369955,12.46,65.38,276.93,44.93,27.77,6.11,0.592
2915502,BA,ITAJUÍPE,21081,20.122385086096486,10.53,55.78,354.2,22.1,23.42,3.49,0.599
2915601,BA,ITAMARAJU,63069,21.062645673785852,9.49,53.86,432.95,30.43,23.98,3.3,0.627
2915700,BA,ITAMARI,7903,26.116664557762874,15.34,57.45,325.0,45.01,30.39,2.45,0.578
2915809,BA,ITAMBÉ,23089,14.68664732123522,7.53,54.57,312.32,25.38,26.75,0.8,0.578
2915908,BA,ITANAGRA,7598,69.37351934719663,26.94,73.21,289.16,28.39,27.19,1.12,0.584
2916005,BA,ITANHÉM,20216,29.728927582113176,10.91,58.65,388.04,32.27,26.72,6.34,0.637
2916104,BA,ITAPARICA,20725,0.0,13.55,57.48,476.99,11.36,8.03,3.45,0.67
2916203,BA,ITAPÉ,10995,34.697589813551616,13.4,64.47,285.13,34.28,24.93,4.76,0.599
2916302,BA,ITAPEBI,10495,21.21962839447356,14.63,64.18,273.69,32.4,32.14,6.41,0.572
2916401,BA,ITAPETINGA,68273,2.9250216044409942,2.66,37.82,506.76,5.21,15.81,1.76,0.667
2916500,BA,ITAPICURU,32261,79.309382846161,31.44,79.06,185.7,59.04,41.92,2.42,0.486
2916609,BA,ITAPITANGA,10207,25.629469971588126,15.75,72.55,225.1,36.44,27.63,4.17,0.571
2916708,BA,ITAQUARA,7678,39.98437092992967,25.22,75.31,229.04,57.6,36.64,1.2,0.553
2916807,BA,ITARANTIM,18539,17.460488699498356,6.79,58.82,352.74,30.44,24.73,1.24,0.61
2916856,BA,ITATIM,14522,30.367717945186612,18.01,66.54,245.37,18.09,25.19,3.02,0.582
2916906,BA,ITIRUÇU,12693,24.95076026156149,12.99,62.16,309.83,40.43,26.43,3.35,0.6
2917003,BA,ITIÚBA,36113,73.14263561598317,34.21,76.01,205.18,52.75,28.54,3.58,0.544
2917102,BA,ITORORÓ,19914,9.109169428542733,8.6,55.42,330.0,21.59,26.17,1.08,0.594
2917201,BA,ITUAÇU,18127,63.761240139019144,20.6,65.97,269.3,57.3,27.75,4.24,0.57
2917300,BA,ITUBERÁ,26591,27.599563762175173,11.44,60.31,337.03,43.54,22.14,3.39,0.606
2917334,BA,IUIÚ,10900,51.522935779816514,16.12,68.49,249.32,52.89,28.57,7.87,0.591
2917359,BA,JABORANDI,8973,66.12058397414465,33.49,68.07,281.14,52.47,27.82,9.08,0.613
2917409,BA,JACARACI,13651,63.936707933484726,18.71,59.22,283.51,55.31,27.7,3.02,0.593
2917508,BA,JACOBINA,79247,29.501432230873093,12.95,53.24,417.88,25.95,18.86,6.31,0.649
2917607,BA,JAGUAQUARA,51011,23.83995608790261,12.81,63.91,307.08,36.73,28.85,2.45,0.58
2917706,BA,JAGUARARI,30343,45.25261180502917,22.46,55.87,439.23,31.04,19.25,2.9,0.659
2917805,BA,JAGUARIPE,16467,67.82656221533978,23.92,72.51,247.75,72.49,30.71,2.76,0.556
2917904,BA,JANDAÍRA,10331,40.49946762172103,31.23,79.75,192.11,56.44,29.87,9.74,0.55
2918001,BA,JEQUIÉ,151895,8.2089601369367,7.88,50.24,473.92,8.77,16.85,5.73,0.665
2918100,BA,JEREMOABO,37680,53.72346072186836,22.51,67.29,262.76,57.03,34.84,4.1,0.547
2918209,BA,JIQUIRIÇÁ,14118,60.46890494404307,18.18,68.44,257.95,67.51,24.37,5.93,0.553
2918308,BA,JITAÚNA,14115,34.396032589443855,18.16,68.99,266.56,37.53,32.3,5.1,0.575
2918357,BA,JOÃO DOURADO,22549,39.82438245598475,16.56,68.4,283.12,55.21,22.44,0.67,0.593
2918407,BA,JUAZEIRO,197965,18.786149066754223,7.59,49.09,476.58,21.73,14.25,5.48,0.677
2918456,BA,JUCURUÇU,10290,77.72594752186589,35.11,76.54,188.8,59.22,34.97,2.68,0.541
2918506,BA,JUSSARA,15052,33.218176986446984,26.88,69.62,236.05,57.42,28.0,3.39,0.571
2918555,BA,JUSSARI,6474,24.68334877973432,14.75,64.88,290.22,42.71,31.81,0.13,0.567
2918605,BA,JUSSIAPE,8031,61.798032623583616,13.43,51.09,334.07,59.2,26.63,5.99,0.602
2918704,BA,LAFAIETE COUTINHO,3901,46.06511150986926,14.73,66.92,288.05,51.69,28.79,0.81,0.599
2918753,BA,LAGOA REAL,13934,79.84785416965696,22.93,72.75,223.11,58.95,25.98,3.23,0.545
2918803,BA,LAJE,22201,72.6138462231431,22.22,70.26,241.63,66.26,29.74,2.4,0.586
2918902,BA,LAJEDÃO,3733,44.38789177605143,7.36,54.45,463.94,40.08,25.82,6.84,0.632
2919009,BA,LAJEDINHO,3936,68.3689024390244,31.47,77.38,205.65,65.52,29.77,12.18,0.546
2919058,BA,LAJEDO DO TABOCAL,8305,38.00120409391933,14.58,71.11,237.39,61.58,31.9,12.08,0.584
2919108,BA,LAMARÃO,9560,78.19037656903765,29.1,79.81,180.82,67.23,35.38,0.89,0.518
2919157,BA,LAPÃO,25646,60.8126023551431,21.64,69.85,244.43,62.16,22.59,1.89,0.596
2919207,BA,LAURO DE FREITAS,163449,0.0,3.48,30.32,1031.78,0.71,5.17,4.32,0.754
2919306,BA,LENÇÓIS,10368,22.48263888888889,19.38,64.21,362.74,21.32,20.16,6.02,0.623
2919405,BA,LICÍNIO DE ALMEIDA,12311,49.20802534318902,11.11,58.63,299.47,44.95,24.77,5.15,0.621
2919504,BA,LIVRAMENTO DE NOSSA SENHORA,42693,51.9124915091467,18.58,60.86,309.16,46.01,22.63,3.94,0.611
2919553,BA,LUÍS EDUARDO MAGALHÃES,60105,8.69145661758589,2.92,31.29,871.12,15.26,7.79,1.37,0.716
2919603,BA,MACAJUBA,11229,38.810223528364055,33.81,78.56,197.25,55.62,30.18,5.42,0.524
2919702,BA,MACARANI,17093,20.207102322588195,5.68,55.19,350.25,23.96,29.85,8.27,0.605
2919801,BA,MACAÚBAS,47051,67.24617967737136,26.87,69.06,255.36,49.19,28.69,4.35,0.609
2919900,BA,MACURURÉ,8073,64.573268921095,25.61,72.01,240.32,41.87,27.53,15.54,0.604
2919926,BA,MADRE DE DEUS,17376,3.00414364640884,11.92,41.88,517.74,2.85,5.58,7.49,0.708
2919959,BA,MAETINGA,7038,59.97442455242967,19.29,63.04,268.47,56.41,35.67,1.64,0.538
2920007,BA,MAIQUINIQUE,8782,21.248007287633797,9.8,62.0,306.24,32.7,28.81,2.06,0.576
2920106,BA,MAIRI,19326,42.48680533995653,17.03,63.31,286.58,51.58,26.1,4.53,0.572
2920205,BA,MALHADA,16014,59.04208817284876,21.75,72.1,218.66,55.32,26.8,6.75,0.562
2920304,BA,MALHADA DE PEDRAS,8468,61.809163911195085,23.18,64.43,244.02,52.59,28.25,1.69,0.578
2920403,BA,MANOEL VITORINO,14387,48.84965593938973,26.47,71.79,226.95,49.17,30.16,2.72,0.566
2920452,BA,MANSIDÃO,12592,62.023506988564165,37.45,77.07,182.65,42.54,19.18,11.45,0.599
2920502,BA,MARACÁS,24613,28.05834315199285,17.5,62.8,290.11,43.89,26.72,4.27,0.607
2920601,BA,MARAGOGIPE,42815,41.39203550157655,21.34,67.41,300.1,53.51,24.36,4.55,0.621
2920700,BA,MARAÚ,19101,81.35699701586304,22.23,68.29,437.51,46.21,27.25,5.18,0.593
2920809,BA,MARCIONÍLIO SOUZA,10500,49.40952380952381,26.84,73.08,201.52,47.42,33.62,0.93,0.561
2920908,BA,MASCOTE,14640,20.225409836065573,24.05,71.09,272.97,34.96,32.95,1.98,0.581
2921005,BA,MATA DE SÃO JOÃO,40183,25.777069905183783,9.34,49.32,451.9,8.05,12.34,1.09,0.668
2921054,BA,MATINA,11145,68.83804396590399,21.47,70.63,227.07,55.58,34.9,6.6,0.572
2921104,BA,MEDEIROS NETO,21560,20.85343228200371,9.56,55.74,392.49,28.76,25.91,1.02,0.625
2921203,BA,MIGUEL CALMON,26475,39.316336166194525,21.02,66.73,279.05,51.92,22.13,1.38,0.586
2921302,BA,MILAGRES,10306,24.422666407917717,18.25,60.09,313.88,26.94,24.05,6.65,0.622
2921401,BA,MIRANGABA,16279,51.6002211438049,31.62,76.2,193.47,66.43,27.7,2.89,0.542
2921450,BA,MIRANTE,10507,82.7829066336728,32.05,72.61,208.18,58.17,32.75,4.57,0.527
2921500,BA,MONTE SANTO,52338,83.1002331002331,35.11,75.76,197.43,61.17,38.64,2.67,0.506
2921609,BA,MORPARÁ,8280,33.11594202898551,29.89,72.53,224.53,57.85,29.92,5.32,0.558
2921708,BA,MORRO DO CHAPÉU,35164,42.364349903310206,20.15,71.85,250.88,52.42,23.91,6.24,0.588
2921807,BA,MORTUGABA,12477,52.817183617856855,13.8,52.91,330.3,47.68,28.53,2.26,0.618
2921906,BA,MUCUGÊ,10545,60.36036036036036,18.04,60.65,312.35,49.61,21.29,10.04,0.606
2922003,BA,MUCURI,36026,23.688447232554267,8.52,44.93,546.41,21.85,19.89,7.34,0.665
2922052,BA,MULUNGU DO MORRO,12249,51.67768797452853,28.28,74.75,199.94,64.95,22.18,1.4,0.566
2922102,BA,MUNDO NOVO,24395,44.39844230375077,22.36,70.43,346.89,49.22,24.89,4.97,0.59
2922201,BA,MUNIZ FERREIRA,7317,53.614869482028155,15.81,62.97,297.78,44.72,24.09,3.41,0.617
2922250,BA,MUQUÉM DE SÃO FRANCISCO,10272,87.50973520249221,36.66,79.66,166.67,58.12,27.66,1.97,0.549
2922300,BA,MURITIBA,28899,37.5756946607149,12.74,54.79,401.14,34.82,18.01,2.81,0.66
2922409,BA,MUTUÍPE,21449,54.96759755699566,19.86,63.71,374.8,59.85,25.18,2.01,0.601
2922508,BA,NAZARÉ,27274,16.169245435213025,15.24,58.61,421.82,21.04,19.76,2.79,0.641
2922607,BA,NILO PEÇANHA,12530,75.219473264166,26.77,73.99,218.32,61.71,28.11,0.29,0.547
2922656,BA,NORDESTINA,12371,68.30490663648857,35.62,77.06,187.22,53.05,32.31,2.43,0.56
2922706,BA,NOVA CANAÃ,16713,59.00197451085981,17.4,67.0,251.9,46.3,33.85,4.99,0.545
2922730,BA,NOVA FÁTIMA,7602,33.25440673506972,11.06,59.53,287.32,40.58,25.52,8.63,0.597
2922755,BA,NOVA IBIÁ,6648,57.77677496991576,8.09,61.06,378.1,69.51,31.4,7.05,0.57
2922805,BA,NOVA ITARANA,7435,63.483523873570945,34.83,77.62,188.86,44.32,33.73,9.95,0.524
2922854,BA,NOVA REDENÇÃO,8034,34.81453821259647,26.18,70.03,222.33,52.23,29.33,0.68,0.567
2922904,BA,NOVA SOURE,24136,51.400397746105405,27.98,71.88,241.71,53.55,34.3,2.5,0.555
2923001,BA,NOVA VIÇOSA,38556,13.045959124390498,11.89,53.0,476.79,29.22,20.76,5.25,0.654
2923035,BA,NOVO HORIZONTE,10673,67.16012367656704,28.89,67.16,257.12,45.02,23.4,2.42,0.597
2923050,BA,NOVO TRIUNFO,15051,50.149491728124374,28.82,78.47,194.56,70.3,24.97,8.21,0.554
2923100,BA,OLINDINA,24943,48.791244036403,34.3,72.9,222.62,49.05,31.27,5.83,0.559
2923209,BA,OLIVEIRA DOS BREJINHOS,21831,69.8410517154505,32.29,75.27,220.72,41.74,24.03,3.62,0.554
2923308,BA,OURIÇANGAS,8298,66.71487105326585,10.59,62.34,281.59,56.61,29.42,4.22,0.607
2923357,BA,OUROLÂNDIA,16425,61.39421613394216,23.18,72.25,239.93,49.86,30.28,6.44,0.56
2923407,BA,PALMAS DE MONTE ALTO,20775,52.67388688327316,19.45,60.42,262.69,50.26,30.88,3.19,0.586
2923506,BA,PALMEIRAS,8410,37.705112960761,17.24,62.05,350.79,31.75,19.05,6.75,0.643
2923605,BA,PARAMIRIM,21001,52.24513118422932,14.89,55.64,343.78,37.21,21.34,3.02,0.615
2923704,BA,PARATINGA,29504,63.03890997830803,30.09,77.49,201.79,57.87,26.67,2.95,0.59
2923803,BA,PARIPIRANGA,27778,65.68147454820361,29.15,68.06,273.23,56.63,30.31,3.45,0.577
2923902,BA,PAU BRASIL,10852,31.975672687062293,22.52,64.94,296.08,36.6,30.67,9.09,0.583
2924009,BA,PAULO AFONSO,108396,13.830768663050296,10.26,44.41,544.73,12.22,17.74,6.65,0.674
2924058,BA,PÉ DE SERRA,13752,62.376381617219316,17.43,63.14,257.45,49.23,26.5,5.61,0.587
2924108,BA,PEDRÃO,6876,75.043630017452,20.91,73.07,221.53,69.63,23.81,3.32,0.588
2924207,BA,PEDRO ALEXANDRE,16995,83.6069432185937,33.42,81.55,167.65,72.8,44.24,5.41,0.513
2924306,BA,PIATÃ,17982,57.66877989100211,29.92,68.57,234.44,63.09,25.63,5.97,0.571
2924405,BA,PILÃO ARCADO,32860,66.44248326232501,40.9,76.67,195.98,57.69,32.39,6.04,0.506
2924504,BA,PINDAÍ,15628,72.36370616841566,18.52,59.58,270.15,65.21,25.72,3.57,0.603
2924603,BA,PINDOBAÇU,20121,44.15287510561105,27.54,72.26,212.52,37.19,26.67,1.11,0.577
2924652,BA,PINTADAS,10342,43.53123187004448,17.55,57.52,281.74,44.59,25.94,2.96,0.612
2924678,BA,PIRAÍ DO NORTE,9799,62.35330135728135,20.16,67.07,238.62,62.61,28.16,5.26,0.533
2924702,BA,PIRIPÁ,12783,51.53719784088242,21.83,67.78,241.1,32.07,27.11,0.53,0.575
2924801,BA,PIRITIBA,22399,32.30947810170097,19.38,68.21,271.4,50.45,23.25,8.84,0.578
2924900,BA,PLANALTINO,8822,58.739514849240535,21.89,68.36,282.33,58.89,34.76,5.53,0.572
2925006,BA,PLANALTO,24481,39.26310199746742,16.4,65.54,256.26,41.94,31.84,3.71,0.56
2925105,BA,POÇÕES,44701,22.464821816066756,18.66,65.88,300.74,28.7,29.03,4.33,0.604
2925204,BA,POJUCA,33066,14.177705195669267,8.95,45.37,443.8,7.36,10.0,5.05,0.666
2925253,BA,PONTO NOVO,15742,46.60780078770169,22.85,71.76,229.61,46.22,27.64,13.76,0.58
2925303,BA,PORTO SEGURO,126929,18.002978042842848,7.33,45.99,527.04,9.77,12.85,5.92,0.676
2925402,BA,POTIRAGUÁ,9810,32.6809378185525,9.84,60.84,323.92,29.44,24.38,2.0,0.625
2925501,BA,PRADO,27627,43.989575415354544,14.47,56.17,369.96,36.04,21.68,7.04,0.621
2925600,BA,PRESIDENTE DUTRA,13750,34.13818181818182,18.85,68.1,280.86,54.18,16.58,1.74,0.614
2925709,BA,PRESIDENTE JÂNIO QUADROS,13652,69.24992675065924,30.34,72.07,220.1,66.81,36.85,0.37,0.542
2925758,BA,PRESIDENTE TANCREDO NEVES,23846,59.87167659146188,20.75,69.14,270.35,57.19,31.65,0.71,0.559
2925808,BA,QUEIMADAS,24602,49.22364035444273,22.8,69.22,245.7,44.4,25.7,6.12,0.592
2925907,BA,QUIJINGUE,27228,76.57925664756868,33.8,74.91,228.71,64.34,37.73,2.96,0.544
2925931,BA,QUIXABEIRA,9554,61.66003768055265,23.09,68.09,241.1,58.97,33.33,10.95,0.578
2925956,BA,RAFAEL JAMBEIRO,22874,70.0533356649471,25.44,70.55,226.94,58.08,32.56,2.72,0.564
2926004,BA,REMANSO,38957,39.75408784043946,25.6,64.7,275.22,43.23,29.47,6.28,0.579
2926103,BA,RETIROLÂNDIA,12055,44.238905018664454,11.39,63.18,293.01,34.33,20.44,5.47,0.636
2926202,BA,RIACHÃO DAS NEVES,21937,51.02338514837945,30.92,71.93,212.09,50.45,32.89,8.08,0.578
2926301,BA,RIACHÃO DO JACUÍPE,33172,40.13023031472326,12.44,59.12,311.47,32.4,19.2,4.43,0.628
2926400,BA,RIACHO DE SANTANA,30646,57.283169092214315,24.42,67.22,281.05,52.96,29.83,4.79,0.615
2926509,BA,RIBEIRA DO AMPARO,14276,86.54384981787615,33.96,79.5,183.12,55.23,38.91,1.35,0.512
2926608,BA,RIBEIRA DO POMBAL,47518,37.379519340039565,16.88,60.05,332.86,35.03,28.29,4.64,0.601
2926657,BA,RIBEIRÃO DO LARGO,8602,45.977679609393164,10.66,63.84,271.68,52.51,33.89,8.19,0.54
2926707,BA,RIO DE CONTAS,13007,51.4953486584147,16.88,60.8,294.83,56.72,21.48,2.0,0.605
2926806,BA,RIO DO ANTÔNIO,14815,59.54775565305434,23.62,65.06,252.98,57.15,30.87,0.19,0.576
2926905,BA,RIO DO PIRES,11918,55.80634334619903,19.86,60.85,274.58,41.2,29.65,4.09,0.594
2927002,BA,RIO REAL,37164,37.27801097836616,20.48,67.97,274.86,51.3,26.69,0.66,0.572
2927101,BA,RODELAS,7775,15.884244372990354,19.94,68.8,271.59,49.08,23.78,12.01,0.632
2927200,BA,RUY BARBOSA,29887,26.07822799210359,20.18,63.89,301.42,33.84,24.46,3.63,0.61
2927309,BA,SALINAS DA MARGARIDA,13456,55.70749108204519,21.21,67.3,286.45,56.17,12.93,1.8,0.617
2927408,BA,SALVADOR,2675656,0.027395150946160494,3.97,30.24,973.0,0.62,4.12,4.65,0.759
2927507,BA,SANTA BÁRBARA,19064,54.52685690306337,21.75,71.69,251.87,47.39,23.74,3.37,0.583
2927606,BA,SANTA BRÍGIDA,15060,62.742363877822044,30.29,73.42,220.77,60.26,37.06,4.88,0.546
2927705,BA,SANTA CRUZ CABRÁLIA,26264,27.650015229972585,16.19,57.67,388.28,21.49,17.2,8.28,0.654
2927804,BA,SANTA CRUZ DA VITÓRIA,6673,23.932264348868575,19.3,67.37,282.42,32.41,26.16,2.16,0.61
2927903,BA,SANTA INÊS,10363,8.192608318054617,15.08,66.11,280.25,26.96,30.51,1.32,0.574
2928000,BA,SANTALUZ,33838,38.54542230628288,18.6,68.54,260.09,39.26,25.42,1.3,0.598
2928059,BA,SANTA LUZIA,13344,39.5083932853717,13.38,65.79,267.88,47.89,32.31,3.2,0.556
2928109,BA,SANTA MARIA DA VITÓRIA,40309,40.91642065047508,18.78,63.18,318.31,31.78,25.97,6.67,0.614
2928208,BA,SANTANA,24750,45.52323232323232,17.9,63.38,304.18,46.25,27.9,1.39,0.608
2928307,BA,SANTANÓPOLIS,8776,80.81130355515042,22.4,69.81,263.19,59.63,26.19,5.9,0.592
2928406,BA,SANTA RITA DE CÁSSIA,26250,43.21142857142857,29.04,70.63,267.32,48.55,22.93,8.97,0.605
2928505,BA,SANTA TERESINHA,9648,75.80845771144278,27.05,69.49,243.04,58.6,27.6,1.11,0.587
2928604,BA,SANTO AMARO,57800,22.55017301038062,12.82,56.47,392.75,24.18,13.4,2.67,0.646
2928703,BA,SANTO ANTÔNIO DE JESUS,90985,12.843875364071001,6.47,40.9,540.38,11.93,13.08,3.81,0.7
2928802,BA,SANTO ESTÊVÃO,47880,42.16791979949875,17.49,58.78,358.13,33.5,23.32,4.51,0.626
2928901,BA,SÃO DESIDÉRIO,27659,68.78773636067827,25.76,62.67,302.2,46.91,27.73,5.11,0.579
2928950,BA,SÃO DOMINGOS,9226,35.87686971601995,10.06,53.12,335.76,43.05,23.51,2.55,0.64
2929008,BA,SÃO FÉLIX,14098,34.28145836288835,14.31,61.49,299.65,35.38,15.98,2.58,0.639
2929057,BA,SÃO FÉLIX DO CORIBE,13048,18.861128142244024,11.33,55.1,335.9,26.11,18.29,6.46,0.639
2929107,BA,SÃO FELIPE,20305,51.637527702536325,20.45,66.82,268.96,53.28,24.27,3.87,0.616
2929206,BA,SÃO FRANCISCO DO CONDE,33183,17.454720790766356,6.41,47.42,433.23,11.24,10.83,20.17,0.674
2929255,BA,SÃO GABRIEL,18427,43.05095783361372,22.86,68.69,245.38,57.67,21.2,5.31,0.592
2929305,BA,SÃO GONÇALO DOS CAMPOS,33283,50.41011928011297,8.81,53.96,419.27,29.6,16.06,1.87,0.627
2929354,BA,SÃO JOSÉ DA VITÓRIA,5715,9.67629046369204,12.55,69.89,250.42,41.91,30.62,10.34,0.546
2929370,BA,SÃO JOSÉ DO JACUÍPE,10180,31.326129666011788,14.85,67.1,253.57,49.34,30.77,7.36,0.552
2929404,BA,SÃO MIGUEL DAS MATAS,10414,67.73574034952948,20.26,62.66,274.08,70.87,26.82,4.33,0.593
2929503,BA,SÃO SEBASTIÃO DO PASSÉ,42153,21.448058263943253,12.11,51.05,411.75,13.48,14.67,5.62,0.657
2929602,BA,SAPEAÇU,16585,51.25716008441363,17.63,63.18,338.34,42.85,17.1,2.51,0.614
2929701,BA,SÁTIRO DIAS,18964,77.15671799198482,31.15,75.26,208.2,68.16,32.93,1.19,0.527
2929750,BA,SAUBARA,11201,2.2587268993839835,17.65,68.82,265.17,43.59,15.51,2.87,0.617
2929800,BA,SAÚDE,11845,43.89193752638244,27.72,70.53,238.81,48.49,23.2,1.59,0.549
2929909,BA,SEABRA,41798,51.48810947892244,22.15,63.65,310.95,41.82,17.37,3.75,0.635
2930006,BA,SEBASTIÃO LARANJEIRAS,10371,60.62096229871758,15.31,60.75,276.29,48.59,27.08,4.15,0.615
2930105,BA,SENHOR DO BONFIM,74419,22.646098442602025,12.75,53.84,422.89,18.2,17.36,5.84,0.666
2930154,BA,SERRA DO RAMALHO,31638,80.16941652443265,28.5,72.68,216.59,52.09,27.31,10.48,0.595
2930204,BA,SENTO SÉ,37425,42.081496325985306,25.61,74.1,222.84,59.66,26.64,4.61,0.585
2930303,BA,SERRA DOURADA,18112,66.86174911660777,25.58,71.27,228.74,51.13,25.88,10.34,0.608
2930402,BA,SERRA PRETA,15401,55.06785273683527,23.2,66.64,232.52,47.83,30.01,5.06,0.566
2930501,BA,SERRINHA,76762,38.52687527682968,14.58,58.19,367.73,24.22,18.07,5.42,0.634
2930600,BA,SERROLÂNDIA,12344,41.03208036292936,22.69,65.86,261.29,42.69,24.33,5.77,0.59
2930709,BA,SIMÕES FILHO,118047,10.365362948656044,7.79,47.75,431.97,3.02,8.34,2.64,0.675
2930758,BA,SÍTIO DO MATO,12050,43.02074688796681,47.77,86.2,135.49,64.58,22.84,5.41,0.564
2930766,BA,SÍTIO DO QUINTO,12592,58.92630241423126,27.1,68.75,247.62,61.12,41.46,4.44,0.533
2930774,BA,SOBRADINHO,22000,9.081818181818182,10.46,57.88,344.74,33.04,19.8,4.94,0.631
2930808,BA,SOUTO SOARES,15899,62.016479023837974,30.56,70.62,220.67,67.75,22.66,3.47,0.592
2930907,BA,TABOCAS DO BREJO VELHO,11431,65.60230950922929,31.37,72.25,216.5,47.86,32.05,8.68,0.584
2931004,BA,TANHAÇU,20013,58.57692499875081,19.47,65.57,268.62,58.82,27.84,3.93,0.577
2931053,BA,TANQUE NOVO,16128,54.63169642857143,27.94,65.82,301.39,52.42,30.17,3.36,0.599
2931103,BA,TANQUINHO,8008,28.683816183816184,17.31,63.72,273.12,32.13,20.81,4.61,0.597
2931202,BA,TAPEROÁ,18748,53.461702581608705,18.72,70.46,270.97,58.33,29.55,6.19,0.566
2931301,BA,TAPIRAMUTÁ,16516,22.596270283361587,18.05,70.88,312.39,48.32,25.84,11.48,0.594
2931350,BA,TEIXEIRA DE FREITAS,138341,6.562045958898663,5.39,39.46,560.73,11.48,15.78,5.39,0.685
2931400,BA,TEODORO SAMPAIO,7895,19.68334388853705,21.43,71.31,272.86,41.35,24.5,0.3,0.594
2931509,BA,TEOFILÂNDIA,21482,68.84833814356205,25.87,62.59,278.91,42.39,27.32,1.39,0.566
2931608,BA,TEOLÂNDIA,14836,65.83984901590725,17.74,70.94,231.92,60.38,33.55,2.24,0.555
2931707,BA,TERRA NOVA,12803,10.27103022729048,11.54,59.43,296.6,12.51,14.15,3.28,0.578
2931806,BA,TREMEDAL,17029,76.86887074989724,24.25,65.98,237.3,46.55,33.32,1.57,0.528
2931905,BA,TUCANO,52418,58.10980960738677,26.66,70.74,325.7,41.2,31.84,6.15,0.579
2932002,BA,UAUÁ,24294,55.705112373425536,28.72,70.6,251.46,45.98,25.45,4.43,0.605
2932101,BA,UBAÍRA,19750,55.33164556962026,24.69,67.69,296.48,62.09,32.35,2.82,0.582
2932200,BA,UBAITABA,20691,14.948528345657532,13.75,62.63,349.68,23.71,23.19,3.46,0.611
2932309,BA,UBATÃ,25004,28.207486802111664,14.63,65.25,306.52,36.57,28.58,1.25,0.593
2932408,BA,UIBAÍ,13625,39.00183486238532,21.11,66.15,286.67,49.06,17.64,4.07,0.617
2932457,BA,UMBURANAS,17000,55.8235294117647,36.19,84.79,148.15,59.87,27.71,6.52,0.515
2932507,BA,UNA,24110,37.66072169224388,17.45,65.21,303.78,53.01,27.41,2.6,0.56
2932606,BA,URANDI,16466,63.93173812704968,13.58,58.16,325.07,42.26,25.18,2.91,0.598
2932705,BA,URUÇUCA,19837,20.456722286636083,9.46,57.11,349.43,33.14,23.58,3.29,0.616
2932804,BA,UTINGA,18173,29.510812744180928,24.46,68.35,327.96,45.29,23.15,5.5,0.59
2932903,BA,VALENÇA,88673,27.409696299888353,12.48,57.58,376.23,29.69,20.68,1.88,0.623
2933000,BA,VALENTE,24560,45.08550488599349,5.99,51.68,385.3,29.84,17.17,1.14,0.637
2933059,BA,VÁRZEA DA ROÇA,13786,52.98853909763528,24.28,70.5,228.58,57.65,31.5,4.06,0.539
2933109,BA,VÁRZEA DO POÇO,8661,33.16014317053458,19.44,58.64,296.74,46.66,25.36,1.09,0.575
2933158,BA,VÁRZEA NOVA,13073,34.575078405874706,22.64,69.23,234.88,56.35,25.72,10.61,0.555
2933174,BA,VARZEDO,9109,63.06949171149412,23.36,59.9,297.56,65.53,28.32,2.86,0.586
2933208,BA,VERA CRUZ,37567,6.183618601432108,13.68,56.76,408.64,16.63,11.39,7.44,0.645
2933257,BA,VEREDA,6800,79.72058823529412,14.07,64.97,274.76,48.8,33.36,8.76,0.577
2933307,BA,VITÓRIA DA CONQUISTA,306866,10.469390548317506,5.6,41.16,555.66,10.97,14.16,5.5,0.678
2933406,BA,WAGNER,8983,27.84147834799065,18.76,64.59,283.34,50.54,23.44,4.79,0.587
2933455,BA,WANDERLEY,12485,52.9195034040849,25.98,70.42,275.76,45.37,27.07,10.7,0.6
2933505,BA,WENCESLAU GUIMARÃES,22189,66.14989409166704,15.25,63.45,257.12,59.96,33.24,2.3,0.544
2933604,BA,XIQUE-XIQUE,45536,28.537860154602953,26.08,70.29,265.25,39.26,24.35,3.79,0.585
3100104,MG,Abadia dos Dourados,6704,37.51491646778043,1.85,27.4,596.18,37.9,9.67,10.22,0.689
3100203,MG,Abaeté,22690,13.159982371088585,1.61,26.65,707.24,22.08,9.28,5.49,0.698
3100302,MG,Abre Campo,13311,45.30087897227857,8.17,43.7,444.32,45.8,13.1,11.95,0.654
3100401,MG,Acaiaca,3920,34.87244897959184,8.27,55.23,357.03,25.16,14.95,2.44,0.63
3100500,MG,Açucena,10276,53.240560529388866,15.14,54.29,325.42,41.22,21.44,6.17,0.61
3100609,MG,Água Boa,15195,53.70187561697927,11.95,60.09,322.12,57.58,30.15,9.66,0.576
3100708,MG,Água Comprida,2025,24.938271604938272,0.71,24.6,701.19,38.81,8.41,1.24,0.675
3100807,MG,Aguanil,4054,42.15589541193883,2.74,32.57,524.43,36.78,13.93,8.63,0.663
3100906,MG,Águas Formosas,18479,22.517452243086748,13.67,59.62,389.57,34.92,26.44,8.37,0.645
3101003,MG,Águas Vermelhas,12722,29.72016978462506,11.41,65.19,306.97,33.63,30.09,8.71,0.601
3101102,MG,Aimorés,24959,21.07055571136664,4.99,36.69,567.46,26.29,15.42,3.14,0.684
3101201,MG,Aiuruoca,6162,49.31840311587147,1.85,34.91,539.92,36.35,14.85,5.7,0.668
3101300,MG,Alagoa,2709,59.02547065337763,4.19,41.4,413.75,54.15,15.38,14.31,0.649
3101409,MG,Albertina,2913,30.93031239272228,0.11,16.8,564.08,52.97,12.67,6.14,0.673
3101508,MG,Além Paraíba,34349,6.643570409618912,2.29,27.13,674.5,6.73,6.69,6.4,0.726
3101607,MG,Alfenas,73774,6.232548052159298,0.48,20.33,783.41,11.93,6.12,5.83,0.761
3101631,MG,Alfredo Vasconcelos,6075,33.64609053497942,3.52,42.23,400.14,35.45,10.66,8.53,0.675
3101706,MG,Almenara,38775,18.117343649258544,9.33,51.87,419.98,25.5,23.28,8.67,0.642
3101805,MG,Alpercata,7172,21.081985499163412,4.2,46.6,401.21,19.67,17.45,16.82,0.646
3101904,MG,Alpinópolis,18488,18.920380787537862,1.31,26.02,633.91,29.99,8.14,3.87,0.725
3102001,MG,Alterosa,13717,27.083181453670626,3.97,36.61,475.99,48.22,11.0,6.04,0.668
3102050,MG,Alto Caparaó,5297,25.165187842174817,2.81,33.77,505.1,55.42,11.99,9.29,0.661
3102100,MG,Alto Rio Doce,12159,58.30249198124846,11.63,55.13,323.95,46.32,15.78,5.61,0.62
3102209,MG,Alvarenga,4444,52.317731773177314,17.78,59.7,312.46,45.69,19.29,11.79,0.592
3102308,MG,Alvinópolis,15261,25.083546294476115,2.03,40.29,460.96,30.15,11.97,8.73,0.676
3102407,MG,Alvorada de Minas,3546,59.10885504794134,23.12,70.0,277.99,43.48,22.29,7.83,0.572
3102506,MG,Amparo do Serra,5053,47.71422917078963,9.31,51.23,368.72,48.91,18.03,15.56,0.641
3102605,MG,Andradas,37270,24.802790448081566,0.45,13.64,754.39,33.96,8.96,2.97,0.734
3102704,MG,Cachoeira de Pajeú,8959,50.206496260743386,20.34,67.78,265.27,38.64,29.68,6.3,0.578
3102803,MG,Andrelândia,12173,19.411813028834306,2.54,37.15,534.68,28.5,11.52,8.31,0.7
3102852,MG,Angelândia,8003,49.5689116581282,10.41,63.27,322.8,59.03,28.17,10.0,0.597
3102902,MG,Antônio Carlos,11114,29.584308079899227,3.62,42.6,457.02,25.03,12.37,8.45,0.683
3103009,MG,Antônio Dias,9565,51.15525352848928,6.35,54.29,387.61,30.44,16.95,8.28,0.645
3103108,MG,Antônio Prado de Minas,1671,39.97606223818073,1.1,38.78,529.54,38.5,11.63,10.29,0.684
3103207,MG,Araçaí,2243,20.50824788230049,2.31,35.79,482.4,27.99,11.07,14.75,0.695
3103306,MG,Aracitaba,2058,20.262390670553938,7.22,51.08,351.6,35.51,13.46,27.58,0.661
3103405,MG,Araçuaí,36013,34.926276622330825,13.63,53.99,410.67,30.38,18.83,7.42,0.663
3103504,MG,Araguari,109801,6.573710621943333,0.88,17.01,798.63,12.95,5.05,5.7,0.773
3103603,MG,Arantina,2823,6.730428622033298,2.65,42.87,411.16,18.36,10.99,23.13,0.697
3103702,MG,Araponga,8152,62.696270853778216,8.88,55.46,328.75,73.61,23.99,7.35,0.536
3103751,MG,Araporã,6144,4.00390625,0.36,26.25,536.04,11.25,8.88,19.81,0.708
3103801,MG,Arapuá,2775,24.756756756756758,0.95,17.32,696.47,41.05,8.51,11.6,0.724
3103900,MG,Araújos,7883,13.586198147913231,0.3,16.75,599.3,15.7,8.58,5.46,0.698
3104007,MG,Araxá,93672,1.481766162780767,0.78,12.91,883.88,8.39,4.43,5.65,0.772
3104106,MG,Arceburgo,9509,13.986749395309706,0.53,17.81,576.68,35.4,11.41,3.55,0.683
3104205,MG,Arcos,36597,7.202776183840205,0.65,19.04,691.16,7.52,5.2,1.79,0.749
3104304,MG,Areado,13731,16.065836428519408,0.99,23.62,622.83,34.94,7.67,5.19,0.727
3104403,MG,Argirita,2901,24.439848328162704,1.66,32.77,442.45,23.38,11.11,9.45,0.643
3104452,MG,Aricanduva,4770,64.46540880503144,21.54,66.9,249.75,65.04,23.67,12.92,0.582
3104502,MG,Arinos,17674,38.58775602580061,15.34,58.72,349.52,36.32,16.29,9.38,0.656
3104601,MG,Astolfo Dutra,13049,8.943214039389991,2.09,19.78,572.06,9.12,7.38,7.22,0.694
3104700,MG,Ataléia,14455,50.197163611207195,11.89,59.63,317.64,51.36,27.67,4.11,0.588
3104809,MG,Augusto de Lima,4960,41.04838709677419,1.97,47.68,384.1,36.29,15.54,10.24,0.656
3104908,MG,Baependi,18307,27.639700660949362,4.46,39.2,497.21,17.39,10.7,5.54,0.681
3105004,MG,Baldim,7913,35.96613168204221,1.97,41.59,458.08,34.95,10.05,9.17,0.671
3105103,MG,Bambuí,22734,14.995161432216063,0.92,16.47,777.46,23.02,8.05,6.17,0.741
3105202,MG,Bandeira,4987,52.33607379185883,11.24,60.13,302.0,52.69,32.83,10.63,0.599
3105301,MG,Bandeira do Sul,5338,8.76732858748595,0.25,18.54,554.52,21.99,10.47,5.48,0.692
3105400,MG,Barão de Cocais,28442,9.338302510371985,3.66,27.61,546.85,5.54,4.97,6.26,0.722
3105509,MG,Barão de Monte Alto,5720,28.024475524475523,6.23,51.5,377.1,29.91,17.66,10.54,0.649
3105608,MG,Barbacena,126284,8.485635551613823,1.7,27.84,854.27,7.51,5.76,9.82,0.769
3105707,MG,Barra Longa,6143,62.347387270063486,7.57,54.38,362.62,47.58,16.94,9.41,0.624
3105905,MG,Barroso,19599,3.1634267054441554,3.06,36.22,535.1,6.63,6.86,7.2,0.734
3106002,MG,Bela Vista de Minas,10004,6.25749700119952,3.08,36.97,440.23,6.4,7.32,5.51,0.674
3106101,MG,Belmiro Braga,3403,67.70496620628857,1.48,39.43,464.5,37.33,13.67,10.37,0.66
3106200,MG,Belo Horizonte,2375151,0.0,0.79,13.89,1497.29,0.49,2.99,6.75,0.81
3106309,MG,Belo Oriente,23397,15.878104030431253,4.04,32.89,470.05,11.33,12.47,12.59,0.686
3106408,MG,Belo Vale,7536,56.27653927813164,4.4,34.49,524.03,34.72,9.15,9.06,0.655
3106507,MG,Berilo,12300,68.39024390243902,14.57,57.55,295.62,53.25,22.43,7.08,0.628
3106606,MG,Bertópolis,4498,39.28412627834593,17.7,67.04,288.77,48.53,31.05,7.27,0.594
3106655,MG,Berizal,4370,43.1350114416476,12.47,63.76,261.24,50.94,27.03,12.31,0.604
3106705,MG,Betim,378089,0.7294578789650056,1.58,23.98,660.56,1.79,5.7,4.75,0.749
3106804,MG,Bias Fortes,3793,60.479831268125494,5.17,49.98,344.35,52.17,15.89,10.17,0.62
3106903,MG,Bicas,13653,5.097780707536805,2.67,26.15,735.0,7.12,6.9,8.23,0.744
3107000,MG,Biquinhas,2630,37.68060836501901,3.81,27.71,565.37,40.38,11.71,18.15,0.688
3107109,MG,Boa Esperança,38516,16.421746806521966,0.83,29.91,599.17,28.65,8.22,7.03,0.704
3107208,MG,Bocaina de Minas,5007,52.146994208108644,1.57,33.71,501.73,33.67,18.79,7.32,0.645
3107307,MG,Bocaiúva,46654,21.550135036652804,6.24,46.75,451.54,27.19,13.43,9.41,0.7
3107406,MG,Bom Despacho,45624,5.832456601788532,0.66,17.99,809.9,12.59,6.2,8.61,0.75
3107505,MG,Bom Jardim de Minas,6501,14.228580218427934,4.29,40.67,464.99,25.91,12.45,9.7,0.673
3107604,MG,Bom Jesus da Penha,3887,27.3218420375611,1.1,23.57,607.73,54.31,11.87,4.5,0.735
3107703,MG,Bom Jesus do Amparo,5491,54.17956656346749,1.93,42.27,472.21,31.63,10.78,8.71,0.683
3107802,MG,Bom Jesus do Galho,15364,34.75657380890393,11.71,51.31,368.0,48.65,19.92,9.04,0.623
3107901,MG,Bom Repouso,10457,45.691881036626185,5.17,39.16,447.85,59.83,11.61,6.97,0.653
3108008,MG,Bom Sucesso,17243,17.682537841442905,1.29,33.57,551.39,37.57,13.13,4.69,0.692
3108107,MG,Bonfim,6818,51.12936344969199,5.02,38.42,512.94,36.51,13.28,8.39,0.637
3108206,MG,Bonfinópolis de Minas,5865,29.462915601023017,4.75,41.66,472.15,32.32,13.88,13.37,0.678
3108255,MG,Bonito de Minas,9673,77.16323787863124,35.66,78.09,195.65,59.81,29.85,12.0,0.537
3108305,MG,Borda da Mata,17118,19.862133426802195,1.14,25.24,635.37,20.59,8.66,5.02,0.73
3108404,MG,Botelhos,14920,23.820375335120644,0.74,24.78,630.12,51.43,9.71,6.53,0.702
3108503,MG,Botumirim,6497,46.590734185008465,20.02,69.32,230.25,56.94,18.73,14.63,0.602
3108552,MG,Brasilândia de Minas,14226,13.03247574862927,3.04,41.16,444.35,28.85,11.45,7.23,0.674
3108602,MG,Brasília de Minas,31213,33.761573703264666,11.79,59.24,360.93,37.45,16.7,10.77,0.656
3108701,MG,Brás Pires,4637,52.05952124218245,16.37,54.28,299.02,51.25,14.73,8.21,0.625
3108800,MG,Braúnas,5030,68.33001988071571,9.56,54.88,416.84,43.77,19.8,10.85,0.624
3108909,MG,Brasópolis,14661,46.17693199645318,1.64,33.74,613.88,34.23,10.73,5.15,0.692
3109006,MG,Brumadinho,33973,15.691872957937186,1.51,19.94,910.31,9.89,6.77,7.38,0.747
3109105,MG,Bueno Brandão,10892,47.9067205288285,3.95,35.6,491.08,53.21,10.96,5.53,0.658
3109204,MG,Buenópolis,10292,24.533618344345122,7.8,42.49,456.55,33.31,16.57,13.16,0.669
3109253,MG,Bugre,3992,61.64829659318637,6.59,51.69,338.39,41.95,20.09,5.19,0.627
3109303,MG,Buritis,22737,29.190306548797114,7.48,45.61,505.59,30.95,16.42,10.1,0.672
3109402,MG,Buritizeiro,26922,12.227917688136097,4.83,50.45,340.72,36.34,15.01,7.17,0.624
3109451,MG,Cabeceira Grande,6453,17.914148458081513,6.38,44.7,424.47,47.31,15.67,10.06,0.648
3109501,MG,Cabo Verde,13823,44.823844317441946,1.57,26.93,571.6,64.84,11.08,2.89,0.674
3109600,MG,Cachoeira da Prata,3654,3.4482758620689653,0.33,24.71,583.28,4.92,4.06,11.51,0.741
3109709,MG,Cachoeira de Minas,11034,35.97969911183614,3.33,31.51,527.44,42.08,9.05,4.86,0.706
3109808,MG,Cachoeira Dourada,2505,11.177644710578843,0.11,15.89,606.15,15.83,12.98,36.91,0.726
3109907,MG,Caetanópolis,10218,17.899784693677823,1.66,29.4,531.65,14.27,5.49,6.98,0.706
3110004,MG,Caeté,40750,13.040490797546012,1.53,29.02,586.16,8.93,5.41,3.28,0.728
3110103,MG,Caiana,4968,47.30273752012882,4.82,40.96,406.23,64.27,14.35,11.26,0.633
3110202,MG,Cajuri,4047,48.20854954287126,7.8,54.21,333.45,39.97,12.35,13.38,0.617
3110301,MG,Caldas,13633,43.23333088828578,2.42,26.44,627.21,39.07,8.56,3.25,0.687
3110400,MG,Camacho,3154,53.77298668357641,3.14,41.08,425.8,62.02,13.87,14.09,0.69
3110509,MG,Camanducaia,21080,26.61764705882353,1.92,26.93,649.49,19.25,11.55,4.94,0.689
3110608,MG,Cambuí,26488,15.588190878888554,1.39,18.86,712.9,14.54,7.67,4.38,0.751
3110707,MG,Cambuquira,12602,17.02110776067291,1.92,32.27,588.83,31.68,9.75,7.8,0.699
3110806,MG,Campanário,3564,25.617283950617285,3.61,56.58,350.46,29.04,19.29,5.66,0.616
3110905,MG,Campanha,15433,13.652562690338884,0.87,26.3,686.16,33.56,8.49,5.39,0.709
3111002,MG,Campestre,20686,47.02214057816881,0.54,26.13,669.87,54.04,9.13,4.45,0.698
3111101,MG,Campina Verde,19324,25.310494721589734,3.12,22.39,681.73,28.8,8.5,2.51,0.704
3111150,MG,Campo Azul,3684,57.899022801302934,21.32,69.07,244.97,48.96,23.67,12.36,0.621
3111200,MG,Campo Belo,51544,5.6611826788763,1.14,24.66,646.71,13.05,9.17,3.15,0.711
3111309,MG,Campo do Meio,11476,12.347507842453817,2.69,34.49,472.71,48.22,10.82,7.48,0.683
3111408,MG,Campo Florido,6870,24.192139737991265,3.23,21.72,774.88,43.97,9.24,9.72,0.706
3111507,MG,Campos Altos,14206,9.101787976911165,0.58,20.93,587.21,46.23,10.51,8.99,0.702
3111606,MG,Campos Gerais,27600,30.594202898550726,1.05,33.66,503.91,57.93,12.25,6.23,0.682
3111705,MG,Canaã,4628,59.831460674157306,7.59,45.03,439.71,56.45,15.54,5.53,0.649
3111804,MG,Canápolis,11365,10.426748790145183,1.13,22.51,711.27,28.52,15.54,6.66,0.722
3111903,MG,Cana Verde,5589,27.214170692431562,1.23,36.36,463.1,39.47,12.94,12.95,0.65
3112000,MG,Candeias,14595,30.071942446043167,1.45,27.56,621.22,43.43,14.74,5.54,0.678
3112059,MG,Cantagalo,4195,40.905840286054826,7.27,50.73,329.9,38.39,16.83,7.76,0.631
3112109,MG,Caparaó,5209,61.489729314647725,5.29,49.97,364.52,67.91,15.48,3.4,0.624
3112208,MG,Capela Nova,4755,55.16298633017876,10.52,54.77,338.43,48.71,11.41,8.29,0.648
3112307,MG,Capelinha,34803,28.876820963710024,9.53,49.21,432.55,36.8,20.69,8.44,0.653
3112406,MG,Capetinga,7089,16.504443504020312,0.69,27.71,549.97,47.09,12.01,4.82,0.675
3112505,MG,Capim Branco,8881,8.906654656007206,1.0,28.29,497.48,11.37,6.87,8.85,0.695
3112604,MG,Capinópolis,15290,6.4617396991497715,2.25,23.12,834.14,21.44,13.31,9.06,0.723
3112653,MG,Capitão Andrade,4925,27.451776649746193,6.11,51.18,403.35,41.0,18.87,11.39,0.624
3112703,MG,Capitão Enéas,14206,18.90750387160355,9.96,66.24,282.97,30.37,19.99,12.17,0.639
3112802,MG,Capitólio,8183,20.54258829280215,0.51,17.53,658.77,21.51,7.54,4.04,0.71
3112901,MG,Caputira,9030,58.15060908084164,15.33,58.14,353.65,67.44,14.15,8.17,0.615
3113008,MG,Caraí,22343,67.81542317504363,22.93,72.16,244.29,51.25,29.16,8.97,0.558
3113107,MG,Caranaíba,3288,64.23357664233576,11.08,50.42,319.88,44.17,9.64,4.53,0.634
3113206,MG,Carandaí,23346,22.020902938404866,3.03,39.52,495.09,23.77,7.7,7.76,0.697
3113305,MG,Carangola,32296,19.31198910081744,3.51,30.28,618.24,21.71,10.75,7.87,0.695
3113404,MG,Caratinga,85239,17.32188317554171,4.75,34.36,610.29,17.73,10.16,8.63,0.706
3113503,MG,Carbonita,9148,26.344556187144732,9.52,51.48,373.05,43.3,20.67,12.97,0.638
3113602,MG,Careaçu,6298,25.341378215306445,0.54,31.12,504.96,32.97,13.82,8.67,0.683
3113701,MG,Carlos Chagas,20069,35.40286013254273,7.09,49.5,432.37,31.52,23.63,8.29,0.648
3113800,MG,Carmésia,2446,46.402289452166805,8.24,45.9,404.76,28.99,16.35,22.28,0.65
3113909,MG,Carmo da Cachoeira,11836,24.248056775937815,1.26,30.6,525.35,47.49,10.69,6.13,0.655
3114006,MG,Carmo da Mata,10927,21.204356181934656,0.6,23.97,551.21,22.57,8.86,3.1,0.689
3114105,MG,Carmo de Minas,13750,25.89818181818182,2.32,35.1,511.95,31.28,11.49,4.48,0.682
3114204,MG,Carmo do Cajuru,20012,13.35198880671597,0.92,22.95,606.19,19.2,6.76,6.1,0.71
3114303,MG,Carmo do Paranaíba,29735,15.251387254077686,2.8,25.04,678.13,30.82,9.23,8.34,0.705
3114402,MG,Carmo do Rio Claro,20426,29.687652991285617,0.72,27.02,685.17,41.24,9.39,3.52,0.733
3114501,MG,Carmópolis de Minas,17048,30.660488033786955,0.8,25.83,599.63,23.05,5.55,5.4,0.7
3114550,MG,Carneirinho,9471,26.354133671206842,2.54,20.27,847.07,29.47,12.31,3.42,0.741
3114600,MG,Carrancas,3948,33.83991894630193,5.56,39.61,576.62,32.46,8.59,9.31,0.725
3114709,MG,Carvalhópolis,3341,26.39928165219994,0.59,25.44,579.4,46.2,8.78,10.2,0.724
3114808,MG,Carvalhos,4556,46.51009657594381,3.63,43.51,506.24,45.71,16.12,7.49,0.646
3114907,MG,Casa Grande,2244,50.0,3.98,47.39,351.47,43.36,6.22,14.4,0.652
3115003,MG,Cascalho Rico,2857,37.13685684284214,0.21,17.41,769.71,55.75,6.83,15.34,0.721
3115102,MG,Cássia,17412,18.326441534573856,0.84,20.16,717.84,31.17,11.32,1.51,0.704
3115201,MG,Conceição da Barra de Minas,3954,29.362670713201823,2.14,35.5,511.91,44.42,8.83,10.41,0.685
3115300,MG,Cataguases,69757,4.267672061585217,1.57,24.84,699.57,5.31,5.96,2.77,0.751
3115359,MG,Catas Altas,4846,12.50515889393314,1.21,26.23,502.15,12.46,6.55,11.3,0.684
3115409,MG,Catas Altas da Noruega,3462,58.72328134026574,7.59,57.71,309.82,40.67,14.68,11.57,0.6
3115458,MG,Catuji,6708,74.77638640429338,25.29,74.03,221.41,52.47,27.14,8.12,0.54
3115474,MG,Catuti,5102,41.63073304586437,21.74,64.78,265.76,45.95,30.92,20.22,0.621
3115508,MG,Caxambu,21705,2.0870767104353836,1.04,28.12,963.25,7.89,6.33,6.67,0.743
3115607,MG,Cedro do Abaeté,1210,14.62809917355372,2.08,35.77,431.2,40.96,15.19,19.07,0.678
3115706,MG,Central de Minas,6772,17.39515652687537,8.61,49.84,494.1,23.86,21.39,13.15,0.665
3115805,MG,Centralina,10266,9.273329436976427,2.51,31.11,468.15,20.24,12.61,2.34,0.678
3115904,MG,Chácara,2792,31.840974212034386,1.03,39.26,456.42,27.47,12.42,6.08,0.664
3116001,MG,Chalé,5645,50.68201948627104,5.26,42.52,418.8,53.2,17.32,11.6,0.655
3116100,MG,Chapada do Norte,15189,62.51234445980644,18.6,58.83,279.92,53.5,27.53,12.52,0.598
3116159,MG,Chapada Gaúcha,10805,46.68209162424803,20.16,63.98,282.53,52.27,18.39,9.59,0.635
3116209,MG,Chiador,2785,46.642728904847395,0.88,28.59,808.78,20.65,11.9,6.92,0.711
3116308,MG,Cipotânea,6547,53.963647472124634,15.48,59.13,317.62,43.12,13.82,9.87,0.579
3116407,MG,Claraval,4542,44.29766622633201,1.62,25.39,575.11,40.55,8.55,6.5,0.698
3116506,MG,Claro dos Poções,7775,32.463022508038584,8.23,49.74,337.07,51.6,18.16,10.72,0.67
3116605,MG,Cláudio,25771,17.91548639944123,0.96,16.24,625.88,11.69,5.22,4.52,0.709
3116704,MG,Coimbra,7054,26.90671959172101,2.46,41.97,454.81,38.81,10.78,7.09,0.669
3116803,MG,Coluna,9024,57.73492907801418,12.77,59.7,315.0,54.38,22.53,7.93,0.583
3116902,MG,Comendador Gomes,2972,49.25975773889637,2.09,25.3,635.2,43.65,9.27,9.26,0.697
3117009,MG,Comercinho,8298,57.25476018317667,21.44,63.17,271.4,55.97,26.14,12.61,0.593
3117108,MG,Conceição da Aparecida,9820,36.87372708757638,1.31,28.1,579.34,59.21,9.49,7.5,0.691
3117207,MG,Conceição das Pedras,2749,45.107311749727174,4.19,43.36,434.68,62.42,10.0,12.6,0.668
3117306,MG,Conceição das Alagoas,23043,9.386798593933081,1.2,21.09,770.02,16.86,9.17,7.88,0.712
3117405,MG,Conceição de Ipanema,4456,65.8213644524237,8.97,42.12,497.4,61.49,15.89,5.13,0.676
3117504,MG,Conceição do Mato Dentro,17908,31.488720125083763,9.23,51.33,384.42,33.34,19.44,7.62,0.634
3117603,MG,Conceição do Pará,5158,60.934470725087245,1.04,22.79,576.48,23.25,9.74,11.74,0.7
3117702,MG,Conceição do Rio Verde,12949,11.545293072824157,0.94,39.44,533.38,40.53,13.99,6.74,0.665
3117801,MG,Conceição dos Ouros,10388,21.80400462071621,0.68,25.73,509.52,15.67,7.28,4.61,0.703
3117836,MG,Cônego Marinho,7101,73.03196732854528,26.83,67.82,245.64,55.21,20.65,9.89,0.621
3117876,MG,Confins,5936,0.0,1.12,22.43,647.2,8.25,5.22,11.29,0.747
3117900,MG,Congonhal,10468,25.917080626671762,4.4,26.46,553.81,27.03,10.52,2.45,0.712
3118007,MG,Congonhas,48519,2.644324903645994,1.28,22.56,760.35,2.98,4.76,8.21,0.753
3118106,MG,Congonhas do Norte,4943,47.44082540967024,19.07,63.79,270.3,37.87,28.81,13.85,0.568
3118205,MG,Conquista,6526,13.101440392277045,1.04,19.53,678.21,24.04,11.06,11.06,0.729
3118304,MG,Conselheiro Lafaiete,116512,4.502540510848668,1.12,19.61,781.59,3.52,3.72,5.23,0.761
3118403,MG,Conselheiro Pena,22242,20.865929322902616,7.72,47.57,445.95,30.79,17.41,7.54,0.662
3118502,MG,Consolação,1727,44.99131441806601,3.28,37.39,395.33,59.88,13.73,10.45,0.673
3118601,MG,Contagem,603442,0.33839209070631476,1.15,17.95,824.3,0.95,3.74,3.87,0.756
3118700,MG,Coqueiral,9289,29.07740338034234,2.55,40.36,495.77,53.59,8.96,7.19,0.694
3118809,MG,Coração de Jesus,26033,43.279683478661696,13.79,64.34,287.28,45.91,19.62,6.11,0.642
3118908,MG,Cordisburgo,8667,31.221876081689167,3.05,42.16,440.09,32.07,11.52,9.25,0.656
3119005,MG,Cordislândia,3435,19.737991266375545,1.77,40.59,468.59,58.37,14.99,12.37,0.66
3119104,MG,Corinto,23914,11.374090490925818,6.92,42.61,499.56,18.98,10.75,9.48,0.68
3119203,MG,Coroaci,10270,49.55209347614411,13.69,54.16,362.9,35.7,16.74,9.03,0.626
3119302,MG,Coromandel,27547,21.35259737902494,0.93,21.01,753.35,34.1,8.59,5.92,0.708
3119401,MG,Coronel Fabriciano,103694,1.2527243620653075,2.38,25.09,685.48,1.99,6.45,5.16,0.755
3119500,MG,Coronel Murta,9117,26.58769332017111,14.16,65.47,291.66,45.6,21.29,13.32,0.627
3119609,MG,Coronel Pacheco,2983,28.092524304391553,2.51,29.93,525.62,24.31,12.18,11.14,0.669
3119708,MG,Coronel Xavier Chaves,3301,45.4710693729173,5.22,39.65,518.32,24.43,6.38,6.35,0.677
3119807,MG,Córrego Danta,3391,38.42524329106458,1.85,30.23,561.81,47.01,9.65,14.97,0.692
3119906,MG,Córrego do Bom Jesus,3730,45.06702412868633,2.31,27.43,501.15,38.29,12.77,4.34,0.692
3119955,MG,Córrego Fundo,5790,23.488773747841105,1.58,24.81,477.36,19.0,10.02,7.6,0.678
3120003,MG,Córrego Novo,3127,34.82571154461145,9.31,51.71,327.06,49.82,23.01,23.67,0.632
3120102,MG,Couto de Magalhães de Minas,4204,8.777354900095148,11.82,54.28,333.91,13.68,12.52,18.08,0.659
3120151,MG,Crisólita,6047,42.30196791797586,12.4,66.2,294.11,58.32,38.27,7.84,0.585
3120201,MG,Cristais,11286,21.62856636540847,3.46,25.57,780.18,32.69,10.4,5.88,0.692
3120300,MG,Cristália,5760,46.99652777777778,27.17,76.64,200.51,55.98,21.74,6.3,0.583
3120409,MG,Cristiano Otoni,5007,16.996205312562413,3.92,38.03,458.68,20.07,6.49,10.21,0.695
3120508,MG,Cristina,10210,41.67482859941234,3.12,41.64,442.25,34.24,9.94,3.02,0.668
3120607,MG,Crucilândia,4757,37.37649779272651,3.01,35.91,464.17,36.13,14.61,6.64,0.651
3120706,MG,Cruzeiro da Fortaleza,3934,14.56532791052364,2.8,31.43,707.8,52.7,11.65,8.41,0.696
3120805,MG,Cruzília,14591,8.943869508601193,2.37,38.3,520.72,21.81,11.09,10.38,0.695
3120839,MG,Cuparaque,4680,16.987179487179485,8.42,51.73,381.64,32.4,23.1,10.74,0.627
3120870,MG,Curral de Dentro,6913,15.564877766526834,16.95,68.41,279.64,28.67,26.6,9.44,0.585
3120904,MG,Curvelo,74219,9.211926865088454,2.07,35.67,581.65,16.01,8.35,6.66,0.713
3121001,MG,Datas,5211,40.74074074074074,6.87,53.82,313.84,45.22,11.62,12.15,0.616
3121100,MG,Delfim Moreira,7971,62.04993099987455,2.23,42.61,454.36,38.65,9.82,5.38,0.669
3121209,MG,Delfinópolis,6830,29.048316251830162,0.76,24.81,632.28,17.03,11.01,0.58,0.74
3121258,MG,Delta,8089,6.243046112003956,2.0,24.55,523.34,8.53,13.92,0.64,0.639
3121308,MG,Descoberto,4768,14.66023489932886,6.85,29.41,477.97,10.24,9.02,9.52,0.68
3121407,MG,Desterro de Entre Rios,7002,48.643244787203656,8.62,49.0,348.88,44.87,15.22,9.22,0.639
3121506,MG,Desterro do Melo,3015,53.89718076285241,10.05,50.25,373.25,52.73,18.76,11.07,0.631
3121605,MG,Diamantina,45880,12.676547515257193,5.06,41.96,597.41,13.78,9.97,10.53,0.716
3121704,MG,Diogo de Vasconcelos,3848,71.43970893970894,20.92,63.57,291.48,55.85,18.87,3.91,0.601
3121803,MG,Dionísio,8739,18.011214097722853,4.8,40.32,461.02,33.13,12.43,7.79,0.702
3121902,MG,Divinésia,3293,33.95080473732159,3.56,37.09,441.49,26.24,9.91,12.56,0.657
3122009,MG,Divino,19133,43.57392985940522,9.13,50.55,426.94,54.15,15.04,4.92,0.605
3122108,MG,Divino das Laranjeiras,4937,16.791573830261292,4.44,46.59,388.4,34.12,19.82,15.44,0.661
3122207,MG,Divinolândia de Minas,7024,17.995444191343964,7.04,51.63,340.1,33.66,15.08,11.13,0.623
3122306,MG,Divinópolis,213016,2.581965673939986,0.36,13.6,868.57,3.04,3.99,5.49,0.764
3122355,MG,Divisa Alegre,5884,3.2460910944935417,10.35,58.53,341.94,15.43,24.22,18.2,0.608
3122405,MG,Divisa Nova,5763,19.15668922436231,1.71,30.58,484.91,58.87,14.92,6.35,0.67
3122454,MG,Divisópolis,8974,28.649431691553378,9.9,60.84,290.45,48.93,27.89,12.84,0.609
3122470,MG,Dom Bosco,3814,46.198217094913474,5.31,44.91,394.72,52.88,17.04,11.85,0.673
3122504,MG,Dom Cavati,5209,11.556920714148589,4.36,33.1,485.9,15.96,13.33,8.0,0.688
3122603,MG,Dom Joaquim,4535,35.567805953693494,13.44,55.62,355.58,42.03,18.1,13.97,0.622
3122702,MG,Dom Silvério,5196,21.901462663587374,2.31,31.75,488.84,24.41,10.53,8.72,0.709
3122801,MG,Dom Viçoso,2994,66.66666666666667,2.61,45.45,371.63,46.37,10.79,15.52,0.687
3122900,MG,Dona Eusébia,6001,14.464255957340443,0.82,22.42,563.76,13.52,9.2,6.08,0.701
3123007,MG,Dores de Campos,9299,9.05473706850199,0.9,26.66,520.98,3.78,7.5,7.65,0.686
3123106,MG,Dores de Guanhães,5223,68.94505073712426,8.89,52.81,361.09,34.71,20.74,14.15,0.636
3123205,MG,Dores do Indaiá,13778,8.448250834663957,1.22,22.46,663.62,22.9,11.72,7.87,0.719
3123304,MG,Dores do Turvo,4462,54.50470640968176,5.04,52.49,363.3,49.48,16.25,16.74,0.629
3123403,MG,Doresópolis,1440,21.38888888888889,3.73,32.04,461.8,44.82,6.97,16.29,0.692
3123502,MG,Douradoquara,1841,33.02552960347637,1.94,22.48,640.34,36.91,7.81,10.17,0.706
3123528,MG,Durandé,7423,52.21608514077866,3.53,43.72,392.68,57.16,19.45,10.21,0.645
3123601,MG,Elói Mendes,25220,19.214908802537668,1.47,28.97,577.5,31.12,12.07,4.47,0.685
3123700,MG,Engenheiro Caldas,10280,19.01750972762646,6.05,49.27,407.77,24.92,19.63,9.68,0.644
3123809,MG,Engenheiro Navarro,7122,33.30525133389497,8.13,51.91,332.37,45.44,18.97,11.73,0.655
3123858,MG,Entre Folhas,5175,24.85024154589372,8.37,53.94,373.1,43.69,15.36,7.1,0.634
3123908,MG,Entre Rios de Minas,14242,30.641763797219493,4.5,35.51,527.33,20.19,8.51,6.18,0.672
3124005,MG,Ervália,17946,47.23058063078123,5.13,42.61,429.35,52.89,16.09,5.26,0.625
3124104,MG,Esmeraldas,60271,6.729604619136898,3.61,36.29,452.62,9.08,9.28,4.06,0.671
3124203,MG,Espera Feliz,22856,37.985649282464124,7.24,37.95,496.04,46.48,14.82,7.04,0.663
3124302,MG,Espinosa,31113,42.07244560151705,12.73,58.41,299.13,37.91,25.32,5.91,0.627
3124401,MG,Espírito Santo do Dourado,4429,62.00045156920298,1.72,25.72,486.55,54.73,11.87,6.97,0.685
3124500,MG,Estiva,10845,54.82710926694329,1.07,24.56,547.01,59.34,9.72,0.57,0.691
3124609,MG,Estrela Dalva,2470,27.894736842105264,2.78,35.49,701.83,29.46,17.54,5.86,0.71
3124708,MG,Estrela do Indaiá,3516,21.01820250284414,0.0,34.67,547.21,38.37,14.35,19.13,0.676
3124807,MG,Estrela do Sul,7446,18.654311039484288,1.68,23.56,600.41,48.27,12.13,11.43,0.696
3124906,MG,Eugenópolis,10540,29.743833017077797,4.5,36.05,486.46,30.51,12.76,6.25,0.675
3125002,MG,Ewbank da Câmara,3753,7.8337330135891285,1.19,42.14,391.34,6.92,11.14,8.1,0.676
3125101,MG,Extrema,28599,9.007307947830343,0.37,14.35,745.21,6.85,6.6,3.65,0.732
3125200,MG,Fama,2350,35.53191489361702,0.51,25.73,624.24,39.73,10.51,7.67,0.717
3125309,MG,Faria Lemos,3376,30.924170616113745,2.82,42.34,544.77,43.81,15.3,15.27,0.687
3125408,MG,Felício dos Santos,5142,56.651108518086346,16.19,59.12,274.2,49.47,19.11,11.51,0.606
3125507,MG,São Gonçalo do Rio Preto,3056,36.06020942408377,8.54,55.95,321.22,34.32,19.15,17.04,0.64
3125606,MG,Felisburgo,6877,26.01425039988367,17.6,63.93,290.8,38.53,30.06,13.93,0.583
3125705,MG,Felixlândia,14121,22.654202960130302,3.38,39.46,459.52,34.96,10.96,7.85,0.648
3125804,MG,Fernandes Tourinho,3030,33.46534653465346,5.57,51.74,351.58,40.67,23.73,12.39,0.646
3125903,MG,Ferros,10837,53.02205407400572,10.45,51.98,392.08,47.4,23.1,10.59,0.603
3125952,MG,Fervedouro,10349,53.966566818050055,14.99,59.71,301.55,55.25,16.12,8.02,0.58
3126000,MG,Florestal,6600,16.606060606060606,1.47,20.8,741.46,26.73,6.93,13.26,0.724
3126109,MG,Formiga,65128,8.661405232772386,1.25,18.61,746.8,10.85,6.48,4.58,0.755
3126208,MG,Formoso,8177,36.73718967836615,13.71,56.79,370.41,42.12,21.35,9.29,0.64
3126307,MG,Fortaleza de Minas,4098,28.013665202537823,3.08,25.82,562.53,31.33,9.63,11.92,0.67
3126406,MG,Fortuna de Minas,2705,31.053604436229204,1.04,36.38,459.52,23.84,9.19,17.93,0.696
3126505,MG,Francisco Badaró,10248,68.86221701795472,14.05,60.11,286.56,65.46,24.06,6.76,0.622
3126604,MG,Francisco Dumont,4863,34.258688052642405,9.87,56.85,326.7,43.6,20.46,8.69,0.625
3126703,MG,Francisco Sá,24912,40.20150931278099,11.22,61.17,344.32,39.41,22.58,8.71,0.654
3126752,MG,Franciscópolis,5800,58.6551724137931,17.39,60.14,296.76,60.26,33.19,9.93,0.603
3126802,MG,Frei Gaspar,5879,67.40942337132165,11.29,61.98,275.62,56.84,31.04,10.85,0.59
3126901,MG,Frei Inocêncio,8920,24.170403587443946,6.1,49.95,389.61,20.39,19.13,10.78,0.648
3126950,MG,Frei Lagonegro,3329,81.4358666266146,29.9,69.54,201.83,58.6,24.3,14.77,0.543
3127008,MG,Fronteira,14041,6.7374118652517625,0.44,24.03,598.68,19.73,11.17,2.87,0.684
3127057,MG,Fronteira dos Vales,4687,35.18241945807553,14.77,65.89,255.11,45.31,33.76,15.8,0.592
3127073,MG,Fruta de Leite,5940,65.72390572390573,20.49,69.76,241.93,64.37,37.41,15.41,0.544
3127107,MG,Frutal,53468,13.800778035460462,2.19,18.84,752.01,18.98,6.86,2.93,0.73
3127206,MG,Funilândia,3855,47.367055771725035,9.44,49.04,360.59,24.53,13.96,7.55,0.655
3127305,MG,Galiléia,6951,18.112501798302404,5.52,47.63,442.14,24.8,20.79,12.99,0.654
3127339,MG,Gameleiras,5139,72.50437828371278,22.37,64.82,258.85,53.05,27.77,8.97,0.65
3127354,MG,Glaucilândia,2962,64.61850101282917,8.98,59.7,293.97,53.16,14.0,12.74,0.679
3127370,MG,Goiabeira,3053,18.99770717327219,7.46,47.51,398.14,26.43,23.95,13.77,0.647
3127388,MG,Goianá,3659,18.857611369226564,0.69,31.52,558.09,24.76,11.15,10.97,0.716
3127404,MG,Gonçalves,4220,72.41706161137441,2.55,32.22,519.03,36.8,14.08,5.69,0.683
3127503,MG,Gonzaga,5921,45.33018071271745,20.86,65.96,258.04,34.56,21.28,10.06,0.606
3127602,MG,Gouveia,11681,29.552264360928003,5.92,49.18,382.78,21.55,9.11,7.76,0.681
3127701,MG,Governador Valadares,263689,3.9398685572777024,2.36,29.84,678.74,4.69,8.06,8.62,0.727
3127800,MG,Grão Mogol,15024,64.11741214057508,14.71,60.75,293.87,38.63,20.67,8.29,0.604
3127909,MG,Grupiara,1373,14.566642388929353,1.16,28.9,548.38,26.63,8.27,35.83,0.731
3128006,MG,Guanhães,31262,18.684025334271638,4.33,42.54,560.99,21.98,12.88,9.0,0.686
3128105,MG,Guapé,13872,48.28431372549019,1.19,30.65,487.68,43.65,9.1,10.44,0.679
3128204,MG,Guaraciaba,10223,68.52196028563044,10.17,52.46,373.48,52.07,18.89,7.78,0.623
3128253,MG,Guaraciama,4718,35.88384908859686,6.73,55.55,306.99,61.1,18.93,12.32,0.677
3128303,MG,Guaranésia,18714,10.035267714010901,0.81,20.57,598.17,31.13,11.95,4.93,0.701
3128402,MG,Guarani,8678,20.765153261120073,2.11,31.86,568.73,19.47,12.5,5.9,0.677
3128501,MG,Guarará,3929,11.249681852888775,2.31,34.77,457.9,14.55,9.19,8.26,0.652
3128600,MG,Guarda-Mor,6565,43.82330540746382,3.3,31.39,660.72,52.2,11.39,11.07,0.69
3128709,MG,Guaxupé,49430,5.968035605907343,0.51,20.43,746.7,16.95,6.33,3.19,0.751
3128808,MG,Guidoval,7206,27.851790174854287,0.83,25.6,512.85,18.67,11.71,8.79,0.683
3128907,MG,Guimarânia,7265,18.458362009635238,2.78,33.87,552.31,37.25,9.7,7.63,0.693
3129004,MG,Guiricema,8707,51.475824049615255,2.36,34.31,469.56,42.59,13.58,7.01,0.674
3129103,MG,Gurinhatã,6137,56.134919341697895,5.39,31.26,587.76,49.69,15.66,9.53,0.68
3129202,MG,Heliodora,6121,27.62620486848554,0.21,34.47,474.0,53.9,13.81,6.89,0.657
3129301,MG,Iapu,10315,30.54774600096946,8.95,48.87,427.85,31.66,17.59,8.2,0.654
3129400,MG,Ibertioga,5036,31.354249404289117,5.36,51.63,347.21,37.1,14.97,12.13,0.657
3129509,MG,Ibiá,23218,15.384615384615385,1.33,21.8,781.68,31.34,6.83,4.24,0.718
3129608,MG,Ibiaí,7839,23.408598035463708,18.46,65.43,269.24,47.08,20.28,5.84,0.614
3129657,MG,Ibiracatu,6155,49.26076360682372,25.91,69.43,225.72,48.0,28.18,16.37,0.591
3129707,MG,Ibiraci,12176,32.58869908015769,0.51,21.94,609.71,43.26,10.03,3.89,0.706
3129806,MG,Ibirité,158954,0.22899706833423505,1.73,28.22,525.64,1.24,6.37,3.28,0.704
3129905,MG,Ibitiúra de Minas,3382,29.923122412773505,0.6,31.01,479.81,47.06,12.16,5.02,0.674
3130002,MG,Ibituruna,2866,13.293789253314724,1.03,43.28,426.36,50.42,11.41,14.12,0.675
3130051,MG,Icaraí de Minas,10746,72.21291643402196,20.77,64.64,277.4,49.26,16.9,7.99,0.624
3130101,MG,Igarapé,34851,6.28389429284669,2.6,28.03,570.58,6.12,7.82,5.49,0.698
3130200,MG,Igaratinga,9264,17.13082901554404,0.22,21.31,556.96,13.06,7.62,3.85,0.651
3130309,MG,Iguatama,8029,16.36567443019056,1.42,21.39,604.59,24.38,5.85,12.22,0.707
3130408,MG,Ijaci,5859,4.33521078682369,0.79,29.92,495.95,17.37,7.36,4.6,0.714
3130507,MG,Ilicínea,11488,20.821727019498606,0.86,29.34,500.79,45.01,10.14,5.09,0.68
3130556,MG,Imbé de Minas,6424,68.15068493150685,13.44,58.04,281.68,65.65,18.6,5.96,0.553
3130606,MG,Inconfidentes,6908,46.75738274464389,2.52,29.8,579.13,30.23,9.07,5.03,0.692
3130655,MG,Indaiabira,7330,62.59208731241473,13.97,63.6,286.93,54.18,35.35,12.21,0.61
3130705,MG,Indianópolis,6190,34.474959612277864,0.91,31.27,499.36,56.57,11.82,10.91,0.674
3130804,MG,Ingaí,2629,37.99923925446938,0.53,34.28,602.08,48.54,8.7,12.92,0.697
3130903,MG,Inhapim,24294,42.40141598748662,8.6,47.93,434.81,46.41,16.3,7.55,0.658
3131000,MG,Inhaúma,5760,26.979166666666668,2.55,35.69,477.55,17.08,9.14,9.95,0.702
3131109,MG,Inimutaba,6724,29.46162998215348,3.02,45.39,389.93,30.04,13.32,5.49,0.664
3131158,MG,Ipaba,16708,10.055063442662197,3.63,38.33,403.9,12.43,12.67,6.57,0.665
3131208,MG,Ipanema,18170,21.849201981287838,5.38,42.62,518.1,25.93,15.06,7.34,0.693
3131307,MG,Ipatinga,239468,1.0439808241602218,1.13,19.79,862.91,0.75,5.3,4.46,0.771
3131406,MG,Ipiaçu,4107,8.911614317019723,1.34,29.37,550.98,32.75,16.92,16.58,0.696
3131505,MG,Ipuiúna,9521,21.772923012288626,2.43,23.49,719.24,43.44,12.65,4.72,0.686
3131604,MG,Iraí de Minas,6467,20.24122467914025,0.96,26.34,642.98,46.47,9.21,13.39,0.695
3131703,MG,Itabira,109783,6.801599519051219,1.54,24.5,744.61,5.88,6.69,4.6,0.756
3131802,MG,Itabirinha,10692,21.717171717171716,5.39,49.86,390.33,29.32,21.79,8.49,0.653
3131901,MG,Itabirito,45449,4.143105458865982,0.59,16.3,784.55,3.32,4.23,4.45,0.73
3132008,MG,Itacambira,4988,79.83159582999198,21.87,58.76,277.92,52.74,17.5,16.6,0.628
3132107,MG,Itacarambi,17720,22.127539503386004,10.67,60.0,321.22,32.14,19.43,15.08,0.641
3132206,MG,Itaguara,12372,23.003556417717427,0.97,24.37,610.65,18.99,8.57,5.15,0.691
3132305,MG,Itaipé,11798,58.103068316663844,17.1,61.53,277.8,56.52,27.2,7.37,0.552
3132404,MG,Itajubá,90658,8.70744997683602,1.03,19.72,948.2,3.54,4.14,4.22,0.787
3132503,MG,Itamarandiba,32175,31.66122766122766,11.13,54.09,374.21,41.26,20.55,10.93,0.646
3132602,MG,Itamarati de Minas,4079,21.30424123559696,0.54,24.8,540.7,23.28,7.94,9.83,0.688
3132701,MG,Itambacuri,22809,33.71476171686615,10.0,55.6,370.48,31.67,23.02,7.97,0.634
3132800,MG,Itambé do Mato Dentro,2283,60.227770477441965,4.77,51.07,345.17,42.78,20.41,1.72,0.634
3132909,MG,Itamogi,10349,25.026572615711665,1.06,32.55,502.2,54.06,11.38,3.48,0.674
3133006,MG,Itamonte,14003,31.357566235806612,1.44,27.83,604.91,20.38,6.38,7.03,0.705
3133105,MG,Itanhandu,14175,15.873015873015873,1.27,20.4,706.47,15.88,4.88,4.72,0.739
3133204,MG,Itanhomi,11856,27.71592442645074,10.76,44.83,474.77,31.72,18.76,6.15,0.65
3133303,MG,Itaobim,21001,24.865482596066855,9.48,55.43,362.88,23.94,22.6,8.62,0.629
3133402,MG,Itapagipe,13656,30.008787346221443,3.08,18.2,741.95,31.01,6.84,7.64,0.723
3133501,MG,Itapecerica,21377,22.80020582869439,0.98,23.72,594.71,19.17,11.71,2.76,0.713
3133600,MG,Itapeva,8664,47.93397968605725,1.54,23.97,620.04,21.18,10.97,5.78,0.72
3133709,MG,Itatiaiuçu,9928,37.33883964544722,0.81,31.21,490.54,20.91,10.23,6.37,0.677
3133758,MG,Itaú de Minas,14945,2.562730010036802,0.83,15.09,913.39,6.13,5.24,3.14,0.776
3133808,MG,Itaúna,85463,5.864526169219428,0.58,14.65,847.74,3.79,4.42,3.66,0.758
3133907,MG,Itaverava,5799,55.76823590274185,8.86,51.82,363.06,46.27,16.82,8.26,0.627
3134004,MG,Itinga,14407,54.508225168320955,19.56,67.99,260.0,46.34,24.12,11.29,0.6
3134103,MG,Itueta,5830,43.41337907375643,6.9,48.75,429.77,52.96,16.41,2.2,0.635
3134202,MG,Ituiutaba,97171,4.163793724465118,1.14,17.07,824.46,8.98,8.94,6.42,0.739
3134301,MG,Itumirim,6139,23.3751425313569,2.43,40.13,533.39,21.91,6.29,10.63,0.726
3134400,MG,Iturama,34456,5.392384490364523,0.69,17.3,753.23,12.07,9.23,5.86,0.747
3134509,MG,Itutinga,3913,29.568106312292358,4.16,32.81,634.33,37.39,6.9,5.92,0.727
3134608,MG,Jaboticatubas,17134,37.317614100618655,5.65,35.66,602.48,18.39,11.53,7.83,0.681
3134707,MG,Jacinto,12134,24.20471402670183,11.51,56.58,325.42,43.97,29.39,7.64,0.62
3134806,MG,Jacuí,7502,39.08291122367369,2.2,22.64,558.14,50.67,11.32,6.69,0.668
3134905,MG,Jacutinga,22772,16.230458457755137,1.66,15.82,717.25,15.19,7.52,2.84,0.715
3135001,MG,Jaguaraçu,2990,28.494983277591974,1.18,30.13,508.65,13.12,10.95,15.23,0.679
3135050,MG,Jaíba,33587,47.49456635007592,6.79,49.21,376.73,45.0,20.02,4.26,0.638
3135076,MG,Jampruca,5067,35.10953226761397,10.97,56.78,344.6,46.9,24.76,10.82,0.609
3135100,MG,Janaúba,66803,9.330419292546742,4.07,47.86,468.29,21.88,15.42,9.96,0.696
3135209,MG,Januária,65463,36.877320012831674,18.51,58.34,359.19,29.85,18.95,12.55,0.658
3135308,MG,Japaraíba,3939,35.26275704493526,0.96,20.87,541.09,24.21,7.51,8.71,0.721
3135357,MG,Japonvar,8298,63.24415521812485,18.31,65.15,254.77,52.41,24.38,11.85,0.608
3135407,MG,Jeceaba,5395,44.61538461538461,13.66,41.31,401.99,16.64,8.53,10.69,0.661
3135456,MG,Jenipapo de Minas,7116,59.48566610455312,12.32,57.18,309.77,48.12,25.5,15.53,0.624
3135506,MG,Jequeri,12848,43.236301369863014,11.63,54.46,348.73,54.9,17.33,8.19,0.601
3135605,MG,Jequitaí,8005,31.242973141786383,8.4,53.97,345.53,43.87,21.65,8.83,0.643
3135704,MG,Jequitibá,5156,61.92785104732351,5.34,44.68,1007.03,41.91,10.11,3.22,0.689
3135803,MG,Jequitinhonha,24131,29.29841282996975,11.33,56.52,376.03,36.66,27.33,8.77,0.615
3135902,MG,Jesuânia,4768,35.10906040268456,1.28,38.34,533.26,48.22,11.64,11.06,0.658
3136009,MG,Joaíma,14941,31.242888695535775,19.72,66.95,281.18,45.37,31.13,10.01,0.587
3136108,MG,Joanésia,5425,61.99078341013825,11.43,51.37,369.24,39.11,20.62,9.72,0.626
3136207,MG,João Monlevade,73610,0.4523841869311235,1.91,24.13,724.4,2.2,4.34,2.83,0.758
3136306,MG,João Pinheiro,45260,18.77817057003977,3.28,33.7,562.24,29.46,11.7,5.84,0.697
3136405,MG,Joaquim Felício,4305,41.32404181184669,4.95,50.81,433.58,36.81,16.69,10.61,0.637
3136504,MG,Jordânia,10324,30.0561797752809,8.91,58.42,362.77,40.79,26.62,7.32,0.628
3136520,MG,José Gonçalves de Minas,4553,75.00549088513068,9.11,50.02,328.27,60.96,21.27,14.2,0.632
3136553,MG,José Raydan,4376,64.16819012797075,13.47,56.18,327.01,54.08,24.55,10.15,0.617
3136579,MG,Josenópolis,4566,46.47393780113885,18.99,67.9,232.47,61.72,32.11,16.52,0.564
3136603,MG,Nova União,5555,48.2988298829883,5.6,43.85,387.68,28.87,13.39,10.46,0.662
3136652,MG,Juatuba,22202,1.6890370236915593,2.93,36.07,517.18,6.7,9.14,4.87,0.717
3136702,MG,Juiz de Fora,516247,1.1368589066861405,0.88,17.73,1050.88,2.63,3.4,7.17,0.778
3136801,MG,Juramento,4113,44.76051543885242,5.32,55.49,335.93,44.97,17.4,13.53,0.669
3136900,MG,Juruaia,9238,51.13660965576965,1.03,17.22,1122.1,43.03,6.89,3.81,0.723
3136959,MG,Juvenília,5708,23.055360896986684,27.96,73.67,223.32,37.32,25.36,18.57,0.592
3137007,MG,Ladainha,16994,74.63810756737672,28.95,71.95,226.72,63.51,32.37,7.72,0.541
3137106,MG,Lagamar,7600,32.526315789473685,3.42,31.81,592.95,39.14,11.71,9.7,0.718
3137205,MG,Lagoa da Prata,45984,2.274704244954767,0.8,18.59,707.01,7.13,6.87,2.83,0.732
3137304,MG,Lagoa dos Patos,4225,27.124260355029588,9.02,58.69,321.11,43.86,17.42,22.08,0.634
3137403,MG,Lagoa Dourada,12256,43.79079634464752,1.77,42.24,522.62,43.99,6.27,4.9,0.676
3137502,MG,Lagoa Formosa,17161,24.43913524852864,1.88,22.07,693.25,43.84,11.65,8.41,0.703
3137536,MG,Lagoa Grande,8631,25.755995828988528,2.53,33.14,543.58,47.13,11.99,11.86,0.679
3137601,MG,Lagoa Santa,52520,6.799314546839299,0.91,17.88,1089.96,2.88,4.94,10.49,0.777
3137700,MG,Lajinha,19609,37.52868580753736,6.72,42.03,482.87,49.57,18.27,9.57,0.661
3137809,MG,Lambari,19554,28.219290170809042,2.21,30.68,597.16,26.41,7.96,5.32,0.711
3137908,MG,Lamim,3452,56.228273464658166,8.0,44.47,386.1,42.85,14.18,11.92,0.655
3138005,MG,Laranjal,6465,26.71307037896365,1.55,31.23,601.49,24.14,11.26,5.88,0.714
3138104,MG,Lassance,6484,40.12954966070327,7.14,51.59,364.3,49.13,16.16,16.58,0.629
3138203,MG,Lavras,92200,4.711496746203904,0.62,17.0,889.65,6.03,4.35,7.88,0.782
3138302,MG,Leandro Ferreira,3205,32.85491419656786,1.25,22.39,649.92,27.53,12.56,12.2,0.71
3138351,MG,Leme do Prado,4804,63.343047460449625,7.81,46.29,338.71,26.29,18.99,18.79,0.67
3138401,MG,Leopoldina,51130,10.612165069430862,2.44,32.81,609.5,9.04,7.41,5.15,0.726
3138500,MG,Liberdade,5346,27.62813318368874,4.86,46.38,546.79,31.56,15.87,9.38,0.672
3138609,MG,Lima Duarte,16149,23.44417610997585,2.11,37.72,645.22,26.1,11.7,8.03,0.71
3138625,MG,Limeira do Oeste,6890,27.18432510885341,6.71,27.68,595.92,19.04,13.57,8.54,0.71
3138658,MG,Lontra,8397,32.95224484935096,13.47,62.69,312.77,44.28,24.16,14.01,0.646
3138674,MG,Luisburgo,6234,70.54860442733397,14.15,52.65,355.95,74.38,16.07,9.14,0.608
3138682,MG,Luislândia,6400,53.296875,20.59,73.46,273.73,46.11,21.44,15.85,0.614
3138708,MG,Luminárias,5422,23.16488380671339,0.78,32.63,474.29,37.45,9.95,8.84,0.678
3138807,MG,Luz,17486,10.162415646803156,1.16,20.97,720.88,20.85,8.6,9.19,0.724
3138906,MG,Machacalis,6976,17.58887614678899,9.22,54.6,350.63,29.98,25.28,9.4,0.64
3139003,MG,Machado,38688,17.111248966087675,1.29,25.65,701.58,32.98,8.59,4.13,0.715
3139102,MG,Madre de Deus de Minas,4904,23.89885807504078,3.39,41.44,508.21,41.82,7.29,10.78,0.699
3139201,MG,Malacacheta,18776,37.057946314443974,12.71,57.09,353.28,44.35,27.59,10.45,0.618
3139250,MG,Mamonas,6321,55.51336813795285,22.5,56.91,269.87,50.53,30.65,6.32,0.618
3139300,MG,Manga,19813,30.106495735123403,21.28,71.79,387.71,36.97,25.7,9.03,0.642
3139409,MG,Manhuaçu,79574,18.51735491492196,2.82,32.05,592.99,27.51,9.17,6.46,0.689
3139508,MG,Manhumirim,21382,20.292769619305957,2.59,37.02,547.24,31.35,13.65,6.47,0.697
3139607,MG,Mantena,27111,21.58902290583158,6.4,42.1,505.08,20.92,16.45,5.93,0.675
3139706,MG,Maravilhas,7163,31.648750523523663,2.08,35.69,442.51,29.92,8.49,11.06,0.672
3139805,MG,Mar de Espanha,11749,8.50285130649417,0.23,20.7,598.93,9.36,8.47,8.36,0.684
3139904,MG,Maria da Fé,14216,41.031232414181204,3.28,44.37,445.11,27.32,8.39,2.25,0.702
3140001,MG,Mariana,54219,12.13043398070787,3.57,30.71,641.84,6.92,6.97,6.9,0.742
3140100,MG,Marilac,4219,18.867030101919887,4.55,56.31,354.33,36.82,21.24,14.31,0.615
3140159,MG,Mário Campos,13192,5.563978168587022,2.18,31.83,551.93,11.31,8.81,7.6,0.699
3140209,MG,Maripá de Minas,2788,18.72309899569584,0.69,23.26,510.92,12.27,11.2,11.92,0.68
3140308,MG,Marliéria,4012,29.112662013958126,2.29,42.23,401.74,26.04,12.1,15.76,0.657
3140407,MG,Marmelópolis,2968,47.54043126684636,4.65,54.9,367.73,44.48,11.06,10.6,0.65
3140506,MG,Martinho Campos,12611,12.695266037586235,1.33,27.14,579.07,30.37,9.52,7.3,0.669
3140530,MG,Martins Soares,7173,59.19420047399972,3.61,43.36,376.88,73.11,16.85,5.45,0.635
3140555,MG,Mata Verde,7874,18.872237744475488,8.73,61.79,298.19,48.39,33.04,13.45,0.581
3140605,MG,Materlândia,4595,56.235038084874866,17.23,64.13,255.52,51.49,24.81,16.52,0.597
3140704,MG,Mateus Leme,27856,11.405083285468121,5.03,35.1,579.23,9.59,8.33,3.0,0.704
3140803,MG,Matias Barbosa,13435,3.6546334201711947,2.09,29.23,633.76,6.31,6.98,5.77,0.72
3140852,MG,Matias Cardoso,9979,48.53191702575408,16.66,67.7,303.0,46.95,24.92,10.74,0.616
3140902,MG,Matipó,17639,21.58285617098475,3.6,49.21,403.48,51.38,16.11,7.21,0.631
3141009,MG,Mato Verde,12684,25.42573320719016,9.02,54.1,343.76,39.04,23.05,8.05,0.662
3141108,MG,Matozinhos,33955,9.064938889706966,1.84,24.34,584.15,5.49,6.07,6.56,0.731
3141207,MG,Matutina,3761,28.396703004520074,2.02,24.64,820.03,33.77,12.39,12.14,0.707
3141306,MG,Medeiros,3444,43.43786295005807,0.33,17.18,715.52,52.46,6.4,14.75,0.711
3141405,MG,Medina,21026,28.22220108437173,16.49,56.18,388.82,31.31,24.35,7.05,0.624
3141504,MG,Mendes Pimentel,6331,45.42726267572264,7.77,53.51,372.96,36.85,26.08,12.63,0.626
3141603,MG,Mercês,10368,30.015432098765434,5.53,41.87,561.75,31.55,15.0,7.4,0.664
3141702,MG,Mesquita,6069,37.07365299060801,7.56,42.76,424.12,36.78,20.37,12.2,0.656
3141801,MG,Minas Novas,30794,59.13489640839124,13.05,56.27,334.06,39.81,25.52,6.81,0.633
3141900,MG,Minduri,3840,11.5625,7.75,50.31,404.95,25.42,8.69,6.71,0.658
3142007,MG,Mirabela,13042,23.109952461278944,10.93,59.84,326.06,38.32,18.91,11.07,0.665
3142106,MG,Miradouro,10251,44.678567944590775,9.36,43.42,443.39,44.16,14.66,7.21,0.663
3142205,MG,Miraí,13808,24.659617612977982,1.93,36.84,493.91,16.54,12.03,5.53,0.68
3142254,MG,Miravânia,4549,76.28050120905694,22.08,70.23,235.64,46.33,28.17,17.38,0.593
3142304,MG,Moeda,4689,61.8468756664534,1.2,35.79,477.77,20.09,8.74,6.16,0.638
3142403,MG,Moema,7028,14.058053500284576,0.45,17.06,634.04,20.94,6.91,10.94,0.721
3142502,MG,Monjolos,2360,40.55084745762712,4.44,55.11,360.58,41.49,17.29,27.45,0.65
3142601,MG,Monsenhor Paulo,8161,24.849895846097294,0.64,23.96,555.78,40.17,11.9,5.07,0.721
3142700,MG,Montalvânia,15862,35.44950195435632,19.79,62.66,305.88,35.0,23.8,12.59,0.613
3142809,MG,Monte Alegre de Minas,19619,26.06147102298792,2.36,26.14,619.1,39.38,12.04,8.65,0.674
3142908,MG,Monte Azul,21994,43.539147040101845,13.81,54.07,358.13,41.04,24.34,6.63,0.659
3143005,MG,Monte Belo,13061,30.648495521016766,4.06,31.39,539.84,56.3,11.38,5.36,0.688
3143104,MG,Monte Carmelo,45772,12.391855282705585,0.75,24.42,689.45,20.18,8.09,4.9,0.728
3143153,MG,Monte Formoso,4656,63.487972508591064,32.25,78.16,206.62,49.92,31.94,13.56,0.541
3143203,MG,Monte Santo de Minas,21234,22.657059432984834,0.11,23.77,584.09,39.45,13.43,4.31,0.71
3143302,MG,Montes Claros,361915,4.83207382949035,2.71,33.87,650.62,5.6,6.64,9.69,0.77
3143401,MG,Monte Sião,21203,23.275008253549025,0.67,13.58,760.69,15.21,7.6,0.71,0.724
3143450,MG,Montezuma,7464,58.748660235798496,9.15,60.64,308.78,59.14,24.67,10.1,0.587
3143500,MG,Morada Nova de Minas,8255,21.780738946093276,0.96,27.01,577.61,34.94,9.81,14.12,0.696
3143609,MG,Morro da Garça,2660,42.78195488721804,3.68,54.62,376.88,52.24,11.45,19.05,0.648
3143708,MG,Morro do Pilar,3399,24.065901735804648,6.22,50.72,382.62,34.52,25.39,11.33,0.597
3143807,MG,Munhoz,6257,46.95540994086623,6.81,44.76,412.79,48.24,11.15,3.53,0.647
3143906,MG,Muriaé,100765,7.482756909641244,1.25,23.12,758.46,6.84,8.03,6.06,0.734
3144003,MG,Mutum,26661,48.2765087581111,8.86,45.57,415.41,51.49,19.43,6.22,0.644
3144102,MG,Muzambinho,20430,23.01027900146843,1.23,19.56,719.94,34.78,6.53,5.82,0.74
3144201,MG,Nacip Raydan,3154,37.25428027901078,12.23,57.35,429.34,43.66,24.11,7.45,0.585
3144300,MG,Nanuque,40834,9.90596071900867,4.48,41.74,505.55,14.31,16.57,7.19,0.701
3144359,MG,Naque,6341,5.9927456237186565,4.17,44.47,408.75,20.89,16.74,10.27,0.675
3144375,MG,Natalândia,3280,24.664634146341463,3.62,34.23,431.11,37.02,15.48,16.46,0.671
3144409,MG,Natércia,4658,40.74710176041219,1.04,23.39,541.69,49.35,10.17,7.13,0.693
3144508,MG,Nazareno,7954,23.987930600955494,1.34,40.4,491.13,31.93,9.49,7.29,0.69
3144607,MG,Nepomuceno,25733,22.527493879454397,3.34,32.61,480.79,46.59,11.97,4.12,0.667
3144656,MG,Ninheira,9815,73.27559857361182,30.83,74.12,210.17,48.79,37.61,11.45,0.556
3144672,MG,Nova Belém,3732,63.87995712754555,19.36,65.98,265.9,57.28,25.99,12.41,0.592
3144706,MG,Nova Era,17528,12.026471930625286,3.04,35.21,532.58,6.33,7.25,6.91,0.709
3144805,MG,Nova Lima,80998,2.1803007481666214,0.51,13.67,1731.84,1.13,3.01,3.46,0.813
3144904,MG,Nova Módica,3790,38.57519788918206,10.13,57.66,355.66,40.1,26.1,10.87,0.63
3145000,MG,Nova Ponte,12812,14.2132375897596,1.53,22.38,771.68,29.01,9.44,8.73,0.701
3145059,MG,Nova Porteirinha,7398,44.99864828331982,5.69,57.98,302.09,47.38,20.08,5.45,0.641
3145109,MG,Nova Resende,15374,42.38324443866268,1.44,26.5,576.41,69.55,8.55,3.42,0.671
3145208,MG,Nova Serrana,73699,5.432909537442842,1.18,10.77,659.74,1.99,5.12,2.66,0.715
3145307,MG,Novo Cruzeiro,30725,65.75427176566313,22.06,66.64,264.66,54.68,30.44,7.26,0.571
3145356,MG,Novo Oriente de Minas,10339,57.239578295773285,25.32,65.47,274.37,44.26,34.02,9.9,0.555
3145372,MG,Novorizonte,4963,65.40398952246625,11.54,56.39,299.95,49.64,23.52,10.9,0.616
3145406,MG,Olaria,1976,53.593117408906885,2.15,39.17,423.44,43.49,18.6,17.5,0.636
3145455,MG,Olhos-d'Água,5267,45.58572242263148,5.91,49.98,348.9,51.3,19.72,12.5,0.626
3145505,MG,Olímpio Noronha,2533,11.212001579155151,0.58,36.62,475.23,46.56,15.21,16.11,0.674
3145604,MG,Oliveira,39466,10.847311609993412,1.65,24.91,588.2,17.15,6.46,4.31,0.699
3145703,MG,Oliveira Fortes,2123,44.55958549222798,5.99,48.35,369.25,38.28,17.48,11.06,0.635
3145802,MG,Onça de Pitangui,3055,50.27823240589198,3.0,37.15,446.23,47.07,11.89,6.76,0.663
3145851,MG,Oratórios,4493,27.86556866236368,2.94,42.63,395.74,35.75,16.9,11.07,0.637
3145877,MG,Orizânia,7284,69.50851180669962,27.43,68.47,247.35,68.21,17.33,8.31,0.562
3145901,MG,Ouro Branco,35268,10.374844051264603,0.64,20.26,866.02,3.9,4.98,7.74,0.764
3146008,MG,Ouro Fino,31568,24.724404460212874,1.18,23.53,635.38,26.79,9.11,4.89,0.722
3146107,MG,Ouro Preto,70281,13.03481737596221,2.64,25.0,710.55,6.53,5.23,8.0,0.741
3146206,MG,Ouro Verde de Minas,6016,39.67752659574468,18.83,63.46,298.76,40.66,30.04,14.93,0.595
3146255,MG,Padre Carvalho,5834,40.658210490229685,6.14,61.34,286.32,51.71,29.02,6.2,0.599
3146305,MG,Padre Paraíso,18849,38.88269934744549,23.91,70.11,253.77,32.61,24.6,7.41,0.596
3146404,MG,Paineiras,4631,22.306197365579788,1.34,30.57,589.16,39.07,11.67,13.96,0.669
3146503,MG,Pains,8014,17.544297479411032,0.62,22.28,690.97,17.82,7.89,9.91,0.728
3146552,MG,Pai Pedro,5934,70.525783619818,25.41,74.1,203.93,51.62,34.6,15.1,0.59
3146602,MG,Paiva,1558,21.758664955070603,1.21,33.98,476.35,35.91,13.74,16.07,0.72
3146701,MG,Palma,6545,21.726508785332314,1.95,44.14,494.63,35.64,11.57,10.59,0.703
3146750,MG,Palmópolis,6931,35.24743904198528,15.3,64.73,259.75,50.74,32.41,9.65,0.565
3146909,MG,Papagaios,14175,15.908289241622574,2.16,44.72,455.96,13.83,9.94,5.89,0.666
3147006,MG,Paracatu,84718,12.92051275998017,2.37,30.16,637.8,18.72,8.14,6.61,0.744
3147105,MG,Pará de Minas,84215,5.4812088107819275,0.46,19.02,686.42,8.08,4.13,5.96,0.725
3147204,MG,Paraguaçu,20245,17.614225734749322,1.59,23.09,587.36,31.86,7.7,6.14,0.715
3147303,MG,Paraisópolis,19379,17.137107177872956,1.84,28.65,592.61,13.31,8.78,1.27,0.729
3147402,MG,Paraopeba,22563,12.852900766742012,2.62,30.8,530.79,17.19,6.51,5.44,0.694
3147501,MG,Passabém,1766,42.695356738391844,5.37,41.09,405.19,33.57,19.07,14.98,0.642
3147600,MG,Passa Quatro,15582,23.084328070850983,1.16,32.92,561.44,16.72,6.08,5.47,0.715
3147709,MG,Passa Tempo,8197,22.10564840795413,4.4,34.36,535.96,24.93,8.18,6.66,0.687
3147808,MG,Passa-Vinte,2079,37.22943722943723,2.14,36.72,493.38,49.25,14.31,17.37,0.648
3147907,MG,Passos,106290,5.125599774202653,0.9,18.36,802.97,8.88,5.84,4.11,0.756
3147956,MG,Patis,5579,58.75604947123141,18.28,69.18,244.72,36.55,25.44,13.78,0.614
3148004,MG,Patos de Minas,138710,7.9201211159974045,0.87,17.05,843.57,12.47,5.69,7.77,0.765
3148103,MG,Patrocínio,82471,11.777473293642613,1.1,21.18,720.59,27.11,6.92,5.83,0.729
3148202,MG,Patrocínio do Muriaé,5287,18.517117457915642,2.4,29.48,590.26,23.83,10.27,9.09,0.682
3148301,MG,Paula Cândido,9271,46.75870995577608,5.09,49.42,407.91,46.95,10.65,6.42,0.637
3148400,MG,Paulistas,4918,53.172021146807644,14.88,59.0,321.22,50.27,21.86,5.59,0.625
3148509,MG,Pavão,8589,39.41087437419956,14.97,59.96,333.55,42.09,25.23,7.05,0.627
3148608,MG,Peçanha,17260,47.294322132097335,7.33,54.4,404.21,48.6,21.39,9.02,0.627
3148707,MG,Pedra Azul,23839,11.883887746969252,12.62,62.54,327.18,20.84,21.99,7.66,0.627
3148756,MG,Pedra Bonita,6673,72.9207253109546,19.47,67.35,256.67,79.35,15.84,9.44,0.573
3148806,MG,Pedra do Anta,3365,34.858841010401186,10.98,51.11,418.07,51.54,20.88,12.29,0.624
3148905,MG,Pedra do Indaiá,3875,47.019354838709674,0.08,23.87,578.46,42.32,11.52,10.35,0.708
3149002,MG,Pedra Dourada,2191,40.62072113190324,12.2,53.85,406.3,53.44,14.02,8.27,0.655
3149101,MG,Pedralva,11467,51.48687538152961,3.81,43.67,541.01,43.86,9.48,7.72,0.675
3149150,MG,Pedras de Maria da Cruz,10315,38.65244789142026,13.08,67.75,268.27,49.88,25.48,9.12,0.614
3149200,MG,Pedrinópolis,3490,16.131805157593124,2.33,20.05,702.77,39.85,10.82,13.91,0.729
3149309,MG,Pedro Leopoldo,58740,14.959141981613891,1.99,21.16,721.11,3.71,5.61,5.55,0.757
3149408,MG,Pedro Teixeira,1785,45.938375350140056,6.89,57.08,309.25,46.06,12.18,23.26,0.637
3149507,MG,Pequeri,3165,7.867298578199052,0.0,25.48,593.92,11.27,8.73,10.33,0.694
3149606,MG,Pequi,4076,27.55152109911678,0.6,32.06,522.22,37.27,8.92,16.05,0.674
3149705,MG,Perdigão,8912,11.781867145421902,0.0,10.99,668.59,8.27,7.21,5.58,0.703
3149804,MG,Perdizes,14404,31.026103860038877,1.04,19.82,861.29,49.16,8.73,9.38,0.723
3149903,MG,Perdões,20087,11.504953452481704,0.69,27.6,663.06,21.32,7.92,6.6,0.744
3149952,MG,Periquito,7036,24.829448550312677,8.22,56.72,320.07,30.02,19.24,13.0,0.651
3150000,MG,Pescador,4128,21.051356589147286,9.21,56.89,367.74,33.52,21.31,16.57,0.656
3150109,MG,Piau,2841,41.21788102780711,3.92,36.06,449.68,44.22,14.62,8.95,0.629
3150158,MG,Piedade de Caratinga,7110,35.27426160337553,5.47,49.79,381.36,61.01,19.12,5.23,0.612
3150208,MG,Piedade de Ponte Nova,4062,21.762678483505663,3.77,46.29,368.71,32.26,17.18,13.18,0.639
3150307,MG,Piedade do Rio Grande,4709,26.162667232958164,5.46,43.44,428.95,48.5,14.73,12.06,0.678
3150406,MG,Piedade dos Gerais,4640,54.26724137931034,5.59,41.48,443.35,59.47,15.67,10.43,0.626
3150505,MG,Pimenta,8236,15.67508499271491,1.68,22.95,613.61,42.01,9.18,9.23,0.686
3150539,MG,Pingo-d'Água,4420,8.710407239819004,4.59,57.52,340.91,42.23,18.59,17.34,0.619
3150570,MG,Pintópolis,7211,64.88697822770767,24.76,66.81,260.14,49.02,19.52,9.41,0.594
3150604,MG,Piracema,6406,52.63815173275054,3.31,39.5,444.75,45.58,12.7,8.87,0.646
3150703,MG,Pirajuba,4656,11.275773195876289,3.63,21.31,838.37,18.48,9.55,7.2,0.723
3150802,MG,Piranga,17232,65.42479108635098,14.38,60.27,305.73,45.46,12.63,5.35,0.6
3150901,MG,Piranguçu,5217,66.03411922560859,3.07,36.07,504.1,30.21,11.53,3.55,0.685
3151008,MG,Piranguinho,8016,38.211077844311376,1.82,30.14,523.5,22.48,8.14,7.51,0.717
3151107,MG,Pirapetinga,10364,12.176765727518333,2.26,32.67,550.3,10.04,9.13,7.51,0.709
3151206,MG,Pirapora,53368,1.841927746964473,2.91,39.07,596.44,10.98,7.51,10.94,0.731
3151305,MG,Piraúba,10862,18.85472288712944,0.55,21.88,527.81,15.13,10.18,4.97,0.684
3151404,MG,Pitangui,25311,10.615937734581802,1.67,22.66,669.0,12.66,6.56,6.41,0.725
3151503,MG,Piumhi,31883,10.409936329705486,0.81,18.72,747.2,23.74,7.49,5.99,0.737
3151602,MG,Planura,10384,2.821648690292758,1.35,16.83,669.6,24.26,8.9,3.38,0.712
3151701,MG,Poço Fundo,15959,41.84472711322765,1.73,22.92,644.47,52.78,7.32,6.45,0.691
3151800,MG,Poços de Caldas,152435,2.4357923049168497,0.32,13.21,953.96,4.61,3.88,1.96,0.779
3151909,MG,Pocrane,8986,39.91764967727576,7.88,51.4,365.67,48.58,19.98,6.64,0.626
3152006,MG,Pompéu,29105,11.561587356124377,2.36,35.78,598.83,19.43,10.34,10.25,0.689
3152105,MG,Ponte Nova,57390,10.811988151245862,2.73,27.82,679.67,7.97,7.46,9.05,0.717
3152131,MG,Ponto Chique,3966,34.92183560262229,16.92,60.0,269.28,41.04,17.43,16.96,0.606
3152170,MG,Ponto dos Volantes,11345,64.46892904363156,24.15,66.18,267.46,55.51,30.31,9.13,0.595
3152204,MG,Porteirinha,37627,48.60605416323385,14.33,59.49,320.48,44.48,22.95,4.99,0.651
3152303,MG,Porto Firme,10417,53.62388403571086,8.66,47.48,366.49,46.9,14.31,7.46,0.634
3152402,MG,Poté,15667,40.4033956724325,12.27,60.46,303.44,48.21,27.75,6.49,0.624
3152501,MG,Pouso Alegre,130615,8.44083757608238,0.83,15.03,878.26,7.12,4.21,5.05,0.774
3152600,MG,Pouso Alto,6213,41.12345082890713,2.18,33.37,778.57,31.77,9.03,5.35,0.71
3152709,MG,Prados,8391,29.257537838159934,1.32,41.52,485.2,21.59,7.24,5.9,0.689
3152808,MG,Prata,25802,24.88566777769165,0.83,20.66,782.28,31.59,10.2,3.77,0.695
3152907,MG,Pratápolis,8807,11.513568752128988,1.66,21.84,636.81,23.65,9.28,3.83,0.729
3153004,MG,Pratinha,3265,46.125574272588054,4.61,29.08,663.39,59.23,11.98,6.73,0.721
3153103,MG,Presidente Bernardes,5537,70.3449521401481,9.39,52.77,341.87,53.99,14.69,14.45,0.632
3153202,MG,Presidente Juscelino,3908,52.763561924257935,8.81,50.23,340.94,51.52,21.34,3.42,0.614
3153301,MG,Presidente Kubitschek,2959,31.83507941872254,12.27,59.94,282.93,24.63,14.49,25.36,0.595
3153400,MG,Presidente Olegário,18577,29.213543629218925,3.67,31.07,546.68,51.41,11.54,7.7,0.701
3153509,MG,Alto Jequitibá,8318,48.30488098100505,5.81,45.17,486.73,60.35,11.22,7.02,0.66
3153608,MG,Prudente de Morais,9573,3.906821268150005,2.57,33.19,481.48,6.7,7.03,7.42,0.69
3153707,MG,Quartel Geral,3303,16.25794732061762,3.62,31.03,539.78,30.36,12.89,13.51,0.683
3153806,MG,Queluzito,1861,54.48683503492746,2.78,33.81,513.72,34.16,7.27,10.27,0.682
3153905,MG,Raposos,15342,5.149263459783601,1.57,27.07,646.62,1.11,5.32,3.49,0.73
3154002,MG,Raul Soares,23818,34.990343437736165,5.85,43.81,480.45,40.26,14.74,6.12,0.655
3154101,MG,Recreio,10299,11.904068356151082,2.48,38.51,510.95,14.19,11.96,8.26,0.692
3154150,MG,Reduto,6569,44.46643324706957,7.69,46.37,449.53,51.94,14.29,7.23,0.629
3154200,MG,Resende Costa,10913,19.582149729680197,1.32,31.42,580.66,21.41,6.28,4.3,0.685
3154309,MG,Resplendor,17089,24.910761308444027,6.1,44.61,504.18,28.67,15.73,5.77,0.67
3154408,MG,Ressaquinha,4711,35.83103375079601,1.93,40.28,424.03,45.5,11.5,9.41,0.683
3154457,MG,Riachinho,8007,44.61096540527039,16.98,60.29,290.89,42.23,15.41,11.21,0.632
3154507,MG,Riacho dos Machados,9360,51.93376068376068,11.77,66.27,255.57,49.54,24.28,8.66,0.627
3154606,MG,Ribeirão das Neves,296317,0.7302989703594461,2.21,30.03,479.77,1.24,6.72,4.24,0.684
3154705,MG,Ribeirão Vermelho,3826,7.396759017250392,0.91,23.26,617.88,10.86,5.43,9.71,0.737
3154804,MG,Rio Acima,9090,12.607260726072607,1.93,29.6,582.71,9.11,7.56,4.25,0.673
3154903,MG,Rio Casca,14201,20.18871910428843,3.5,42.57,460.2,19.96,11.96,10.06,0.65
3155009,MG,Rio Doce,2465,32.94117647058823,4.08,45.21,439.86,26.55,15.35,13.82,0.664
3155108,MG,Rio do Prado,5217,47.6710753306498,16.79,64.16,283.37,49.25,26.42,17.14,0.605
3155207,MG,Rio Espera,6070,60.41186161449753,17.81,60.05,286.36,60.84,14.37,8.9,0.602
3155306,MG,Rio Manso,5276,46.73995451099318,0.99,29.23,536.99,47.3,12.19,12.37,0.648
3155405,MG,Rio Novo,8712,13.46418732782369,2.69,33.96,519.69,15.67,10.48,6.12,0.707
3155504,MG,Rio Paranaíba,11885,38.679007151872106,2.02,23.05,727.2,46.97,9.3,8.17,0.709
3155603,MG,Rio Pardo de Minas,29099,59.819925083336194,18.32,60.86,306.96,52.19,25.67,10.06,0.624
3155702,MG,Rio Piracicaba,14149,20.333592480033925,2.84,34.31,516.18,23.19,9.14,7.01,0.685
3155801,MG,Rio Pomba,17110,15.523085914669783,2.36,28.28,601.31,13.51,9.64,5.56,0.714
3155900,MG,Rio Preto,5292,15.89191232048375,4.64,43.12,501.52,22.86,12.95,12.87,0.679
3156007,MG,Rio Vermelho,13645,59.8314400879443,22.5,70.92,271.44,56.2,29.65,8.9,0.558
3156106,MG,Ritápolis,4925,30.82233502538071,1.89,42.37,453.87,28.71,10.15,8.69,0.653
3156205,MG,Rochedo de Minas,2116,9.546313799621927,2.69,27.23,494.36,20.04,10.02,14.11,0.684
3156304,MG,Rodeiro,6867,19.09130624726955,0.0,18.91,635.26,8.17,8.65,4.47,0.668
3156403,MG,Romaria,3596,24.49944382647386,0.39,22.1,716.47,40.87,8.7,15.23,0.708
3156452,MG,Rosário da Limeira,4247,45.93830939486696,2.85,40.18,465.89,37.48,14.89,14.49,0.662
3156502,MG,Rubelita,7772,67.62738033968091,23.36,67.69,248.99,56.48,26.43,17.62,0.582
3156601,MG,Rubim,9919,22.340961790503076,13.67,57.12,311.79,40.67,28.77,8.99,0.609
3156700,MG,Sabará,126269,2.522392669618038,1.51,25.27,619.93,1.65,5.27,4.51,0.731
3156809,MG,Sabinópolis,15704,35.45593479368314,7.64,51.42,420.36,43.46,19.14,9.89,0.638
3156908,MG,Sacramento,23896,19.337964512889187,1.32,15.44,732.35,25.12,6.79,2.18,0.732
3157005,MG,Salinas,39178,21.598856501097554,8.63,48.48,613.65,25.96,18.62,10.31,0.679
3157104,MG,Salto da Divisa,6859,16.18311707245954,14.12,62.78,306.04,23.89,27.98,4.02,0.608
3157203,MG,Santa Bárbara,27876,11.056105610561056,4.76,32.92,535.84,14.49,6.2,4.51,0.707
3157252,MG,Santa Bárbara do Leste,7682,48.268680031241864,10.22,49.12,351.59,59.96,14.42,6.02,0.613
3157278,MG,Santa Bárbara do Monte Verde,2788,42.25251076040172,10.98,48.3,371.34,42.91,15.99,20.47,0.606
3157302,MG,Santa Bárbara do Tugúrio,4570,52.14442013129103,4.7,48.23,370.7,42.03,15.42,10.31,0.637
3157336,MG,Santa Cruz de Minas,7865,0.0,2.15,28.55,485.28,1.42,5.53,7.23,0.706
3157377,MG,Santa Cruz de Salinas,4397,73.82306117807596,24.3,66.01,242.55,68.64,29.12,9.64,0.577
3157401,MG,Santa Cruz do Escalvado,4992,65.34455128205128,5.37,50.45,374.23,55.2,16.69,7.76,0.625
3157500,MG,Santa Efigênia de Minas,4600,33.630434782608695,17.08,58.35,293.27,27.83,21.87,13.91,0.607
3157609,MG,Santa Fé de Minas,3968,42.26310483870968,16.05,65.18,313.25,45.12,20.41,16.61,0.615
3157658,MG,Santa Helena de Minas,6055,37.75392237819983,21.7,73.99,218.43,47.94,34.03,13.19,0.567
3157708,MG,Santa Juliana,11337,13.601481873511512,1.21,14.15,735.0,32.5,7.58,5.5,0.706
3157807,MG,Santa Luzia,202942,0.2779119157197623,2.12,26.31,557.62,1.42,5.08,4.45,0.715
3157906,MG,Santa Margarida,15011,49.197255346079544,15.64,56.47,416.11,62.81,12.78,6.55,0.61
3158003,MG,Santa Maria de Itabira,10552,39.95451099317665,5.34,50.37,382.99,24.17,15.1,7.64,0.648
3158102,MG,Santa Maria do Salto,5284,29.18243754731264,8.33,57.53,321.15,48.07,30.48,12.24,0.613
3158201,MG,Santa Maria do Suaçuí,14395,25.51580409864536,10.42,55.57,401.16,38.75,26.25,9.2,0.64
3158300,MG,Santana da Vargem,7231,27.008712487899324,0.58,23.01,553.7,49.45,9.58,9.25,0.698
3158409,MG,Santana de Cataguases,3622,19.46438431805632,3.58,37.69,437.81,26.57,11.87,12.54,0.694
3158508,MG,Santana de Pirapama,8009,58.40928954925709,5.66,46.46,373.14,57.58,18.83,11.48,0.628
3158607,MG,Santana do Deserto,3860,63.626943005181346,3.5,36.56,484.73,20.61,10.2,3.85,0.651
3158706,MG,Santana do Garambéu,2234,26.05192479856759,6.38,51.57,452.48,51.05,17.84,14.71,0.667
3158805,MG,Santana do Jacaré,4607,3.8853917950944217,2.25,34.19,470.2,45.99,16.23,7.36,0.647
3158904,MG,Santana do Manhuaçu,8582,51.73619202982988,9.82,50.35,383.28,56.97,18.91,7.39,0.621
3158953,MG,Santana do Paraíso,27265,7.386759581881533,3.18,31.5,495.81,6.45,9.97,5.78,0.685
3159001,MG,Santana do Riacho,4023,43.35073328361919,5.57,51.52,432.77,17.87,16.36,11.27,0.665
3159100,MG,Santana dos Montes,3822,40.031397174254316,5.66,46.55,352.48,54.35,11.8,10.91,0.647
3159209,MG,Santa Rita de Caldas,9027,37.35460285809239,0.67,24.19,597.4,41.47,8.78,1.74,0.69
3159308,MG,Santa Rita de Jacutinga,4993,24.81474063689165,4.04,33.25,535.45,36.03,13.14,4.74,0.682
3159357,MG,Santa Rita de Minas,6547,27.08110585000764,4.72,46.6,395.61,36.64,17.39,11.12,0.613
3159407,MG,Santa Rita de Ibitipoca,3583,37.67792352777003,7.93,53.49,391.79,49.06,18.56,14.18,0.63
3159506,MG,Santa Rita do Itueto,5697,59.45234333859926,7.98,51.4,352.98,63.25,20.03,3.66,0.607
3159605,MG,Santa Rita do Sapucaí,37754,14.027652699051757,1.23,21.67,738.4,14.21,9.09,2.3,0.721
3159704,MG,Santa Rosa da Serra,3224,38.80272952853598,3.23,24.58,603.01,57.39,13.4,8.71,0.705
3159803,MG,Santa Vitória,18138,17.708677913772192,1.68,20.18,698.7,25.85,12.95,12.93,0.71
3159902,MG,Santo Antônio do Amparo,17345,12.441625828769098,1.95,40.66,431.56,49.63,13.57,4.05,0.672
3160009,MG,Santo Antônio do Aventureiro,3538,32.815149802148106,1.81,30.62,485.5,33.87,14.51,6.94,0.671
3160108,MG,Santo Antônio do Grama,4085,17.625458996328028,4.2,43.03,393.12,37.38,16.34,13.52,0.633
3160207,MG,Santo Antônio do Itambé,4135,70.25392986698911,20.9,71.31,225.85,59.45,25.68,15.15,0.558
3160306,MG,Santo Antônio do Jacinto,11775,46.004246284501065,23.19,65.51,286.56,54.2,31.77,7.33,0.574
3160405,MG,Santo Antônio do Monte,25975,14.560153994225217,0.52,18.43,781.49,16.28,6.78,4.99,0.724
3160454,MG,Santo Antônio do Retiro,6955,77.13874910136592,39.69,78.4,183.75,68.74,34.48,5.53,0.57
3160504,MG,Santo Antônio do Rio Abaixo,1777,50.028137310073156,13.15,58.66,370.28,36.96,19.87,14.33,0.669
3160603,MG,Santo Hipólito,3238,30.54354539839407,4.31,52.98,431.72,43.44,18.06,11.31,0.657
3160702,MG,Santos Dumont,46284,10.725088583527786,3.44,33.44,578.64,8.21,7.69,5.37,0.741
3160801,MG,São Bento Abade,4577,7.406598208433472,2.44,32.12,458.65,57.44,13.97,4.63,0.672
3160900,MG,São Brás do Suaçuí,3513,10.930828351836038,5.57,31.02,532.9,10.0,5.01,7.06,0.664
3160959,MG,São Domingos das Dores,5408,52.32988165680474,6.05,58.22,338.29,58.03,13.92,9.7,0.638
3161007,MG,São Domingos do Prata,17357,39.47686812237138,4.15,36.07,531.92,32.0,9.4,6.06,0.69
3161056,MG,São Félix de Minas,3382,38.231815493790656,10.99,59.68,312.33,42.25,24.33,11.97,0.62
3161106,MG,São Francisco,53828,36.456862599390654,15.88,62.6,325.23,42.16,19.11,10.65,0.638
3161205,MG,São Francisco de Paula,6483,28.258522289063706,1.42,29.92,484.92,49.81,14.1,5.19,0.66
3161304,MG,São Francisco de Sales,5776,25.0,6.37,24.49,665.68,19.97,11.24,1.49,0.688
3161403,MG,São Francisco do Glória,5178,39.51332560834299,5.43,41.02,449.2,42.05,16.24,10.01,0.663
3161502,MG,São Geraldo,10263,29.163012764298937,3.26,31.45,474.14,24.16,11.08,5.04,0.651
3161601,MG,São Geraldo da Piedade,4389,75.98541809068125,12.24,55.94,391.27,44.87,23.47,11.13,0.6
3161650,MG,São Geraldo do Baixio,3486,30.005737234652898,7.49,48.89,404.81,32.99,22.43,17.39,0.63
3161700,MG,São Gonçalo do Abaeté,6264,33.4610472541507,5.32,36.56,502.57,36.97,12.6,13.55,0.67
3161809,MG,São Gonçalo do Pará,10398,23.44681669551837,1.1,24.86,558.07,13.77,6.98,5.0,0.689
3161908,MG,São Gonçalo do Rio Abaixo,9777,52.449626674849135,5.42,42.35,479.04,13.92,12.53,13.6,0.667
3162005,MG,São Gonçalo do Sapucaí,23906,17.41822136702083,1.46,28.37,648.31,28.48,8.56,4.19,0.715
3162104,MG,São Gotardo,31819,5.525000785694083,0.45,17.97,795.14,41.9,8.55,4.62,0.736
3162203,MG,São João Batista do Glória,6887,18.58574125163351,1.85,18.6,676.07,30.0,10.44,9.76,0.724
3162252,MG,São João da Lagoa,4656,47.70189003436426,15.43,63.82,286.35,63.25,16.98,6.0,0.634
3162302,MG,São João da Mata,2731,35.84767484437935,1.64,28.49,538.08,53.71,11.49,8.97,0.653
3162401,MG,São João da Ponte,25358,65.86481583721114,18.18,65.62,258.77,66.29,31.62,6.91,0.569
3162450,MG,São João das Missões,11715,79.12078531796841,33.88,77.31,181.77,54.82,33.46,13.58,0.529
3162500,MG,São João del Rei,84469,5.459991239389598,1.46,24.15,764.74,6.2,4.18,10.29,0.758
3162559,MG,São João do Manhuaçu,10245,53.08931185944363,8.44,47.95,484.15,64.05,15.27,7.28,0.65
3162575,MG,São João do Manteninha,5188,44.00539707016191,5.49,45.26,385.78,20.49,22.65,7.36,0.64
3162609,MG,São João do Oriente,7874,19.67233934467869,2.74,44.99,404.69,24.21,17.77,12.41,0.648
3162658,MG,São João do Pacuí,4060,52.68472906403941,22.42,68.64,346.53,61.45,24.17,8.27,0.625
3162708,MG,São João do Paraíso,22319,54.14221067252117,11.69,55.63,300.81,43.74,30.17,8.51,0.615
3162807,MG,São João Evangelista,15553,35.009322960200606,9.65,56.12,378.41,30.31,17.94,9.75,0.638
3162906,MG,São João Nepomuceno,25057,4.8768807119766935,1.04,20.72,608.32,7.23,5.62,1.85,0.708
3162922,MG,São Joaquim de Bicas,25537,27.168422289227397,2.89,32.98,498.26,10.69,9.21,8.0,0.662
3162948,MG,São José da Barra,6778,27.795809973443493,0.44,23.32,714.22,25.63,7.04,4.46,0.739
3162955,MG,São José da Lapa,19799,42.42133441082883,1.57,26.95,540.26,3.91,5.81,7.45,0.729
3163003,MG,São José da Safira,4075,27.73006134969325,6.69,59.0,334.87,25.25,25.68,9.77,0.583
3163102,MG,São José da Varginha,4198,43.49690328727966,1.72,30.82,555.77,44.88,7.73,16.69,0.704
3163201,MG,São José do Alegre,3996,27.4024024024024,2.04,33.34,537.13,30.79,10.14,9.4,0.717
3163300,MG,São José do Divino,3834,28.925404277516954,8.71,59.73,396.81,44.64,22.71,9.55,0.658
3163409,MG,São José do Goiabal,5636,34.545777146912705,3.33,43.79,476.92,35.38,13.21,13.68,0.666
3163508,MG,São José do Jacuri,6553,69.38806653441172,13.35,62.8,298.57,52.14,21.85,10.15,0.566
3163607,MG,São José do Mantimento,2592,44.09722222222222,11.83,53.5,359.93,45.12,17.43,18.31,0.657
3163706,MG,São Lourenço,41657,0.0,0.93,21.04,831.32,3.67,4.47,4.32,0.759
3163805,MG,São Miguel do Anta,6760,44.585798816568044,5.76,49.96,370.37,56.68,18.24,9.45,0.644
3163904,MG,São Pedro da União,5040,44.82142857142857,2.08,30.15,549.49,68.63,13.36,5.97,0.674
3164001,MG,São Pedro dos Ferros,8356,18.82479655337482,1.79,45.77,406.87,28.84,16.53,7.61,0.659
3164100,MG,São Pedro do Suaçuí,5570,58.67145421903052,10.07,53.53,358.75,43.27,20.88,12.97,0.622
3164209,MG,São Romão,10276,37.0474892954457,14.2,65.03,307.02,42.63,16.01,12.77,0.64
3164308,MG,São Roque de Minas,6686,36.85312593478911,2.44,24.64,621.11,41.39,10.49,9.88,0.672
3164407,MG,São Sebastião da Bela Vista,4948,41.61277283751011,1.86,23.25,573.43,36.32,15.42,7.05,0.692
3164431,MG,São Sebastião da Vargem Alegre,2798,42.709077912794854,6.65,42.37,406.33,49.37,13.15,15.21,0.66
3164472,MG,São Sebastião do Anta,5739,26.64227217285241,8.26,54.89,327.54,61.17,19.5,10.41,0.607
3164506,MG,São Sebastião do Maranhão,10647,69.47496947496947,20.31,69.48,267.28,58.86,27.38,9.79,0.581
3164605,MG,São Sebastião do Oeste,5805,44.06546080964686,0.49,20.0,545.07,36.36,10.29,4.29,0.626
3164704,MG,São Sebastião do Paraíso,64980,7.736226531240382,0.57,16.69,775.73,15.48,6.71,4.4,0.722
3164803,MG,São Sebastião do Rio Preto,1613,45.69125852448853,6.82,40.59,493.59,32.36,14.94,29.48,0.632
3164902,MG,São Sebastião do Rio Verde,2110,37.39336492890995,5.39,35.98,442.98,27.83,10.61,13.19,0.676
3165008,MG,São Tiago,10561,19.789792633273365,1.14,34.9,486.69,32.55,8.65,3.04,0.662
3165107,MG,São Tomás de Aquino,7093,22.148597208515437,1.81,24.34,593.38,57.77,12.57,6.97,0.7
3165206,MG,São Thomé das Letras,6655,42.04357625845229,2.45,37.22,428.33,23.58,13.78,6.68,0.667
3165305,MG,São Vicente de Minas,7008,15.23972602739726,3.56,42.4,527.55,29.55,7.64,10.43,0.715
3165404,MG,Sapucaí-Mirim,6241,39.38471398814293,2.22,34.54,497.65,19.68,11.19,7.16,0.68
3165503,MG,Sardoá,5594,64.30103682516983,13.31,59.22,321.6,35.3,19.46,11.74,0.636
3165537,MG,Sarzedo,25814,1.092430464089254,0.39,24.46,648.26,4.61,6.23,7.64,0.734
3165552,MG,Setubinha,10885,74.25815342214057,27.11,75.55,224.63,66.21,35.76,7.8,0.542
3165560,MG,Sem-Peixe,2847,47.06708816297857,10.18,45.3,386.22,62.95,16.87,11.91,0.654
3165578,MG,Senador Amaral,5219,40.582487066487836,7.61,44.25,385.29,69.54,13.55,0.77,0.661
3165602,MG,Senador Cortes,1988,23.943661971830984,3.45,39.75,581.34,28.03,12.81,20.0,0.674
3165701,MG,Senador Firmino,7230,35.22821576763486,4.37,41.54,426.49,33.41,10.63,15.58,0.644
3165800,MG,Senador José Bento,1868,63.436830835117775,0.22,30.9,493.87,45.36,12.73,9.07,0.684
3165909,MG,Senador Modestino Gonçalves,4574,60.58154787931788,14.01,62.66,271.55,54.54,26.71,14.34,0.62
3166006,MG,Senhora de Oliveira,5683,42.706317086046106,8.4,53.23,339.95,48.77,13.8,12.6,0.631
3166105,MG,Senhora do Porto,3497,63.22562196168144,9.33,56.44,324.4,50.57,20.29,10.28,0.565
3166204,MG,Senhora dos Remédios,10196,66.35935661043547,12.25,57.06,292.26,59.17,14.74,4.92,0.626
3166303,MG,Sericita,7128,47.839506172839506,7.19,51.51,338.3,66.66,19.17,10.62,0.56
3166402,MG,Seritinga,1789,17.104527669088878,4.33,35.48,476.43,33.56,9.76,16.95,0.66
3166501,MG,Serra Azul de Minas,4220,59.47867298578199,26.35,70.3,226.22,45.59,29.19,5.55,0.557
3166600,MG,Serra da Saudade,815,35.33742331288344,0.26,31.2,494.31,41.03,14.33,42.08,0.677
3166709,MG,Serra dos Aimorés,8412,19.472182596291013,8.24,50.42,464.82,30.54,21.08,10.73,0.651
3166808,MG,Serra do Salitre,10549,26.4859228362878,2.49,25.29,715.23,55.38,9.64,8.78,0.696
3166907,MG,Serrania,7542,12.808273667462212,1.05,37.24,470.34,48.91,14.57,4.87,0.677
3166956,MG,Serranópolis de Minas,4425,60.94915254237288,16.22,58.63,351.46,55.7,25.18,9.48,0.633
3167004,MG,Serranos,1995,22.656641604010026,5.05,49.64,425.18,40.86,17.86,9.42,0.643
3167103,MG,Serro,20835,38.10895128389729,12.6,62.03,457.27,35.35,20.47,7.94,0.656
3167202,MG,Sete Lagoas,214152,2.426314019948448,1.24,21.74,809.26,3.05,4.19,7.59,0.76
3167301,MG,Silveirânia,2192,34.808394160583944,1.77,37.24,441.85,40.18,12.08,14.38,0.652
3167400,MG,Silvianópolis,6027,39.522150323544054,0.87,25.01,647.64,43.11,12.43,6.16,0.699
3167509,MG,Simão Pereira,2537,41.032715806070165,4.03,42.97,442.7,19.98,11.45,4.72,0.638
3167608,MG,Simonésia,18298,61.21980544321784,13.02,48.83,383.01,67.26,18.26,6.59,0.632
3167707,MG,Sobrália,5830,29.176672384219554,12.06,50.13,357.73,37.38,21.33,11.26,0.631
3167806,MG,Soledade de Minas,5676,33.738548273431995,2.76,34.98,526.23,26.29,9.38,7.02,0.697
3167905,MG,Tabuleiro,4079,33.78278989948517,1.63,34.81,503.88,35.96,13.64,11.67,0.681
3168002,MG,Taiobeiras,30917,18.944270142639972,4.88,49.22,426.91,29.31,19.18,8.63,0.67
3168051,MG,Taparuba,3137,55.21198597386038,7.73,46.71,344.16,57.7,19.53,5.06,0.645
3168101,MG,Tapira,4112,33.268482490272376,3.94,19.94,902.0,36.27,7.1,10.89,0.712
3168200,MG,Tapiraí,1873,42.07154297917779,3.61,33.41,517.65,57.52,13.54,11.21,0.667
3168309,MG,Taquaraçu de Minas,3794,53.74275171323142,5.53,41.03,436.05,33.8,15.14,8.07,0.651
3168408,MG,Tarumirim,14293,43.895613237249,8.44,55.35,364.41,38.4,19.22,8.03,0.633
3168507,MG,Teixeiras,11355,32.866578599735796,4.22,42.28,568.91,22.3,10.84,15.02,0.675
3168606,MG,Teófilo Otoni,134745,18.307914950461985,5.47,41.01,615.34,10.67,13.77,9.34,0.701
3168705,MG,Timóteo,81243,0.1464741577735928,1.03,20.41,786.68,1.75,4.72,5.66,0.77
3168804,MG,Tiradentes,6961,22.76971699468467,1.43,26.66,802.39,6.57,6.24,5.46,0.74
3168903,MG,Tiros,6906,30.278019113814075,5.11,30.45,634.3,42.32,11.32,4.74,0.683
3169000,MG,Tocantins,15823,18.416229539278266,1.28,24.2,557.55,16.41,9.32,6.36,0.688
3169059,MG,Tocos do Moji,3950,74.22784810126582,3.8,30.49,489.05,65.9,10.62,5.24,0.696
3169109,MG,Toledo,5764,62.00555170020819,0.91,29.11,486.02,50.35,17.52,6.28,0.661
3169208,MG,Tombos,9537,20.289399182132748,2.46,35.23,621.05,26.44,12.88,8.33,0.718
3169307,MG,Três Corações,72765,9.536178107606679,1.59,28.99,749.86,12.02,7.41,8.08,0.744
3169356,MG,Três Marias,28318,5.219295147962427,2.95,31.43,645.33,14.43,7.72,11.39,0.752
3169406,MG,Três Pontas,53860,14.073523950984033,0.46,27.09,682.15,31.21,9.36,5.92,0.731
3169505,MG,Tumiritinga,6293,31.30462418560305,6.27,51.47,366.89,32.58,18.95,6.22,0.626
3169604,MG,Tupaciguara,24188,8.87216801719861,1.96,26.46,665.76,25.54,10.02,8.12,0.719
3169703,MG,Turmalina,18055,28.40764331210191,7.76,45.82,446.26,30.22,15.98,8.9,0.682
3169802,MG,Turvolândia,4658,37.52683555173894,0.58,25.97,649.97,55.0,11.6,7.01,0.696
3169901,MG,Ubá,101519,3.8248997724563876,0.65,21.77,739.56,2.8,6.11,4.63,0.724
3170008,MG,Ubaí,11681,51.50243985960106,17.48,69.73,247.91,47.28,22.2,8.07,0.609
3170057,MG,Ubaporanga,12040,46.561461794019934,7.99,48.55,342.3,49.09,15.77,6.73,0.614
3170107,MG,Uberaba,295988,2.2338743462572808,0.67,13.63,978.01,5.16,4.4,6.79,0.772
3170206,MG,Uberlândia,604013,2.772622443556678,0.7,12.41,1001.45,3.77,3.94,5.78,0.789
3170305,MG,Umburatiba,2705,42.402957486136785,12.42,55.77,332.13,35.75,28.7,20.57,0.638
3170404,MG,Unaí,77565,19.642880165022884,3.44,28.81,720.51,22.13,9.25,8.07,0.736
3170438,MG,União de Minas,4418,38.297872340425535,4.67,29.67,562.84,48.03,14.82,2.27,0.672
3170479,MG,Uruana de Minas,3235,43.80216383307573,15.36,51.98,360.58,43.53,19.71,10.93,0.664
3170503,MG,Urucânia,10291,22.786901175784667,2.31,43.65,397.46,35.41,16.31,7.65,0.633
3170529,MG,Urucuia,13604,54.682446339311966,12.86,68.87,259.38,41.71,14.73,9.35,0.619
3170578,MG,Vargem Alegre,6461,26.156941649899398,6.71,47.78,407.13,31.58,20.39,14.83,0.631
3170602,MG,Vargem Bonita,2163,47.202958853444294,1.98,27.44,508.67,51.13,8.39,18.0,0.696
3170651,MG,Vargem Grande do Rio Pardo,4733,48.84851045848299,15.35,64.59,265.02,43.15,27.77,5.08,0.634
3170701,MG,Varginha,123081,3.2661418090525753,0.39,16.48,904.57,5.94,4.92,5.48,0.778
3170750,MG,Varjão de Minas,6054,17.06309877766766,3.37,23.9,528.14,43.68,9.58,11.05,0.711
3170800,MG,Várzea da Palma,35809,12.55550280655701,4.81,45.36,413.59,22.32,12.97,8.51,0.666
3170909,MG,Varzelândia,19116,53.42121782799749,22.81,70.09,238.92,52.4,27.06,10.35,0.594
3171006,MG,Vazante,19723,19.287126704862345,2.49,23.18,650.88,22.53,7.87,10.79,0.742
3171030,MG,Verdelândia,8346,42.942727054876585,14.73,72.05,233.27,54.05,30.03,6.48,0.584
3171071,MG,Veredinha,5549,32.077851865200934,14.66,55.31,293.08,47.72,24.17,10.0,0.632
3171105,MG,Veríssimo,3483,41.515934539190354,0.49,31.87,560.98,37.9,13.15,3.77,0.667
3171154,MG,Vermelho Novo,4689,60.50330560887183,15.4,53.18,355.42,68.9,14.27,7.53,0.612
3171204,MG,Vespasiano,104527,0.0,1.02,28.24,539.05,0.93,6.29,4.57,0.688
3171303,MG,Viçosa,72220,6.8055940182774854,1.85,24.16,892.25,8.19,5.93,8.29,0.775
3171402,MG,Vieiras,3731,50.3350308228357,5.13,45.01,386.39,46.3,15.58,12.22,0.668
3171501,MG,Mathias Lobato,3370,9.198813056379821,14.18,66.39,326.18,28.32,22.66,6.8,0.612
3171600,MG,Virgem da Lapa,13619,49.776048168000585,17.76,58.24,305.36,49.88,24.13,10.86,0.61
3171709,MG,Virgínia,8623,54.354632958367155,4.69,45.06,415.41,43.0,13.26,3.94,0.651
3171808,MG,Virginópolis,10572,41.27884979190314,8.34,46.8,423.01,31.57,14.09,8.53,0.675
3171907,MG,Virgolândia,5658,39.87274655355249,12.86,57.29,339.03,46.06,23.22,7.21,0.62
3172004,MG,Visconde do Rio Branco,37942,17.294818407042328,1.22,24.25,658.96,7.56,9.23,6.46,0.709
3172103,MG,Volta Grande,5070,25.009861932938858,5.45,39.93,515.46,20.27,13.03,2.65,0.669
3172202,MG,Wenceslau Braz,2553,50.25460242851547,4.29,42.98,439.73,25.92,5.8,2.9,0.678
3200102,ES,AFONSO CLÁUDIO,31091,49.00453507445884,5.31,40.69,489.59,54.03,15.27,5.97,0.667
3200136,ES,ÁGUIA BRANCA,9519,67.94831389851875,6.72,43.78,487.28,54.17,15.89,7.88,0.678
3200169,ES,ÁGUA DOCE DO NORTE,11771,43.08894741313397,9.88,51.51,377.39,51.92,21.59,7.4,0.652
3200201,ES,ALEGRE,30768,30.083203328133127,3.36,31.29,655.72,29.17,14.4,9.59,0.721
3200300,ES,ALFREDO CHAVES,13955,53.099247581512,1.51,27.58,634.97,51.95,8.33,6.16,0.71
3200359,ES,ALTO RIO NOVO,7317,41.83408500751674,10.43,48.21,413.59,45.13,18.22,1.04,0.664
3200409,ES,ANCHIETA,23902,24.01891055141829,2.19,28.32,608.42,17.11,7.16,10.74,0.73
3200508,ES,APIACÁ,7512,30.630990415335464,7.36,46.4,482.94,37.7,16.29,4.14,0.673
3200607,ES,ARACRUZ,81832,12.685746407273438,3.13,26.82,695.25,11.91,7.96,6.64,0.752
3200706,ES,ATILIO VIVACQUA,9850,37.90862944162436,4.72,34.04,493.81,22.15,11.11,9.76,0.708
3200805,ES,BAIXO GUANDU,29081,22.58863175269076,4.0,36.45,516.34,24.96,14.03,5.28,0.702
3200904,ES,BARRA DE SÃO FRANCISCO,40649,35.15953651996359,6.74,37.13,527.84,30.76,16.77,6.54,0.683
3201001,ES,BOA ESPERANÇA,14199,27.889287978026623,4.67,39.23,460.69,43.76,17.82,7.92,0.679
3201100,ES,BOM JESUS DO NORTE,9476,8.199662304769944,1.54,33.86,584.06,7.63,9.59,6.06,0.734
3201159,ES,BREJETUBA,11915,71.33025597985733,9.41,46.29,402.56,68.83,20.53,6.64,0.656
3201209,ES,CACHOEIRO DE ITAPEMIRIM,189889,8.58396220950134,1.42,23.44,763.71,4.79,6.04,5.19,0.746
3201308,ES,CARIACICA,348738,3.1814714771547696,1.64,25.29,620.89,1.28,6.42,2.78,0.718
3201407,ES,CASTELO,34747,37.2118456269606,1.48,24.63,636.49,31.44,8.9,4.78,0.726
3201506,ES,COLATINA,111788,11.980713493398218,1.12,20.57,788.29,11.84,8.18,3.82,0.746
3201605,ES,CONCEIÇÃO DA BARRA,28449,20.647474427923655,6.78,45.93,450.71,21.08,16.54,8.54,0.681
3201704,ES,CONCEIÇÃO DO CASTELO,11681,49.50774762434723,6.21,35.9,567.83,50.58,12.82,7.98,0.67
3201803,ES,DIVINO DE SÃO LOURENÇO,4516,61.42604074402126,10.34,53.3,383.78,60.64,16.28,7.18,0.632
3201902,ES,DOMINGOS MARTINS,31847,75.69315791126323,3.09,33.22,551.74,58.44,11.66,3.29,0.669
3202009,ES,DORES DO RIO PRETO,6397,44.55213381272471,7.86,45.9,414.87,56.64,18.84,6.81,0.654
3202108,ES,ECOPORANGA,23212,36.33034637256591,8.54,49.63,406.49,42.07,21.79,7.97,0.662
3202207,ES,FUNDÃO,17025,15.547723935389133,1.64,27.9,657.18,18.85,9.92,8.94,0.718
3202256,ES,GOVERNADOR LINDENBERG,10869,61.11877817646518,3.71,33.04,515.11,58.41,12.2,4.49,0.694
3202306,ES,GUAÇUÍ,27851,19.568417651071776,3.33,36.61,587.91,28.55,13.66,7.86,0.703
3202405,ES,GUARAPARI,105286,4.519119351100811,2.05,26.55,830.51,6.72,6.97,5.01,0.731
3202454,ES,IBATIBA,22366,40.18599660198515,4.2,37.82,458.35,54.88,19.17,3.23,0.647
3202504,ES,IBIRAÇU,11178,24.261943102522814,2.06,24.71,764.33,17.11,8.64,9.07,0.726
3202553,ES,IBITIRAMA,8957,64.53053477726918,9.18,52.06,353.86,69.38,20.38,7.76,0.622
3202603,ES,ICONHA,12523,41.890920705901145,1.81,22.87,660.78,30.1,8.74,4.47,0.729
3202652,ES,IRUPI,11723,62.15132645227331,5.41,42.37,481.28,68.59,19.84,4.78,0.637
3202702,ES,ITAGUAÇU,14134,43.01683882835715,1.8,30.91,522.25,57.79,14.21,5.61,0.702
3202801,ES,ITAPEMIRIM,30988,37.621014586291466,3.06,41.94,428.61,28.65,12.34,7.86,0.654
3202900,ES,ITARANA,10881,62.365591397849464,2.08,25.12,607.49,58.6,10.7,3.02,0.684
3203007,ES,IÚNA,27328,42.84250585480094,4.92,41.1,501.21,50.5,16.24,4.89,0.666
3203056,ES,JAGUARÉ,24678,39.08339411621687,4.91,43.26,543.6,50.89,14.76,7.57,0.678
3203106,ES,JERÔNIMO MONTEIRO,10879,21.54609798694733,5.96,38.28,566.32,30.03,13.85,10.26,0.698
3203130,ES,JOÃO NEIVA,15809,19.33708646973243,2.71,21.81,859.01,10.81,8.15,7.64,0.753
3203163,ES,LARANJA DA TERRA,10826,67.41178644005173,10.33,42.51,411.93,70.17,13.98,5.61,0.656
3203205,ES,LINHARES,141306,13.968975131983072,2.52,29.32,711.38,14.71,10.28,7.68,0.724
3203304,ES,MANTENÓPOLIS,13612,36.475168968557156,10.46,49.66,417.83,50.05,19.89,5.06,0.657
3203320,ES,MARATAÍZES,34140,19.115407147041594,5.11,40.92,538.07,25.65,10.37,7.54,0.696
3203346,ES,MARECHAL FLORIANO,14262,47.96662459683074,1.38,23.77,683.63,34.86,10.19,6.59,0.71
3203353,ES,MARILÂNDIA,11107,49.149185198523455,1.64,26.03,510.91,45.89,12.76,4.78,0.696
3203403,ES,MIMOSO DO SUL,25902,37.33302447687437,3.8,37.07,523.04,42.48,13.55,5.51,0.67
3203502,ES,MONTANHA,17849,24.242254468037427,3.68,39.22,547.46,34.35,18.68,3.87,0.667
3203601,ES,MUCURICI,5655,36.51635720601238,6.48,55.45,372.63,44.22,21.36,10.72,0.666
3203700,ES,MUNIZ FREIRE,18397,52.872750992009564,11.58,48.66,421.86,59.59,15.62,4.63,0.645
3203809,ES,MUQUI,14396,35.33620450125035,5.88,40.09,528.68,36.91,12.18,3.95,0.694
3203908,ES,NOVA VENÉCIA,46031,33.02122482674719,2.79,30.8,592.06,35.59,12.22,7.14,0.712
3204005,ES,PANCAS,21548,53.13254130313718,5.29,44.79,451.21,46.15,18.78,3.3,0.667
3204054,ES,PEDRO CANÁRIO,23794,7.316970664873497,6.18,42.92,437.08,26.4,19.64,5.75,0.654
3204104,ES,PINHEIROS,23895,21.66562042268257,5.24,37.84,509.45,40.6,18.48,1.4,0.673
3204203,ES,PIÚMA,18123,3.7190310654968823,3.49,28.05,629.9,9.47,8.06,7.67,0.727
3204252,ES,PONTO BELO,6979,19.931222238143,9.5,51.11,405.19,29.19,23.29,19.6,0.669
3204302,ES,PRESIDENTE KENNEDY,10314,66.64727554779911,7.6,47.09,419.97,33.56,18.36,13.64,0.657
3204351,ES,RIO BANANAL,17530,61.27780946948089,5.63,35.76,550.55,60.9,14.26,6.68,0.681
3204401,ES,RIO NOVO DO SUL,11325,47.496688741721854,2.54,30.1,594.24,28.72,9.55,9.95,0.711
3204500,ES,SANTA LEOPOLDINA,12240,78.63562091503267,10.36,51.7,445.57,64.17,14.14,4.71,0.626
3204559,ES,SANTA MARIA DE JETIBÁ,34176,65.48162453183521,4.49,29.83,603.33,62.79,11.7,3.53,0.671
3204609,ES,SANTA TERESA,21823,46.07524171745406,1.09,22.72,716.25,45.49,10.38,6.66,0.714
3204658,ES,SÃO DOMINGOS DO NORTE,8001,57.042869641294836,3.09,33.67,547.57,51.79,12.85,11.01,0.682
3204708,ES,SÃO GABRIEL DA PALHA,31859,23.6479487742867,5.41,25.88,792.54,21.88,11.27,6.15,0.709
3204807,ES,SÃO JOSÉ DO CALÇADO,10408,19.77325134511914,5.62,39.75,514.57,29.02,13.07,16.08,0.688
3204906,ES,SÃO MATEUS,109028,22.459368235682575,4.59,33.69,699.99,22.75,10.5,5.47,0.735
3204955,ES,SÃO ROQUE DO CANAÃ,11273,50.465714539164374,4.17,25.77,572.42,46.0,10.33,4.32,0.7
3205002,ES,SERRA,409267,0.688303723486135,1.57,22.69,705.89,1.11,5.88,3.72,0.739
3205010,ES,SOORETAMA,23843,29.23289854464623,5.72,44.78,457.49,42.97,15.74,7.92,0.662
3205036,ES,VARGEM ALTA,19130,64.86147412441191,2.96,35.27,480.01,41.51,12.07,6.07,0.663
3205069,ES,VENDA NOVA DO IMIGRANTE,20447,27.573727197143835,1.73,22.66,754.66,28.35,9.02,1.57,0.728
3205101,ES,VIANA,65001,8.259872925031923,2.27,30.4,523.61,4.68,7.39,3.42,0.686
3205150,ES,VILA PAVÃO,8672,65.4289667896679,8.25,39.07,449.3,57.57,15.3,6.7,0.681
3205176,ES,VILA VALÉRIO,13830,63.54302241503977,5.54,34.99,569.82,67.39,15.0,5.87,0.675
3205200,ES,VILA VELHA,414586,0.4850622066350528,0.83,15.74,1211.79,0.88,3.73,5.99,0.8
3205309,ES,VITÓRIA,327801,0.0,0.64,12.34,1866.58,0.74,3.1,10.79,0.845
3300100,RJ,ANGRA DOS REIS,169511,3.6699683206399585,2.03,21.42,798.68,2.21,5.43,4.45,0.724
3300159,RJ,APERIBÉ,10213,13.071575443062763,2.33,29.72,516.14,13.32,11.06,9.15,0.692
3300209,RJ,ARARUAMA,112008,4.9300049996428825,3.68,32.86,680.88,3.85,7.84,7.77,0.718
3300225,RJ,AREAL,11423,13.131401558259652,3.44,32.21,571.74,8.45,7.77,8.2,0.684
3300233,RJ,ARMAÇÃO DOS BÚZIOS,27560,0.0,0.11,17.24,851.39,2.51,4.83,2.49,0.728
3300258,RJ,ARRAIAL DO CABO,27715,0.0,1.14,23.61,714.47,3.75,4.8,8.44,0.733
3300308,RJ,BARRA DO PIRAÍ,94778,2.976429129122792,2.25,24.18,719.16,3.76,4.72,4.59,0.733
3300407,RJ,BARRA MANSA,177813,0.9110694943564306,1.44,23.04,705.1,2.09,4.15,3.06,0.729
3300456,RJ,BELFORD ROXO,469332,0.0,3.31,33.24,491.51,0.28,5.25,3.59,0.684
3300506,RJ,BOM JARDIM,25333,39.73868077211542,2.55,26.21,649.62,17.46,11.35,6.01,0.66
3300605,RJ,BOM JESUS DO ITABAPOANA,35411,15.486713168224563,3.41,34.01,717.69,12.36,10.35,6.17,0.732
3300704,RJ,CABO FRIO,186227,24.561959329205756,2.35,25.76,815.75,2.6,5.3,7.91,0.735
3300803,RJ,CACHOEIRAS DE MACACU,54273,13.503952241446022,2.59,31.73,604.45,12.23,9.91,4.38,0.7
3300902,RJ,CAMBUCI,14827,23.84164025089364,3.05,34.86,524.88,28.88,13.34,11.71,0.691
3300936,RJ,CARAPEBUS,13359,21.086907702672356,1.93,24.25,620.35,11.27,9.02,6.1,0.713
3300951,RJ,COMENDADOR LEVY GASPARIAN,8180,3.8875305623471883,1.09,32.85,537.66,4.7,7.73,10.16,0.685
3301009,RJ,CAMPOS DOS GOYTACAZES,463731,9.705195468924872,3.67,35.04,682.59,4.77,7.21,5.82,0.716
3301108,RJ,CANTAGALO,19830,29.28895612708018,1.41,29.48,641.61,18.73,10.02,6.83,0.709
3301157,RJ,CARDOSO MOREIRA,12600,30.5,3.71,39.05,465.04,20.14,16.01,10.02,0.648
3301207,RJ,CARMO,17434,22.73718022255363,1.73,32.26,559.66,9.48,10.49,8.89,0.696
3301306,RJ,CASIMIRO DE ABREU,35347,19.311398421365322,1.18,20.7,768.45,4.26,7.41,13.5,0.726
3301405,RJ,CONCEIÇÃO DE MACABU,21211,13.549573334590542,4.33,28.55,614.57,10.04,10.41,10.19,0.712
3301504,RJ,CORDEIRO,20430,2.7802251590797846,1.12,21.6,724.29,4.22,6.15,9.8,0.729
3301603,RJ,DUAS BARRAS,10930,29.222323879231475,1.19,31.13,540.35,23.19,12.5,7.72,0.659
3301702,RJ,DUQUE DE CAXIAS,855048,0.3403317708479524,2.83,28.43,592.81,0.55,5.28,3.33,0.711
3301801,RJ,ENGENHEIRO PAULO DE FRONTIN,13237,28.057717005363752,3.79,30.38,529.05,6.33,6.07,4.3,0.722
3301850,RJ,GUAPIMIRIM,51483,3.3739292582017364,3.28,31.34,594.06,3.92,8.0,4.94,0.698
3301876,RJ,IGUABA GRANDE,22851,0.0,2.23,25.37,818.01,2.82,4.46,10.75,0.761
3301900,RJ,ITABORAÍ,218008,1.190781989651756,3.31,30.69,584.35,1.8,6.98,4.87,0.693
3302007,RJ,ITAGUAÍ,109091,4.475162937364219,2.85,27.62,635.5,1.95,5.76,6.08,0.715
3302056,RJ,ITALVA,14063,27.17058949015146,2.94,28.32,593.88,15.92,11.61,11.74,0.688
3302106,RJ,ITAOCARA,22899,24.337307305995896,2.58,31.38,607.18,22.44,11.66,10.19,0.713
3302205,RJ,ITAPERUNA,95841,7.7972892603374335,1.35,23.19,688.83,7.3,8.01,4.28,0.73
3302254,RJ,ITATIAIA,28783,3.370044818121808,1.08,23.17,773.48,2.77,6.16,9.59,0.737
3302270,RJ,JAPERI,95492,0.0,4.09,39.85,420.15,1.71,7.58,4.58,0.659
3302304,RJ,LAJE DO MURIAÉ,7487,24.70949646053159,3.52,42.59,453.97,15.04,14.67,15.42,0.668
3302403,RJ,MACAÉ,206728,1.8715413490190007,1.38,17.17,1103.42,1.83,4.44,4.25,0.764
3302452,RJ,MACUCO,5269,12.829758967546024,3.81,34.67,574.96,12.03,8.3,10.7,0.703
3302502,RJ,MAGÉ,227322,5.316687342184214,4.55,31.99,567.59,2.62,6.23,5.38,0.709
3302601,RJ,MANGARATIBA,36456,11.893789773974106,1.6,21.89,832.15,3.56,4.32,12.31,0.753
3302700,RJ,MARICÁ,127461,1.5455708020492542,1.47,18.4,910.41,1.47,4.74,7.71,0.765
3302809,RJ,MENDES,17935,1.3047114580429329,2.03,27.33,649.4,2.54,5.74,11.06,0.736
3302858,RJ,MESQUITA,168376,0.0,2.73,27.3,640.37,0.31,3.6,6.63,0.737
3302908,RJ,MIGUEL PEREIRA,24642,12.746530314097882,2.26,23.59,801.63,5.83,7.21,8.71,0.745
3303005,RJ,MIRACEMA,26843,7.830719368177924,1.84,32.42,608.62,8.57,11.43,8.69,0.713
3303104,RJ,NATIVIDADE,15082,20.129956239225567,1.35,32.47,653.23,16.12,11.88,5.21,0.73
3303203,RJ,NILÓPOLIS,157425,0.0,1.09,19.04,755.26,0.06,2.22,8.15,0.753
3303302,RJ,NITERÓI,487562,0.0,0.8,11.59,2000.29,0.42,2.34,11.14,0.837
3303401,RJ,NOVA FRIBURGO,182082,12.472402543908789,0.57,15.12,894.75,5.95,5.27,3.12,0.745
3303500,RJ,NOVA IGUAÇU,796257,1.091858533111797,3.38,30.43,591.0,0.84,4.89,4.76,0.713
3303609,RJ,PARACAMBI,47124,11.46337322807911,3.71,27.68,580.49,3.43,5.81,4.98,0.72
3303708,RJ,PARAÍBA DO SUL,41084,11.999805276993477,2.35,31.75,613.56,8.15,6.42,3.82,0.702
3303807,RJ,PARATY,37533,26.2275863906429,4.03,25.41,734.36,8.58,8.77,4.19,0.693
3303856,RJ,PATY DO ALFERES,26359,29.492772866952464,4.28,39.63,562.52,20.21,13.1,5.44,0.671
3303906,RJ,PETRÓPOLIS,295917,4.944291811555267,1.5,20.7,922.49,1.71,4.19,3.47,0.745
3303955,RJ,PINHEIRAL,22719,10.158897838813328,2.89,29.93,657.99,3.18,5.61,6.92,0.715
3304003,RJ,PIRAÍ,26314,20.81781561146158,2.8,27.89,678.3,9.27,7.6,5.41,0.708
3304102,RJ,PORCIÚNCULA,17760,21.79054054054054,9.34,39.52,615.63,21.34,12.25,11.09,0.697
3304110,RJ,PORTO REAL,16592,0.5725650916104147,1.29,24.8,577.07,4.3,6.74,2.11,0.713
3304128,RJ,QUATIS,12793,5.97201594622059,1.03,29.04,535.96,7.36,7.17,3.27,0.69
3304144,RJ,QUEIMADOS,137962,0.0,3.89,33.68,484.4,0.63,6.0,4.37,0.68
3304151,RJ,QUISSAMÃ,20242,35.796858017982416,3.01,33.8,616.31,9.84,9.43,6.66,0.704
3304201,RJ,RESENDE,119769,6.210288137998981,0.82,18.54,915.21,2.45,4.44,4.67,0.768
3304300,RJ,RIO BONITO,55551,25.72770967219312,2.75,27.86,643.54,5.3,8.4,5.06,0.71
3304409,RJ,RIO CLARO,17425,20.98134863701578,2.77,31.43,623.62,15.53,10.84,9.01,0.683
3304508,RJ,RIO DAS FLORES,8561,30.39364560214928,2.32,33.94,499.13,17.5,9.26,1.54,0.68
3304524,RJ,RIO DAS OSTRAS,105676,5.461031833150384,1.45,17.08,1051.19,1.62,3.92,6.91,0.773
3304557,RJ,RIO DE JANEIRO,6320446,0.0,1.25,16.41,1492.63,0.31,2.98,7.07,0.799
3304607,RJ,SANTA MARIA MADALENA,10321,42.524949132835964,3.38,37.97,522.66,19.53,13.68,14.86,0.668
3304706,RJ,SANTO ANTÔNIO DE PÁDUA,40589,23.37825519229348,1.85,29.62,657.53,10.4,9.8,6.44,0.718
3304755,RJ,SÃO FRANCISCO DE ITABAPOANA,41354,48.99646950718189,10.86,52.09,375.49,31.2,20.08,5.18,0.639
3304805,RJ,SÃO FIDÉLIS,37543,20.94664784380577,2.28,31.55,567.23,18.08,10.76,8.22,0.691
3304904,RJ,SÃO GONÇALO,999728,0.07291983419490101,1.55,21.16,669.3,0.75,3.74,4.65,0.739
3305000,RJ,SÃO JOÃO DA BARRA,32747,21.540904510336826,3.69,33.45,570.38,12.57,10.38,4.84,0.671
3305109,RJ,SÃO JOÃO DE MERITI,458673,0.0,2.01,25.79,597.57,0.18,3.54,4.72,0.719
3305133,RJ,SÃO JOSÉ DE UBÁ,7003,55.76181636441525,3.83,47.54,410.44,42.08,15.64,7.66,0.652
3305158,RJ,SÃO JOSÉ DO VALE DO RIO PRETO,20251,55.5231840402943,3.68,35.15,517.99,25.66,10.79,6.02,0.66
3305208,RJ,SÃO PEDRO DA ALDEIA,87875,6.517211948790896,2.35,27.34,710.04,3.73,6.53,12.92,0.712
3305307,RJ,SÃO SEBASTIÃO DO ALTO,8895,48.15064643057897,4.87,40.67,423.88,33.95,15.28,5.96,0.646
3305406,RJ,SAPUCAIA,17525,24.262482168330955,5.56,33.26,558.94,17.98,10.64,2.15,0.675
3305505,RJ,SAQUAREMA,74234,5.089312175014144,2.54,29.81,681.62,4.5,6.65,5.81,0.709
3305554,RJ,SEROPÉDICA,78186,17.779397846161718,2.99,28.32,604.82,4.32,6.28,8.03,0.713
3305604,RJ,SILVA JARDIM,21349,24.488266429340953,6.13,41.9,476.99,18.5,14.19,9.66,0.654
3305703,RJ,SUMIDOURO,14900,63.48993288590604,5.52,38.32,479.46,63.08,17.09,5.88,0.611
3305752,RJ,TANGUÁ,30732,10.751008720551868,4.87,38.3,440.84,8.11,9.54,2.31,0.654
3305802,RJ,TERESÓPOLIS,163746,10.711101339880058,1.58,23.18,859.79,9.25,6.87,4.55,0.73
3305901,RJ,TRAJANO DE MORAES,10289,53.542618330255614,6.52,42.73,510.96,35.31,15.4,7.45,0.667
3306008,RJ,TRÊS RIOS,77432,2.9277301374108897,2.14,27.07,726.83,3.19,5.77,6.24,0.725
3306107,RJ,VALENÇA,71843,13.388917500661163,2.39,29.7,675.62,9.07,6.34,6.86,0.738
3306156,RJ,VARRE-SAI,9475,38.891820580474935,2.02,43.7,418.62,41.68,12.31,8.05,0.659
3306206,RJ,VASSOURAS,34410,32.58064516129032,2.54,27.16,701.06,9.04,8.07,4.21,0.714
3306305,RJ,VOLTA REDONDA,257803,0.045383490494680045,1.47,16.69,920.51,0.64,3.47,3.75,0.771
3500105,SP,ADAMANTINA,33797,5.470899784004497,0.5,11.34,975.43,7.05,6.44,3.82,0.79
3500204,SP,ADOLFO,3557,10.036547652516166,1.31,13.36,661.65,31.35,8.55,1.91,0.73
3500303,SP,AGUAÍ,32148,9.789100410600971,1.03,23.68,636.07,27.26,8.17,1.61,0.715
3500402,SP,ÁGUAS DA PRATA,7584,10.719936708860759,0.6,18.43,853.39,20.48,6.4,4.06,0.781
3500501,SP,ÁGUAS DE LINDÓIA,17266,0.8977180586123016,0.07,16.44,730.13,7.74,6.29,3.1,0.745
3500550,SP,ÁGUAS DE SANTA BÁRBARA,5601,23.960007141581862,1.44,19.35,818.15,23.21,5.46,5.81,0.757
3500600,SP,ÁGUAS DE SÃO PEDRO,2707,0.0,0.24,8.43,1580.72,2.22,1.48,4.21,0.854
3500709,SP,AGUDOS,34524,4.434596222917391,1.99,20.07,642.59,9.85,5.57,2.49,0.745
3500758,SP,ALAMBARI,4884,24.815724815724817,1.75,25.89,556.36,24.45,7.06,11.0,0.712
3500808,SP,ALFREDO MARCONDES,3891,16.345412490362374,1.29,22.16,558.38,16.39,10.66,6.34,0.741
3500907,SP,ALTAIR,3815,20.786369593709043,0.51,17.13,616.38,55.36,10.8,0.92,0.687
3501004,SP,ALTINÓPOLIS,15607,12.628948548728134,0.44,14.71,731.49,31.03,6.43,3.07,0.73
3501103,SP,ALTO ALEGRE,4102,21.160409556313994,0.61,18.67,560.3,29.09,9.0,1.27,0.7
3501152,SP,ALUMÍNIO,16839,16.129223825642853,1.68,16.56,747.27,2.18,4.91,1.65,0.766
3501202,SP,ÁLVARES FLORENCE,3897,32.050295098793946,1.85,20.26,627.14,31.25,10.03,1.19,0.728
3501301,SP,ÁLVARES MACHADO,23513,9.909411814740782,1.57,22.36,672.03,9.92,7.47,3.2,0.758
3501400,SP,ÁLVARO DE CARVALHO,4650,36.516129032258064,1.4,24.62,512.99,41.72,9.24,13.72,0.688
3501509,SP,ALVINLÂNDIA,3000,10.233333333333333,1.98,26.91,710.49,39.4,11.21,0.66,0.722
3501608,SP,AMERICANA,210638,0.46715217577075363,0.32,7.1,1161.68,0.99,2.85,2.04,0.811
3501707,SP,AMÉRICO BRASILIENSE,34478,0.7570044666163931,0.96,15.04,659.67,10.8,7.38,1.11,0.751
3501806,SP,AMÉRICO DE CAMPOS,5706,16.08832807570978,0.39,20.68,686.56,26.29,8.34,4.17,0.745
3501905,SP,AMPARO,65829,21.294566224612254,0.19,10.77,1027.6,8.07,4.92,2.47,0.785
3502002,SP,ANALÂNDIA,4293,20.61495457721873,0.88,21.01,823.33,32.41,6.99,4.4,0.754
3502101,SP,ANDRADINA,55334,6.659558318574475,1.17,14.9,919.36,8.69,6.17,3.45,0.779
3502200,SP,ANGATUBA,22210,28.171994597028366,1.55,23.75,597.99,25.05,7.01,2.09,0.719
3502309,SP,ANHEMBI,5653,24.44719617901999,0.11,25.48,554.16,35.65,7.06,1.86,0.721
3502408,SP,ANHUMAS,3738,18.164794007490638,1.75,24.84,561.82,24.05,8.45,5.59,0.741
3502507,SP,APARECIDA,35007,1.4539949153026537,0.49,18.68,775.17,0.86,3.6,3.72,0.755
3502606,SP,APARECIDA D'OESTE,4450,18.089887640449437,3.12,27.47,611.22,33.72,12.77,9.12,0.721
3502705,SP,APIAÍ,25191,27.68052082092811,8.82,46.6,492.43,25.2,8.26,4.31,0.71
3502754,SP,ARAÇARIGUAMA,17080,0.0,0.57,20.52,691.69,4.31,7.18,7.67,0.704
3502804,SP,ARAÇATUBA,181579,1.9286371221341676,0.63,12.29,1036.09,3.66,4.01,3.56,0.788
3502903,SP,ARAÇOIABA DA SERRA,27299,31.26488149749075,1.07,19.19,853.87,10.89,5.17,3.2,0.776
3503000,SP,ARAMINA,5152,6.521739130434782,0.48,16.78,721.56,11.88,6.61,1.45,0.74
3503109,SP,ARANDU,6123,24.644781969622734,0.4,25.02,535.27,35.64,9.28,7.64,0.685
3503158,SP,ARAPEÍ,2493,24.789410348977135,3.75,37.93,414.19,19.27,8.17,0.73,0.68
3503208,SP,ARARAQUARA,208662,2.8428750802733607,0.53,11.03,1080.66,2.92,3.77,4.01,0.815
3503307,SP,ARARAS,118843,5.384414732041432,0.51,12.34,921.76,5.4,4.99,2.34,0.781
3503356,SP,ARCO-ÍRIS,1925,43.01298701298701,2.07,24.8,520.01,37.17,16.34,17.13,0.722
3503406,SP,AREALVA,7841,21.234536411172044,1.15,20.48,697.3,30.73,7.73,3.96,0.744
3503505,SP,AREIAS,3696,32.95454545454545,3.87,46.33,396.78,32.59,9.17,1.3,0.697
3503604,SP,AREIÓPOLIS,10579,11.135267983741375,0.65,18.31,570.09,37.73,11.11,1.19,0.695
3503703,SP,ARIRANHA,8547,5.3001053001053,0.47,10.66,751.35,9.43,8.33,2.41,0.733
3503802,SP,ARTUR NOGUEIRA,44177,9.459673585802568,0.43,13.4,823.24,13.46,5.83,4.74,0.749
3503901,SP,ARUJÁ,74905,3.9903878245777986,1.89,21.4,910.67,2.9,5.21,2.52,0.784
3503950,SP,ASPÁSIA,1809,30.514096185737976,1.71,21.32,619.43,43.43,14.24,12.33,0.735
3504008,SP,ASSIS,95144,4.364962583032035,0.33,14.1,967.39,4.95,4.3,8.6,0.805
3504107,SP,ATIBAIA,126603,8.983989320948162,0.95,14.3,1063.52,7.69,5.17,1.96,0.765
3504206,SP,AURIFLAMA,14202,8.829742289818336,0.27,12.08,829.68,14.48,7.9,5.14,0.773
3504305,SP,AVAÍ,4959,32.849364791288565,4.44,36.14,531.2,46.37,8.43,4.08,0.714
3504404,SP,AVANHANDAVA,11310,15.446507515473034,1.36,24.46,579.71,14.8,9.24,2.66,0.705
3504503,SP,AVARÉ,82934,4.272071767911833,1.08,15.09,854.42,8.46,5.06,8.8,0.767
3504602,SP,BADY BASSITT,14603,6.464425118126412,0.06,8.24,783.57,5.75,4.11,3.88,0.746
3504701,SP,BALBINOS,3702,67.82820097244732,0.0,22.46,586.02,9.67,11.17,8.12,0.669
3504800,SP,BÁLSAMO,8160,8.406862745098039,0.47,10.83,832.51,12.99,7.93,1.44,0.756
3504909,SP,BANANAL,10223,20.209331898659883,2.06,36.45,595.74,15.34,8.46,3.56,0.733
3505005,SP,BARÃO DE ANTONINA,3116,38.60718870346598,2.53,33.13,536.63,34.98,9.98,16.82,0.711
3505104,SP,BARBOSA,6593,15.440618838161686,0.45,24.75,536.37,17.83,10.62,0.83,0.699
3505203,SP,BARIRI,31593,5.12138764916279,0.25,12.9,781.34,12.03,6.15,1.41,0.75
3505302,SP,BARRA BONITA,35246,2.0966918231856098,0.3,10.45,915.28,3.4,5.87,2.58,0.788
3505351,SP,BARRA DO CHAPÉU,5244,70.55682684973303,11.7,58.46,370.97,60.19,13.28,4.45,0.66
3505401,SP,BARRA DO TURVO,7729,58.93388536680036,10.59,51.15,390.88,40.58,18.48,3.51,0.641
3505500,SP,BARRETOS,112101,3.046359978947556,0.64,12.92,917.0,6.63,4.21,4.11,0.789
3505609,SP,BARRINHA,28496,1.1089275687815834,1.02,16.74,668.32,9.75,8.91,3.69,0.725
3505708,SP,BARUERI,240749,0.0,1.54,19.19,1095.84,0.3,4.27,3.55,0.786
3505807,SP,BASTOS,20445,13.876253362680362,1.28,18.53,609.76,27.58,7.27,3.3,0.751
3505906,SP,BATATAIS,56476,11.564204263758057,0.96,13.78,941.79,10.93,5.27,2.64,0.761
3506003,SP,BAURU,343937,1.6726900566092047,1.08,12.95,1163.86,1.4,3.21,5.64,0.801
3506102,SP,BEBEDOURO,75035,4.707136669554208,0.59,15.67,881.64,10.59,5.06,6.31,0.78
3506201,SP,BENTO DE ABREU,2674,8.601346297681376,1.29,14.38,647.1,18.78,8.28,2.41,0.744
3506300,SP,BERNARDINO DE CAMPOS,10775,10.36658932714617,0.2,19.81,676.6,25.3,6.57,3.41,0.734
3506359,SP,BERTIOGA,47645,1.6329100640151117,1.44,20.73,736.03,1.46,5.81,4.67,0.73
3506409,SP,BILAC,7048,8.04483541430193,0.85,8.5,816.06,14.79,8.13,8.6,0.768
3506508,SP,BIRIGUI,108728,2.9808329041277317,0.35,9.91,812.51,3.13,4.75,3.89,0.78
3506607,SP,BIRITIBA-MIRIM,28575,14.173228346456693,1.08,29.18,662.23,28.36,9.36,4.33,0.712
3506706,SP,BOA ESPERANÇA DO SUL,13645,10.707218761451081,2.06,23.11,593.36,42.18,11.39,0.57,0.681
3506805,SP,BOCAINA,10859,7.855235288700617,0.03,10.52,805.99,7.23,6.76,0.59,0.742
3506904,SP,BOFETE,9618,36.24454148471616,2.45,25.04,622.11,29.95,8.58,0.92,0.705
3507001,SP,BOITUVA,48314,5.932027983607236,0.94,14.51,889.51,5.88,5.2,3.86,0.78
3507100,SP,BOM JESUS DOS PERDÕES,19708,11.832758270752993,1.64,16.67,688.02,3.41,6.72,2.95,0.713
3507159,SP,BOM SUCESSO DE ITARARÉ,3571,31.951834220106413,6.02,52.47,344.32,40.14,12.51,7.22,0.66
3507209,SP,BORÁ,805,22.111801242236027,1.86,9.41,670.27,17.5,10.22,0.0,0.746
3507308,SP,BORACÉIA,4268,10.332708528584817,0.0,13.59,719.42,17.97,8.19,1.85,0.754
3507407,SP,BORBOREMA,14529,9.869915341730332,1.0,18.5,664.64,25.48,8.61,3.89,0.73
3507456,SP,BOREBI,2293,12.778020061055386,1.38,21.32,529.08,45.27,9.9,2.67,0.705
3507506,SP,BOTUCATU,127328,3.6519854234732345,0.74,14.34,1089.1,5.51,4.29,6.07,0.8
3507605,SP,BRAGANÇA PAULISTA,146744,3.059068854603936,0.7,13.93,974.08,4.31,4.6,1.61,0.776
3507704,SP,BRAÚNA,5021,12.567217685719976,0.33,14.08,726.71,29.95,9.44,2.5,0.737
3507753,SP,BREJO ALEGRE,2573,17.994558880684025,0.96,11.43,631.02,14.39,12.38,0.94,0.71
3507803,SP,BRODOWSKI,21107,2.4162600085279764,0.0,12.33,787.91,7.12,4.37,1.65,0.755
3507902,SP,BROTAS,21580,13.81371640407785,0.78,14.62,722.76,17.99,6.98,0.96,0.74
3508009,SP,BURI,18563,19.237192264181438,4.69,48.93,435.15,35.95,9.98,3.01,0.667
3508108,SP,BURITAMA,15418,5.785445583084706,0.38,16.47,779.78,13.65,9.16,9.13,0.763
3508207,SP,BURITIZAL,4053,18.43079200592154,0.44,17.66,817.16,24.5,6.08,4.51,0.735
3508306,SP,CABRÁLIA PAULISTA,4365,13.470790378006873,0.58,30.22,507.41,27.08,10.34,4.33,0.694
3508405,SP,CABREÚVA,41604,15.246130179790406,1.12,16.33,694.03,5.26,6.64,1.02,0.738
3508504,SP,CAÇAPAVA,84752,14.43623749292052,0.97,18.06,871.87,3.24,4.38,3.44,0.788
3508603,SP,CACHOEIRA PAULISTA,30091,18.34103220231963,1.2,25.48,764.6,6.24,4.38,3.64,0.764
3508702,SP,CACONDE,18538,31.821124177365412,1.17,30.16,627.0,49.89,8.23,3.3,0.72
3508801,SP,CAFELÂNDIA,16607,13.1330161979888,1.14,22.18,680.71,20.86,7.5,3.05,0.742
3508900,SP,CAIABU,4072,18.590373280943027,1.3,19.55,559.13,30.94,13.21,1.91,0.729
3509007,SP,CAIEIRAS,86529,2.476626333368004,1.01,17.67,800.15,0.26,4.16,5.05,0.781
3509106,SP,CAIUÁ,5039,61.698749751934905,4.02,33.56,500.47,35.95,12.46,10.84,0.697
3509205,SP,CAJAMAR,64114,2.013600773621986,3.14,20.93,676.5,0.97,5.47,2.37,0.728
3509254,SP,CAJATI,28372,26.97025236148315,5.14,38.28,481.48,15.23,10.75,1.84,0.694
3509304,SP,CAJOBI,9768,6.500819000819001,0.0,15.13,679.75,39.33,8.3,1.26,0.734
3509403,SP,CAJURU,23371,11.022207008685978,1.75,19.65,597.11,23.64,6.39,1.61,0.713
3509452,SP,CAMPINA DO MONTE ALEGRE,5567,15.394287767199568,2.15,36.0,575.66,30.64,8.79,5.77,0.717
3509502,SP,CAMPINAS,1080113,1.719542307147493,1.06,11.39,1390.83,1.13,3.4,3.65,0.805
3509601,SP,CAMPO LIMPO PAULISTA,74074,0.0,1.19,15.35,767.85,1.47,4.47,3.08,0.769
3509700,SP,CAMPOS DO JORDÃO,47789,0.6235744627424721,1.63,20.91,911.4,1.67,4.67,0.37,0.749
3509809,SP,CAMPOS NOVOS PAULISTA,4539,22.273628552544615,1.77,30.41,516.26,40.87,10.64,12.78,0.706
3509908,SP,CANANÉIA,12226,14.640929167348274,5.67,34.09,540.54,21.12,8.01,6.11,0.72
3509957,SP,CANAS,4385,7.183580387685291,2.19,38.69,444.72,8.14,6.34,6.74,0.704
3510005,SP,CÂNDIDO MOTA,29884,5.983134787846339,0.74,20.17,627.55,18.03,7.35,3.47,0.747
3510104,SP,CÂNDIDO RODRIGUES,2668,19.302848575712144,0.21,10.37,837.17,32.42,9.06,3.71,0.789
3510153,SP,CANITAR,4369,5.28725108720531,2.06,28.89,480.52,33.29,11.15,0.17,0.68
3510203,SP,CAPÃO BONITO,46178,18.090865780241675,4.62,37.57,534.75,24.18,9.7,2.24,0.721
3510302,SP,CAPELA DO ALTO,17532,17.168605977640887,1.59,25.86,526.28,24.62,7.42,0.75,0.699
3510401,SP,CAPIVARI,48576,5.500658761528327,0.44,14.5,820.46,4.88,5.29,4.16,0.75
3510500,SP,CARAGUATATUBA,100840,4.1322887742959145,1.67,21.63,773.99,1.76,4.97,5.17,0.759
3510609,SP,CARAPICUÍBA,369584,0.0,1.77,20.1,712.78,0.18,4.59,2.33,0.749
3510708,SP,CARDOSO,11805,9.106310885218129,1.72,20.99,605.99,22.73,9.64,4.84,0.722
3510807,SP,CASA BRANCA,28307,18.203977814674815,1.19,24.0,737.96,20.62,5.22,8.17,0.73
3510906,SP,CÁSSIA DOS COQUEIROS,2634,31.85269552012149,0.53,27.24,551.4,41.71,10.77,1.28,0.734
3511003,SP,CASTILHO,18003,24.53479975559629,5.66,30.43,579.36,22.45,9.24,3.0,0.731
3511102,SP,CATANDUVA,112820,0.803049104768658,0.62,9.28,945.05,3.09,4.88,4.06,0.785
3511201,SP,CATIGUÁ,7127,7.829381226322436,0.17,11.56,771.78,27.99,9.54,2.45,0.751
3511300,SP,CEDRAL,7972,20.885599598595082,1.06,11.89,845.41,9.98,6.6,1.99,0.766
3511409,SP,CERQUEIRA CÉSAR,17532,10.358202144649784,0.68,19.45,665.36,23.75,7.05,8.96,0.729
3511508,SP,CERQUILHO,39617,5.1745462806371005,0.21,7.85,894.52,3.56,3.72,2.65,0.782
3511607,SP,CESÁRIO LANGE,15540,32.48391248391248,0.75,17.2,684.95,13.69,5.72,0.76,0.706
3511706,SP,CHARQUEADA,15085,9.27411335764004,0.76,14.66,705.01,11.58,7.45,1.95,0.736
3511904,SP,CLEMENTINA,7065,4.685067232837934,0.54,15.14,640.87,35.76,9.75,0.65,0.725
3512001,SP,COLINA,17371,6.608715675551206,0.91,20.31,706.69,20.24,6.54,3.87,0.757
3512100,SP,COLÔMBIA,5994,27.72772772772773,1.35,20.54,582.53,44.33,10.67,4.2,0.71
3512209,SP,CONCHAL,25229,5.50953268064529,1.72,21.23,617.76,29.7,10.2,3.47,0.708
3512308,SP,CONCHAS,16288,18.977161100196465,1.01,20.59,730.42,12.06,5.93,2.83,0.736
3512407,SP,CORDEIRÓPOLIS,21080,10.180265654648956,0.7,13.34,873.87,5.46,5.0,2.44,0.758
3512506,SP,COROADOS,5238,19.014891179839633,0.44,14.91,638.21,13.1,7.22,1.86,0.719
3512605,SP,CORONEL MACEDO,5001,22.715456908618275,4.13,39.49,465.29,41.96,13.57,9.92,0.69
3512704,SP,CORUMBATAÍ,3874,45.97315436241611,1.04,19.22,741.32,23.86,7.43,2.39,0.754
3512803,SP,COSMÓPOLIS,58827,7.127679466911452,1.03,13.18,829.25,2.23,5.09,1.72,0.769
3512902,SP,COSMORAMA,7214,31.45273080121985,1.38,17.66,643.1,32.08,9.48,0.8,0.722
3513009,SP,COTIA,201150,0.0,1.43,16.83,1085.66,2.08,4.67,2.97,0.78
3513108,SP,CRAVINHOS,31691,2.4896658357262313,1.08,13.94,784.4,8.73,6.71,4.06,0.756
3513207,SP,CRISTAIS PAULISTA,7588,27.148128624143386,0.19,19.87,721.31,33.37,8.52,5.36,0.734
3513306,SP,CRUZÁLIA,2274,33.59718557607739,1.23,22.05,614.17,32.45,8.13,1.99,0.774
3513405,SP,CRUZEIRO,77039,2.5480600734692818,2.84,22.57,809.24,3.22,2.99,3.09,0.788
3513504,SP,CUBATÃO,118720,0.0,2.36,21.95,689.21,0.53,5.62,3.9,0.737
3513603,SP,CUNHA,21866,44.35653526022135,3.96,42.8,525.19,39.25,11.15,4.04,0.684
3513702,SP,DESCALVADO,31056,10.767645543534261,0.91,14.96,798.74,14.78,5.8,1.63,0.76
3513801,SP,DIADEMA,386089,0.0,1.44,18.67,694.55,0.21,4.59,2.39,0.757
3513850,SP,DIRCE REIS,1689,24.274718768502073,2.06,17.33,570.51,29.76,14.77,9.51,0.741
3513900,SP,DIVINOLÂNDIA,11208,33.08351177730193,0.67,22.52,707.97,38.88,6.69,1.91,0.734
3514007,SP,DOBRADA,7939,2.2294999370197757,0.75,17.53,589.47,42.15,16.01,1.12,0.718
3514106,SP,DOIS CÓRREGOS,24761,5.310770970477767,0.63,20.96,727.28,22.86,8.7,2.31,0.725
3514205,SP,DOLCINÓPOLIS,2096,7.013358778625954,0.0,15.09,620.98,23.72,12.85,1.17,0.742
3514304,SP,DOURADO,8609,8.595655709141596,0.39,10.27,697.37,20.52,8.24,0.87,0.738
3514403,SP,DRACENA,43258,7.65638725784826,0.1,11.62,862.86,6.68,6.17,5.05,0.776
3514502,SP,DUARTINA,12251,10.235899110276712,0.42,15.27,688.4,15.67,7.24,3.31,0.748
3514601,SP,DUMONT,8143,3.549060542797495,0.0,14.89,705.3,15.2,7.63,1.4,0.744
3514700,SP,ECHAPORÃ,6318,20.3545425767648,1.63,26.96,703.55,29.34,10.47,6.88,0.745
3514809,SP,ELDORADO,14641,50.78888054094666,6.08,49.78,411.0,36.88,12.19,5.73,0.691
3514908,SP,ELIAS FAUSTO,15775,20.393026941362915,2.42,18.95,625.66,24.65,7.85,0.73,0.695
3514924,SP,ELISIÁRIO,3120,8.397435897435898,0.0,6.45,666.93,22.84,10.34,4.22,0.747
3514957,SP,EMBAÚBA,2423,14.981427981840694,0.27,11.44,717.97,29.49,8.55,9.52,0.73
3515004,SP,EMBU,240230,0.0,1.58,22.4,622.77,0.8,5.25,1.79,0.735
3515103,SP,EMBU-GUAÇU,62769,2.666921569564594,2.89,25.12,676.52,3.48,6.45,2.26,0.749
3515129,SP,EMILIANÓPOLIS,3020,17.31788079470199,1.08,22.08,584.76,33.72,12.26,1.63,0.727
3515152,SP,ENGENHEIRO COELHO,15721,26.862158895744546,1.57,19.64,707.37,26.53,9.25,2.86,0.732
3515186,SP,ESPÍRITO SANTO DO PINHAL,41907,11.12463311618584,0.35,14.7,1048.6,14.42,6.02,2.1,0.787
3515194,SP,ESPÍRITO SANTO DO TURVO,4244,14.467483506126296,0.55,23.43,533.76,44.44,9.55,0.8,0.696
3515202,SP,ESTRELA D'OESTE,8208,16.776315789473685,0.66,14.63,670.65,17.99,8.65,5.78,0.76
3515301,SP,ESTRELA DO NORTE,2658,21.030850263355905,1.45,24.41,597.74,16.41,10.02,17.44,0.74
3515350,SP,EUCLIDES DA CUNHA PAULISTA,9585,36.244131455399064,5.16,35.48,493.91,37.2,14.85,10.98,0.704
3515400,SP,FARTURA,15320,20.117493472584858,1.47,20.95,618.77,20.41,6.7,4.52,0.732
3515509,SP,FERNANDÓPOLIS,64696,3.063558798070978,0.35,10.2,944.0,6.71,6.2,5.72,0.797
3515608,SP,FERNANDO PRESTES,5534,15.106613661004697,0.42,8.57,832.72,38.09,8.22,6.99,0.758
3515657,SP,FERNÃO,1563,45.61740243122201,1.21,30.98,510.09,48.23,9.1,14.36,0.703
3515707,SP,FERRAZ DE VASCONCELOS,168306,4.487065226432807,2.02,24.65,587.83,0.51,5.23,3.55,0.738
3515806,SP,FLORA RICA,1752,19.06392694063927,1.22,30.4,511.8,34.85,15.48,1.41,0.727
3515905,SP,FLOREAL,3003,18.781218781218783,0.37,15.13,663.83,17.08,9.18,9.95,0.747
3516002,SP,FLÓRIDA PAULISTA,12848,21.100560398505603,2.01,19.02,632.97,25.33,10.86,2.75,0.715
3516101,SP,FLORÍNIA,2829,11.20537292329445,5.44,31.74,544.03,22.43,9.88,10.15,0.713
3516200,SP,FRANCA,318640,1.7555862415264876,0.65,12.87,846.57,2.45,3.62,2.28,0.78
3516309,SP,FRANCISCO MORATO,154472,0.20327308508985448,2.75,30.04,483.98,0.48,7.45,3.48,0.703
3516408,SP,FRANCO DA ROCHA,131604,7.8721011519406705,1.75,23.54,632.42,1.2,6.33,7.63,0.731
3516507,SP,GABRIEL MONTEIRO,2708,16.654357459379614,0.59,8.66,712.72,24.84,9.16,2.71,0.763
3516606,SP,GÁLIA,7011,25.474254742547426,1.79,28.04,565.41,33.44,11.2,4.57,0.709
3516705,SP,GARÇA,43115,9.098921489040936,1.23,20.04,786.83,13.67,7.76,3.99,0.769
3516804,SP,GASTÃO VIDIGAL,4193,10.422132124970188,1.23,15.12,736.47,46.56,9.97,8.78,0.723
3516853,SP,GAVIÃO PEIXOTO,4419,19.099343742928266,1.0,17.5,575.08,33.18,9.54,2.88,0.719
3516903,SP,GENERAL SALGADO,10669,14.856125222607554,0.5,14.06,771.92,22.42,8.46,11.77,0.747
3517000,SP,GETULINA,10765,22.582443102647467,1.76,23.37,608.58,28.08,9.54,6.08,0.717
3517109,SP,GLICÉRIO,4565,26.352683461117195,0.13,19.21,777.37,19.03,9.46,0.56,0.735
3517208,SP,GUAIÇARA,10670,9.14714151827554,1.15,15.27,610.2,7.21,7.03,5.02,0.739
3517307,SP,GUAIMBÊ,5425,12.626728110599078,0.47,25.57,532.14,26.32,11.98,4.6,0.728
3517406,SP,GUAÍRA,37404,3.5958720992407227,1.58,16.34,901.23,9.87,5.87,2.16,0.753
3517505,SP,GUAPIAÇU,17869,11.550730315070792,0.24,14.28,741.42,12.89,7.39,3.66,0.725
3517604,SP,GUAPIARA,17998,59.812201355706186,11.13,50.35,412.51,49.58,13.77,2.06,0.675
3517703,SP,GUARÁ,19858,3.1977036962433276,3.03,25.61,664.56,15.31,10.11,1.52,0.718
3517802,SP,GUARAÇAÍ,8435,21.11440426793124,1.59,21.08,619.41,32.11,9.42,4.91,0.719
3517901,SP,GUARACI,9976,10.51523656776263,1.27,22.0,615.78,28.05,8.78,9.55,0.737
3518008,SP,GUARANI D'OESTE,1970,11.928934010152284,0.99,22.63,557.58,15.43,11.69,10.35,0.732
3518107,SP,GUARANTÃ,6404,14.709556527170518,1.08,26.32,615.97,35.01,10.59,6.11,0.713
3518206,SP,GUARARAPES,30597,7.448442657776906,0.37,14.35,739.89,15.06,7.12,3.2,0.763
3518305,SP,GUARAREMA,25844,13.945209719857607,1.73,19.34,748.79,10.97,7.65,2.03,0.731
3518404,SP,GUARATINGUETÁ,112072,4.738025555000357,1.52,18.96,926.78,3.41,3.04,8.32,0.798
3518503,SP,GUAREÍ,14565,42.238242361826295,0.66,22.97,594.42,24.51,8.22,5.19,0.687
3518602,SP,GUARIBA,35486,2.079693400214169,1.27,18.48,671.34,10.33,10.55,2.02,0.719
3518701,SP,GUARUJÁ,290752,0.01926040061633282,2.25,22.83,745.0,1.61,5.39,3.37,0.751
3518800,SP,GUARULHOS,1221979,0.0,1.95,20.63,829.91,0.35,4.31,3.07,0.763
3518859,SP,GUATAPARÁ,6966,26.55756531725524,2.59,24.61,723.83,20.38,10.53,2.25,0.743
3518909,SP,GUZOLÂNDIA,4754,15.418594867480017,0.92,25.61,537.05,36.63,14.44,3.04,0.697
3519006,SP,HERCULÂNDIA,8696,8.91214351425943,1.53,29.45,549.27,23.6,9.67,4.56,0.727
3519055,SP,HOLAMBRA,11299,27.56881139923887,1.7,5.43,1274.53,31.41,5.72,2.88,0.793
3519071,SP,HORTOLÂNDIA,192692,0.0,0.82,16.92,686.96,0.93,4.94,3.53,0.756
3519105,SP,IACANGA,10013,12.85329072206132,0.64,15.59,712.15,16.08,7.31,1.7,0.745
3519204,SP,IACRI,6419,21.327309549774107,1.58,22.82,628.14,36.45,10.41,2.33,0.733
3519253,SP,IARAS,6376,55.50501882057716,14.84,38.8,497.81,37.81,8.22,3.41,0.674
3519303,SP,IBATÉ,30734,3.989067482267196,0.89,21.12,552.79,13.66,7.79,0.47,0.703
3519402,SP,IBIRÁ,10896,7.810205580029368,0.88,16.48,803.36,20.02,8.92,1.79,0.74
3519501,SP,IBIRAREMA,6725,7.628252788104089,2.49,21.68,593.7,15.38,7.25,2.81,0.708
3519600,SP,IBITINGA,53158,3.952368411151661,0.42,12.19,791.99,6.17,5.76,1.37,0.747
3519709,SP,IBIÚNA,71217,64.99010067820886,1.94,27.26,624.55,24.77,9.23,1.75,0.71
3519808,SP,ICÉM,7462,14.178504422406862,1.11,19.89,690.78,20.88,7.3,1.57,0.72
3519907,SP,IEPÊ,7628,11.208704771893025,1.84,23.15,623.96,23.97,8.71,10.55,0.736
3520004,SP,IGARAÇU DO TIETÊ,23362,0.5735810290214879,0.68,18.67,590.77,17.69,10.05,1.55,0.727
3520103,SP,IGARAPAVA,27952,5.688322839152834,1.17,15.36,1228.09,9.72,8.56,4.42,0.768
3520202,SP,IGARATÁ,8831,20.677160004529497,0.78,25.01,561.31,6.91,10.63,1.09,0.711
3520301,SP,IGUAPE,28841,14.403106688394994,6.09,37.57,588.36,20.57,8.47,4.15,0.726
3520400,SP,ILHABELA,28196,0.688040856859129,1.28,18.12,794.57,2.69,5.51,4.77,0.756
3520426,SP,ILHA COMPRIDA,9025,0.0,2.1,30.71,608.83,7.33,5.29,3.5,0.725
3520442,SP,ILHA SOLTEIRA,25064,6.160229811682094,0.76,9.74,1063.04,8.6,4.5,6.57,0.812
3520509,SP,INDAIATUBA,201619,1.0053615978652806,0.17,7.27,1098.31,2.39,3.55,3.27,0.788
3520608,SP,INDIANA,4825,14.466321243523316,1.18,18.69,681.29,12.96,6.95,9.14,0.761
3520707,SP,INDIAPORÃ,3903,13.425570074301818,1.42,23.12,680.85,23.08,11.92,1.19,0.751
3520806,SP,INÚBIA PAULISTA,3630,12.479338842975206,0.48,16.31,576.91,23.28,10.23,0.95,0.759
3520905,SP,IPAUSSU,13663,7.867964575861817,0.34,23.13,677.42,10.47,7.45,1.79,0.727
3521002,SP,IPERÓ,28300,38.293286219081274,2.19,21.59,551.75,5.97,5.32,4.31,0.719
3521101,SP,IPEÚNA,6016,13.929521276595745,0.66,16.1,785.15,12.82,6.13,1.71,0.753
3521150,SP,IPIGUÁ,4463,39.56979610127717,1.34,16.94,608.53,14.95,7.3,4.47,0.73
3521200,SP,IPORANGA,4299,44.1498022795999,9.62,50.92,421.14,39.59,13.71,1.17,0.703
3521309,SP,IPUÃ,14148,4.1419281877297145,0.72,19.08,900.48,15.95,9.7,1.17,0.749
3521408,SP,IRACEMÁPOLIS,20029,2.0620100853762047,1.18,10.5,808.74,3.68,3.6,2.66,0.776
3521507,SP,IRAPUÃ,7275,10.804123711340207,0.13,18.44,579.58,33.81,10.6,4.58,0.713
3521606,SP,IRAPURU,7789,29.29772756451406,2.77,25.02,589.82,29.9,10.86,9.96,0.712
3521705,SP,ITABERÁ,17858,32.02486280658528,7.14,43.52,462.03,37.56,9.25,6.66,0.693
3521804,SP,ITAÍ,24008,21.476174608463847,1.62,26.24,594.77,27.37,8.76,6.49,0.713
3521903,SP,ITAJOBI,14556,16.58422643583402,0.16,9.87,739.45,31.83,8.0,1.69,0.73
3522000,SP,ITAJU,3246,27.264325323475045,0.69,18.73,609.08,38.54,8.12,0.23,0.705
3522109,SP,ITANHAÉM,87057,0.9361682575783682,2.53,26.11,690.67,2.01,6.2,5.12,0.745
3522158,SP,ITAÓCA,3228,45.47707558859975,14.98,52.39,395.32,52.54,16.94,2.58,0.68
3522208,SP,ITAPECERICA DA SERRA,152614,0.8288885685454808,1.82,24.0,619.82,1.38,5.96,2.89,0.742
3522307,SP,ITAPETININGA,144377,9.230694639727934,1.29,23.29,741.64,10.52,4.92,7.9,0.763
3522406,SP,ITAPEVA,87753,15.72253940036238,2.5,33.69,630.48,13.99,6.67,4.81,0.732
3522505,SP,ITAPEVI,200769,0.0,2.72,26.78,575.72,0.51,5.75,3.61,0.735
3522604,SP,ITAPIRA,68537,7.238425959700599,0.72,13.15,849.81,6.76,6.05,3.88,0.762
3522653,SP,ITAPIRAPUÃ PAULISTA,3880,51.23711340206186,12.86,62.08,323.42,47.71,14.23,1.05,0.661
3522703,SP,ITÁPOLIS,40051,9.303138498414521,0.36,14.3,787.75,19.29,7.33,1.86,0.744
3522802,SP,ITAPORANGA,14549,24.16660938896144,3.42,40.22,552.76,32.63,11.39,7.07,0.719
3522901,SP,ITAPUÍ,12173,4.460691694734248,0.53,15.57,687.46,15.55,6.24,1.49,0.725
3523008,SP,ITAPURA,4357,20.0826256598577,2.78,30.44,556.29,35.57,12.12,0.95,0.72
3523107,SP,ITAQUAQUECETUBA,321770,0.0,2.81,31.34,502.85,0.7,6.04,2.82,0.714
3523206,SP,ITARARÉ,47934,7.643843618308508,4.57,36.65,510.2,13.51,7.01,5.95,0.703
3523305,SP,ITARIRI,15471,36.14504556912934,6.88,45.31,434.58,22.05,10.02,4.04,0.677
3523404,SP,ITATIBA,101471,15.57587882252072,0.27,8.24,1080.74,4.33,4.07,0.82,0.778
3523503,SP,ITATINGA,18052,9.040549523598493,0.9,24.97,568.58,31.67,8.67,5.89,0.706
3523602,SP,ITIRAPINA,15524,9.810615820664777,1.38,16.26,772.14,19.52,9.13,6.79,0.724
3523701,SP,ITIRAPUÃ,5914,16.655393980385526,1.99,28.47,526.62,38.18,9.17,1.11,0.707
3523800,SP,ITOBI,7546,9.886032335011928,0.32,20.14,611.41,42.97,8.64,5.87,0.717
3523909,SP,ITU,154147,6.408168825861028,0.49,12.79,1038.14,2.14,4.67,2.2,0.773
3524006,SP,ITUPEVA,44859,13.161238547448672,0.19,13.3,848.65,6.76,4.94,1.22,0.762
3524105,SP,ITUVERAVA,38695,5.8534694404961884,0.42,13.79,950.39,11.96,6.9,2.73,0.765
3524204,SP,JABORANDI,6592,6.462378640776699,0.21,22.46,548.22,24.16,8.18,2.47,0.711
3524303,SP,JABOTICABAL,71662,2.9792637660126706,1.03,14.85,1015.51,5.77,5.16,5.19,0.778
3524402,SP,JACAREÍ,211214,1.3810637552434972,1.11,17.99,846.53,1.8,3.95,3.78,0.777
3524501,SP,JACI,5657,13.894290259855048,0.23,16.74,624.57,10.4,9.27,1.89,0.723
3524600,SP,JACUPIRANGA,17208,45.55439330543933,4.13,36.56,574.52,23.35,9.93,3.79,0.717
3524709,SP,JAGUARIÚNA,44311,2.8841596894676265,0.51,11.95,1038.61,3.9,4.5,1.05,0.784
3524808,SP,JALES,47012,5.898494001531524,0.93,13.15,850.11,8.48,5.9,5.97,0.776
3524907,SP,JAMBEIRO,5349,52.12189194241915,0.55,21.23,738.52,13.25,7.53,2.0,0.756
3525003,SP,JANDIRA,108344,0.0,0.84,17.4,792.33,0.18,4.69,4.07,0.76
3525102,SP,JARDINÓPOLIS,37661,4.0360054167441115,0.48,20.45,742.74,8.35,5.65,2.86,0.735
3525201,SP,JARINU,23847,22.71983897345578,0.52,18.09,718.61,13.53,7.61,1.43,0.733
3525300,SP,JAÚ,131040,3.1265262515262515,0.46,9.04,951.17,2.62,4.92,2.65,0.778
3525409,SP,JERIQUARA,3160,17.531645569620252,1.13,27.2,549.1,41.65,10.61,12.76,0.703
3525508,SP,JOANÓPOLIS,11768,0.0,0.98,20.77,650.99,22.42,8.25,1.44,0.699
3525607,SP,JOÃO RAMALHO,4150,14.626506024096386,1.5,21.5,627.59,27.31,12.0,7.16,0.741
3525706,SP,JOSÉ BONIFÁCIO,32763,9.397796294600617,0.42,10.99,863.34,11.17,6.27,2.95,0.777
3525805,SP,JÚLIO MESQUITA,4430,4.8758465011286685,3.3,31.71,482.86,35.44,12.75,12.82,0.716
3525854,SP,JUMIRIM,2798,41.994281629735525,0.68,13.02,710.27,14.54,7.01,5.34,0.741
3525904,SP,JUNDIAÍ,370126,4.301778313331136,0.52,7.81,1431.55,1.78,3.2,3.99,0.822
3526001,SP,JUNQUEIRÓPOLIS,18726,17.766741429029157,0.98,16.47,737.14,14.27,9.03,4.13,0.745
3526100,SP,JUQUIÁ,19246,36.92715369427413,6.77,41.46,467.35,21.49,11.83,4.11,0.7
3526209,SP,JUQUITIBA,28737,22.6084838361694,2.62,37.56,550.32,13.46,11.61,3.6,0.709
3526308,SP,LAGOINHA,4841,35.178682090477174,2.57,32.89,573.28,36.84,11.26,4.56,0.693
3526407,SP,LARANJAL PAULISTA,25251,10.45107124470318,0.56,12.44,760.58,9.24,4.97,0.94,0.729
3526506,SP,LAVÍNIA,8779,51.190340585488094,1.94,17.43,614.14,24.62,8.36,11.49,0.721
3526605,SP,LAVRINHAS,6590,8.209408194233687,8.15,43.43,500.59,9.03,6.7,1.31,0.729
3526704,SP,LEME,91756,2.064170190505253,0.64,18.55,746.15,17.04,7.59,4.68,0.744
3526803,SP,LENÇÓIS PAULISTA,61428,2.2416487595233443,0.41,12.34,816.48,7.92,5.4,2.43,0.764
3526902,SP,LIMEIRA,276022,2.984182420241865,0.85,13.48,910.85,3.2,4.17,2.96,0.775
3527009,SP,LINDÓIA,6712,0.0,0.0,12.97,714.18,10.8,6.18,4.0,0.742
3527108,SP,LINS,71432,1.1689438906932468,0.6,11.04,919.53,2.23,4.82,7.69,0.786
3527207,SP,LORENA,82537,2.8641700086022026,1.76,23.18,781.28,3.14,3.84,4.91,0.766
3527256,SP,LOURDES,2128,18.045112781954888,2.32,17.29,612.0,22.44,11.24,12.62,0.742
3527306,SP,LOUVEIRA,37125,3.8518518518518516,0.52,7.8,1047.17,4.97,4.5,3.07,0.777
3527405,SP,LUCÉLIA,19882,13.394024746001408,0.36,19.55,743.2,15.77,6.98,7.11,0.752
3527504,SP,LUCIANÓPOLIS,2249,20.85371276122721,0.0,13.35,779.84,46.49,8.37,5.75,0.733
3527603,SP,LUÍS ANTÔNIO,11286,3.4113060428849904,0.99,21.49,661.22,11.37,6.4,2.56,0.731
3527702,SP,LUIZIÂNIA,5030,8.330019880715707,0.36,16.27,557.06,43.36,12.86,3.48,0.702
3527801,SP,LUPÉRCIO,4353,11.210659315414656,0.26,24.67,547.3,43.74,11.58,5.63,0.724
3527900,SP,LUTÉCIA,2714,20.486366985998526,1.49,30.53,516.35,23.52,9.86,3.99,0.72
3528007,SP,MACATUBA,16259,2.9706624023617687,0.74,13.06,920.95,19.29,8.9,3.27,0.77
3528106,SP,MACAUBAL,7663,11.614250293618687,0.65,18.17,704.61,25.08,8.26,1.48,0.743
3528205,SP,MACEDÔNIA,3664,24.208515283842793,0.07,19.17,644.23,34.39,10.65,10.4,0.74
3528304,SP,MAGDA,3200,17.03125,1.4,17.31,725.51,24.18,10.54,7.6,0.753
3528403,SP,MAIRINQUE,43223,19.741804132059322,1.77,18.63,710.18,4.58,5.75,1.44,0.743
3528502,SP,MAIRIPORÃ,80956,12.606848164435002,1.24,21.09,944.03,2.28,5.33,4.03,0.788
3528601,SP,MANDURI,8992,13.500889679715302,0.75,17.5,750.34,33.65,6.08,2.98,0.739
3528700,SP,MARABÁ PAULISTA,4812,55.48628428927681,3.04,32.23,457.56,34.16,10.81,3.0,0.677
3528809,SP,MARACAÍ,13332,9.353435343534354,1.45,16.0,666.65,32.48,8.73,1.73,0.771
3528858,SP,MARAPOAMA,2633,16.483099126471707,1.02,9.29,781.03,19.65,7.26,3.04,0.752
3528908,SP,MARIÁPOLIS,3916,19.892747701736464,1.36,19.28,565.58,33.29,8.97,1.63,0.718
3529005,SP,MARÍLIA,216745,4.486378001799349,1.05,14.54,953.2,2.99,4.28,6.66,0.798
3529104,SP,MARINÓPOLIS,2113,20.91812588736394,0.41,26.02,553.24,33.23,11.01,8.46,0.731
3529203,SP,MARTINÓPOLIS,24219,16.012221809323258,1.42,21.72,636.0,13.38,8.53,6.69,0.721
3529302,SP,MATÃO,76786,1.8349699163910087,0.66,13.39,940.44,8.09,6.05,1.78,0.773
3529401,SP,MAUÁ,417064,0.0,1.41,18.44,709.25,0.33,4.16,2.38,0.766
3529500,SP,MENDONÇA,4640,18.254310344827587,1.32,11.38,707.36,18.91,7.27,3.77,0.744
3529609,SP,MERIDIANO,3855,30.635538261997407,1.28,13.06,694.38,19.81,9.57,3.96,0.731
3529658,SP,MESÓPOLIS,1886,22.163308589607635,1.28,25.44,530.46,49.31,14.58,4.22,0.724
3529708,SP,MIGUELÓPOLIS,20451,5.799227421641974,1.69,22.66,670.82,15.49,10.41,5.57,0.741
3529807,SP,MINEIROS DO TIETÊ,12038,4.469180927064296,0.79,12.96,700.24,16.14,7.86,2.08,0.73
3529906,SP,MIRACATU,20592,48.59168609168609,5.15,47.95,442.77,24.81,11.12,4.64,0.697
3530003,SP,MIRA ESTRELA,2820,33.297872340425535,0.64,21.8,613.14,21.74,11.1,5.12,0.743
3530102,SP,MIRANDÓPOLIS,27483,11.0177200451188,1.23,16.64,758.64,17.16,7.51,10.33,0.751
3530201,SP,MIRANTE DO PARANAPANEMA,17059,41.11612638489947,6.41,36.11,516.3,33.84,13.29,3.23,0.724
3530300,SP,MIRASSOL,53792,2.5263979773944083,0.86,11.22,841.27,2.96,4.77,1.93,0.762
3530409,SP,MIRASSOLÂNDIA,4295,18.69615832363213,1.14,16.33,639.58,19.77,9.39,2.97,0.738
3530508,SP,MOCOCA,66290,7.755317544124303,0.82,17.19,881.99,15.5,6.15,2.17,0.762
3530607,SP,MOGI DAS CRUZES,387779,7.856536841860957,1.93,20.23,916.81,4.6,4.15,4.91,0.783
3530706,SP,MOGI GUAÇU,137245,5.063936755437356,0.56,13.24,802.19,7.81,4.53,1.69,0.774
3530805,SP,MOJI MIRIM,86505,6.427374140223108,1.39,13.49,945.62,6.61,4.64,2.65,0.784
3530904,SP,MOMBUCA,3266,17.7893447642376,3.94,28.64,832.07,22.25,9.87,1.33,0.719
3531001,SP,MONÇÕES,2132,13.883677298311445,0.71,12.02,755.2,17.74,9.27,17.19,0.772
3531100,SP,MONGAGUÁ,46293,0.43635106819605557,2.87,28.3,699.73,1.55,5.06,4.92,0.754
3531209,SP,MONTE ALEGRE DO SUL,7152,42.799217002237135,0.37,13.3,861.61,18.91,6.16,3.68,0.759
3531308,SP,MONTE ALTO,46642,4.500235838943442,0.35,10.15,832.6,9.1,5.45,1.59,0.768
3531407,SP,MONTE APRAZÍVEL,21746,8.934976547411019,0.14,9.17,1032.05,15.07,6.03,3.51,0.785
3531506,SP,MONTE AZUL PAULISTA,18931,6.433891500713116,0.07,14.48,765.11,28.09,8.48,2.23,0.753
3531605,SP,MONTE CASTELO,4063,20.969726802855032,0.45,14.68,646.15,36.1,12.58,8.51,0.741
3531704,SP,MONTEIRO LOBATO,4120,56.84466019417476,1.43,30.91,593.95,22.05,11.22,4.34,0.71
3531803,SP,MONTE MOR,48949,6.069582626815666,1.53,21.83,674.23,7.33,7.49,3.45,0.733
3531902,SP,MORRO AGUDO,29116,4.1523560928698995,1.14,20.32,687.37,20.0,8.96,3.12,0.712
3532009,SP,MORUNGABA,11769,14.597671849774832,1.59,13.04,733.72,13.07,6.04,2.0,0.715
3532058,SP,MOTUCA,4290,27.552447552447553,11.23,25.84,567.17,12.23,8.01,1.29,0.741
3532108,SP,MURUTINGA DO SUL,4186,38.53320592451027,2.45,22.23,636.47,37.19,8.88,5.72,0.726
3532157,SP,NANTES,2707,10.195788695973402,0.42,29.08,472.28,20.95,14.56,12.9,0.714
3532207,SP,NARANDIBA,4288,27.588619402985074,1.38,26.05,482.74,14.27,12.18,5.89,0.718
3532306,SP,NATIVIDADE DA SERRA,6678,58.25097334531297,7.96,41.33,496.93,32.56,17.56,4.61,0.655
3532405,SP,NAZARÉ PAULISTA,16414,15.249177531375654,2.59,29.24,554.18,19.01,11.91,2.18,0.678
3532504,SP,NEVES PAULISTA,8772,9.758321933424533,0.24,9.39,784.55,11.01,7.46,2.82,0.754
3532603,SP,NHANDEARA,10725,18.993006993006993,1.4,15.25,878.42,17.12,7.6,2.85,0.751
3532702,SP,NIPOÃ,4274,11.16050538137576,0.67,15.71,628.33,27.76,8.91,1.45,0.713
3532801,SP,NOVA ALIANÇA,5891,17.144797148192158,1.22,16.06,662.48,19.29,5.99,1.07,0.738
3532827,SP,NOVA CAMPINA,8515,32.33118027011157,7.39,57.07,330.03,38.08,10.41,5.4,0.651
3532843,SP,NOVA CANAÃ PAULISTA,2114,58.372753074739826,2.12,22.14,526.58,49.22,11.98,8.33,0.715
3532868,SP,NOVA CASTILHO,1125,33.68888888888889,1.06,16.84,600.13,35.69,9.11,5.9,0.756
3532900,SP,NOVA EUROPA,9300,7.258064516129032,0.19,14.28,697.32,36.36,7.56,4.19,0.765
3533007,SP,NOVA GRANADA,19180,7.32533889468196,1.16,15.39,737.29,24.72,7.28,1.84,0.739
3533106,SP,NOVA GUATAPORANGA,2177,13.183279742765274,1.17,18.54,652.36,20.63,13.35,14.37,0.726
3533205,SP,NOVA INDEPENDÊNCIA,3068,20.273794002607563,1.25,22.57,533.68,18.66,8.28,0.21,0.735
3533254,SP,NOVAIS,4592,8.95034843205575,1.22,18.92,671.15,24.72,11.72,3.87,0.719
3533304,SP,NOVA LUZITÂNIA,3441,10.28770706190061,0.0,13.41,643.07,19.47,12.28,8.61,0.743
3533403,SP,NOVA ODESSA,51242,1.6295226571952695,0.3,9.05,878.14,1.1,3.77,1.39,0.791
3533502,SP,NOVO HORIZONTE,36593,6.954882081272374,2.13,14.94,806.75,14.49,8.0,1.59,0.753
3533601,SP,NUPORANGA,6817,9.27094029631803,0.44,15.92,751.92,20.96,5.73,2.4,0.746
3533700,SP,OCAUÇU,4163,20.153735287052605,0.77,23.19,547.66,36.9,9.44,1.03,0.717
3533809,SP,ÓLEO,2673,34.04414515525627,1.59,19.99,676.94,45.79,6.32,10.4,0.73
3533908,SP,OLÍMPIA,50024,5.5573324804094035,0.72,14.01,783.14,12.48,5.84,5.62,0.773
3534005,SP,ONDA VERDE,3884,21.652935118434602,0.07,12.26,597.67,17.08,8.74,2.48,0.738
3534104,SP,ORIENTE,6097,6.593406593406593,0.9,19.5,694.16,9.47,6.85,5.02,0.77
3534203,SP,ORINDIÚVA,5675,7.964757709251101,0.14,11.21,699.63,20.81,7.22,0.46,0.767
3534302,SP,ORLÂNDIA,39781,2.576606922902893,0.84,13.23,934.54,9.02,5.45,3.69,0.78
3534401,SP,OSASCO,666740,0.0,1.5,16.13,1003.4,0.2,3.64,3.3,0.776
3534500,SP,OSCAR BRESSANE,2537,17.264485612928656,0.77,20.98,675.35,24.97,10.18,5.01,0.749
3534609,SP,OSVALDO CRUZ,30917,10.140052398356891,0.76,15.91,797.55,8.62,6.8,3.9,0.762
3534708,SP,OURINHOS,103035,2.5826175571407775,0.68,16.48,868.91,3.12,5.24,5.06,0.778
3534757,SP,OUROESTE,8405,10.220107079119572,0.27,17.14,694.33,13.69,9.73,9.69,0.77
3534807,SP,OURO VERDE,7800,8.0,1.44,26.47,504.63,19.84,14.25,7.31,0.692
3534906,SP,PACAEMBU,13226,26.31937093603508,1.54,22.55,694.16,16.88,10.9,10.57,0.725
3535002,SP,PALESTINA,11051,16.858202877567642,0.42,14.58,692.43,35.4,8.66,2.42,0.732
3535101,SP,PALMARES PAULISTA,10934,2.880921895006402,0.16,13.74,615.01,15.04,11.7,0.43,0.722
3535200,SP,PALMEIRA D'OESTE,9584,24.1652754590985,0.67,14.78,707.38,42.32,9.27,4.97,0.753
3535309,SP,PALMITAL,21186,8.302652695176059,2.71,18.13,739.37,15.8,5.89,2.97,0.746
3535408,SP,PANORAMA,14583,2.8663512308852774,0.91,21.98,722.51,7.34,9.08,3.57,0.722
3535507,SP,PARAGUAÇU PAULISTA,42278,9.37603481716259,1.54,19.4,694.42,10.35,7.11,3.95,0.762
3535606,SP,PARAIBUNA,17388,69.85277202668507,2.48,29.35,657.59,15.33,9.85,9.27,0.719
3535705,SP,PARAÍSO,5898,12.037978975924043,1.04,13.38,855.28,25.21,9.61,5.21,0.749
3535804,SP,PARANAPANEMA,17808,18.70507637017071,2.53,25.56,613.31,34.83,9.64,8.82,0.717
3535903,SP,PARANAPUÃ,3815,11.035386631716907,0.91,17.47,670.18,38.45,11.39,2.48,0.732
3536000,SP,PARAPUÃ,10844,17.963850977499078,0.92,24.86,597.44,26.36,9.21,2.94,0.737
3536109,SP,PARDINHO,5582,21.372268004299535,0.35,21.07,696.71,27.27,8.3,2.28,0.727
3536208,SP,PARIQUERA-AÇU,18446,31.36181285915646,2.24,31.25,557.69,19.71,7.25,5.57,0.736
3536257,SP,PARISI,2032,19.143700787401574,0.0,8.95,705.62,28.03,11.15,15.19,0.721
3536307,SP,PATROCÍNIO PAULISTA,13000,19.23846153846154,0.89,22.53,607.51,24.29,7.19,2.5,0.73
3536406,SP,PAULICÉIA,6339,16.86385865278435,0.88,24.11,592.42,16.22,10.08,5.85,0.711
3536505,SP,PAULÍNIA,82146,0.09251819930367881,0.63,9.78,1160.79,2.43,3.65,4.14,0.795
3536570,SP,PAULISTÂNIA,1779,31.871838111298484,2.01,22.07,560.94,57.01,10.91,1.72,0.718
3536604,SP,PAULO DE FARIA,8589,9.768308301315637,1.92,22.87,708.63,27.73,10.73,3.63,0.725
3536703,SP,PEDERNEIRAS,41497,7.000506060679085,2.24,18.26,788.42,16.66,7.07,1.55,0.739
3536802,SP,PEDRA BELA,5780,75.08650519031141,1.15,26.95,521.38,41.33,12.27,1.14,0.677
3536901,SP,PEDRANÓPOLIS,2558,37.80297107114934,1.81,16.4,615.77,27.7,9.95,7.9,0.742
3537008,SP,PEDREGULHO,15700,26.222929936305732,1.79,21.28,690.08,29.76,7.98,2.04,0.715
3537107,SP,PEDREIRA,41558,0.8397901727705857,0.35,7.4,853.76,1.65,4.93,1.22,0.769
3537156,SP,PEDRINHAS PAULISTA,2940,15.646258503401361,0.27,19.6,847.63,24.11,7.47,1.65,0.774
3537206,SP,PEDRO DE TOLEDO,10204,31.076048608388867,4.96,40.12,467.93,24.32,11.02,4.41,0.696
3537305,SP,PENÁPOLIS,58510,4.491539907708084,0.43,13.69,840.16,8.05,5.75,3.52,0.759
3537404,SP,PEREIRA BARRETO,24962,6.9185161445397005,1.22,20.93,743.94,13.65,8.82,5.05,0.766
3537503,SP,PEREIRAS,7454,33.21706466326805,0.61,17.57,692.35,18.44,6.99,0.91,0.736
3537602,SP,PERUÍBE,59773,1.1175614407843006,2.68,26.96,753.85,4.26,6.4,5.55,0.749
3537701,SP,PIACATU,5287,11.802534518630603,2.95,24.93,553.99,25.65,11.65,5.26,0.732
3537800,SP,PIEDADE,52143,54.433001553420404,2.43,25.93,601.32,31.7,9.16,2.72,0.716
3537909,SP,PILAR DO SUL,26406,21.426948420813453,1.41,30.19,531.06,27.98,7.82,2.05,0.69
3538006,SP,PINDAMONHANGABA,146995,3.5967209769039763,1.32,20.9,826.02,4.0,4.07,3.79,0.773
3538105,SP,PINDORAMA,15039,5.346100139636944,0.39,10.74,732.68,15.68,8.63,1.74,0.737
3538204,SP,PINHALZINHO,13105,50.74399084318962,1.15,18.51,652.43,19.43,7.97,1.7,0.725
3538303,SP,PIQUEROBI,3537,24.540571105456603,3.12,29.54,514.47,29.78,12.04,11.32,0.711
3538501,SP,PIQUETE,14107,6.344368044233359,3.54,27.16,665.74,8.89,5.06,4.77,0.757
3538600,SP,PIRACAIA,25116,0.0,2.01,20.59,893.05,9.67,8.04,3.84,0.739
3538709,SP,PIRACICABA,364571,2.1471812075014194,0.94,11.62,1143.2,2.24,3.23,3.46,0.785
3538808,SP,PIRAJU,28475,10.08252853380158,0.23,17.88,801.23,14.41,6.21,6.52,0.758
3538907,SP,PIRAJUÍ,22704,18.51215644820296,0.6,17.8,770.38,16.61,8.25,9.57,0.749
3539004,SP,PIRANGI,10623,10.307822648969218,0.45,10.8,774.99,21.26,8.4,2.68,0.756
3539103,SP,PIRAPORA DO BOM JESUS,15733,0.0,2.55,33.44,546.69,2.4,6.38,12.76,0.727
3539202,SP,PIRAPOZINHO,24694,4.989066169919819,1.09,21.21,798.0,6.9,7.8,4.08,0.776
3539301,SP,PIRASSUNUNGA,70081,8.36888743025927,0.43,12.08,1086.22,7.18,4.24,9.37,0.801
3539400,SP,PIRATININGA,12072,14.247846255798542,1.44,12.94,917.62,13.73,6.02,4.4,0.779
3539509,SP,PITANGUEIRAS,35307,3.849095080295692,2.18,20.0,620.66,18.63,8.54,3.62,0.723
3539608,SP,PLANALTO,4463,15.617297781761147,0.56,20.83,560.64,19.95,10.36,4.68,0.719
3539707,SP,PLATINA,3192,21.271929824561404,1.66,30.23,591.1,30.74,10.7,2.07,0.719
3539806,SP,POÁ,106013,1.5799949062850782,2.34,21.99,664.31,0.48,3.47,5.59,0.771
3539905,SP,POLONI,5395,10.991658943466172,0.0,8.83,778.41,32.42,9.88,4.38,0.766
3540002,SP,POMPÉIA,19964,6.96253255860549,0.94,15.76,850.38,7.85,5.37,1.81,0.786
3540101,SP,PONGAÍ,3481,15.972421717897156,0.0,18.62,736.33,31.33,9.42,2.85,0.755
3540200,SP,PONTAL,40244,1.868601530662956,1.55,19.03,699.28,12.78,10.23,0.72,0.725
3540259,SP,PONTALINDA,4074,17.010309278350515,0.57,19.36,541.56,46.6,14.33,8.45,0.702
3540309,SP,PONTES GESTAL,2518,15.68705321683876,0.68,13.59,642.68,30.5,11.18,8.72,0.732
3540408,SP,POPULINA,4223,19.20435709211461,1.04,19.29,621.48,34.65,13.78,8.86,0.714
3540507,SP,PORANGABA,8326,51.717511410040835,3.18,26.59,606.65,16.99,7.46,1.73,0.703
3540606,SP,PORTO FELIZ,48893,15.947068087456282,0.66,14.24,785.76,12.69,5.51,3.72,0.758
3540705,SP,PORTO FERREIRA,51400,1.793774319066148,0.65,16.01,779.0,7.8,5.52,3.39,0.751
3540754,SP,POTIM,19397,24.16868587925968,1.53,30.4,460.22,1.7,5.06,2.12,0.697
3540804,SP,POTIRENDABA,15449,10.130105508447148,0.08,10.58,785.96,15.63,7.19,3.78,0.747
3540853,SP,PRACINHA,2858,52.09937018894332,1.91,33.28,480.62,36.78,12.58,5.61,0.696
3540903,SP,PRADÓPOLIS,17377,7.34879438338033,1.74,15.74,788.76,19.68,9.25,0.64,0.733
3541000,SP,PRAIA GRANDE,262051,0.0,1.62,20.27,820.97,0.42,4.36,7.05,0.754
3541059,SP,PRATÂNIA,4599,24.222657099369428,0.0,23.57,553.4,46.54,7.98,5.68,0.701
3541109,SP,PRESIDENTE ALVES,4123,16.783895221925782,2.53,22.89,665.72,40.27,10.44,6.21,0.735
3541208,SP,PRESIDENTE BERNARDES,13570,22.62343404568902,2.14,23.74,695.29,19.74,7.99,5.96,0.757
3541307,SP,PRESIDENTE EPITÁCIO,41318,6.711360666053536,2.22,21.9,680.56,9.51,7.2,5.27,0.75
3541406,SP,PRESIDENTE PRUDENTE,207610,2.0398824719425845,0.85,12.62,1080.22,2.89,4.11,6.16,0.806
3541505,SP,PRESIDENTE VENCESLAU,37910,4.320759694012134,0.89,16.36,846.18,8.55,6.97,12.27,0.763
3541604,SP,PROMISSÃO,35674,15.708919661378035,0.99,15.87,726.0,12.96,5.91,4.02,0.743
3541653,SP,QUADRA,3236,74.41285537700865,1.09,31.17,625.35,40.41,9.83,8.39,0.678
3541703,SP,QUATÁ,12799,6.156730994608954,1.16,20.09,648.64,9.8,8.54,9.84,0.738
3541802,SP,QUEIROZ,2808,15.064102564102564,3.79,30.83,491.84,23.73,14.18,1.8,0.715
3541901,SP,QUELUZ,11309,17.985675126005837,5.69,33.96,500.25,8.71,6.86,1.06,0.722
3542008,SP,QUINTANA,6004,8.494337108594271,2.11,26.5,581.09,20.3,10.01,2.25,0.732
3542107,SP,RAFARD,8612,11.855550394797957,1.47,12.66,717.07,7.72,5.02,6.29,0.745
3542206,SP,RANCHARIA,28804,10.331898347451743,1.5,20.37,707.37,15.03,7.65,5.15,0.751
3542305,SP,REDENÇÃO DA SERRA,3873,42.86083139684999,7.55,45.76,411.77,24.28,11.06,4.84,0.657
3542404,SP,REGENTE FEIJÓ,18494,7.813344868606034,0.5,15.89,774.14,11.35,7.74,7.9,0.768
3542503,SP,REGINÓPOLIS,7323,40.43424825891028,0.56,19.89,685.32,28.9,8.81,10.49,0.728
3542602,SP,REGISTRO,54261,11.227216601242144,1.74,29.5,699.41,10.5,5.94,6.97,0.754
3542701,SP,RESTINGA,6587,21.3754364657659,3.51,26.95,499.24,24.69,9.66,0.39,0.705
3542800,SP,RIBEIRA,3358,63.19237641453246,2.82,50.15,416.85,37.41,13.35,8.44,0.698
3542909,SP,RIBEIRÃO BONITO,12135,7.5401730531520395,0.29,21.17,673.96,34.06,10.11,3.96,0.712
3543006,SP,RIBEIRÃO BRANCO,18269,49.13241009360118,9.6,59.29,318.44,48.22,13.34,2.77,0.639
3543105,SP,RIBEIRÃO CORRENTE,4273,20.500819096653405,1.18,22.54,579.04,51.3,10.21,1.56,0.711
3543204,SP,RIBEIRÃO DO SUL,4446,25.888439046333783,1.01,20.83,866.43,31.24,7.65,3.91,0.747
3543238,SP,RIBEIRÃO DOS ÍNDIOS,2187,15.409236396890718,2.04,29.13,489.94,37.03,14.61,5.87,0.721
3543253,SP,RIBEIRÃO GRANDE,7422,68.41821611425492,4.05,38.07,436.21,29.71,13.95,7.94,0.705
3543303,SP,RIBEIRÃO PIRES,113068,0.0,0.99,14.19,847.11,1.08,3.62,4.56,0.784
3543402,SP,RIBEIRÃO PRETO,604682,0.28378552693812614,0.61,9.46,1314.04,1.14,3.01,3.93,0.8
3543501,SP,RIVERSUL,6163,27.113418789550543,8.74,50.45,412.42,37.6,14.32,6.43,0.664
3543600,SP,RIFAINA,3436,12.456344586728754,1.8,22.66,677.62,17.17,7.21,7.77,0.74
3543709,SP,RINCÃO,10414,18.763203380065296,2.11,23.31,626.27,19.93,8.3,1.23,0.734
3543808,SP,RINÓPOLIS,9935,13.07498741821842,1.05,21.28,606.9,35.59,10.73,1.95,0.723
3543907,SP,RIO CLARO,186253,2.433786301428702,0.37,10.4,1049.16,2.49,3.63,2.56,0.803
3544004,SP,RIO DAS PEDRAS,29501,3.182942951086404,0.48,14.39,804.0,5.83,6.48,1.52,0.759
3544103,SP,RIO GRANDE DA SERRA,43974,0.0,1.98,22.01,563.57,0.81,5.73,4.48,0.749
3544202,SP,RIOLÂNDIA,10575,20.88888888888889,1.94,26.31,539.22,29.18,13.77,7.94,0.703
3544251,SP,ROSANA,19691,19.465745772180185,4.84,30.43,843.59,14.61,7.91,4.07,0.764
3544301,SP,ROSEIRA,9599,5.03177414313991,0.38,26.56,588.39,6.26,5.67,6.14,0.737
3544400,SP,RUBIÁCEA,2729,42.726273360205205,1.21,18.35,565.62,33.75,11.66,0.71,0.721
3544509,SP,RUBINÉIA,2862,17.71488469601677,0.64,17.14,676.48,21.84,7.39,23.44,0.759
3544608,SP,SABINO,5217,12.305922944220816,0.71,15.97,655.4,34.98,9.0,2.02,0.728
3544707,SP,SAGRES,2395,24.05010438413361,1.74,25.45,592.88,16.16,14.44,1.81,0.73
3544806,SP,SALES,5451,9.97982021647404,1.47,18.33,654.79,22.98,11.09,6.38,0.751
3544905,SP,SALES OLIVEIRA,10568,9.453065859197578,0.15,12.1,789.73,10.42,5.32,2.7,0.772
3545001,SP,SALESÓPOLIS,15635,36.3351455068756,1.09,25.52,576.55,22.48,9.71,5.14,0.732
3545100,SP,SALMOURÃO,4818,10.315483603154837,1.25,22.15,544.52,36.6,14.93,1.48,0.719
3545159,SP,SALTINHO,7059,16.54625301034141,0.04,5.43,967.88,9.45,2.82,1.65,0.791
3545209,SP,SALTO,105516,0.703210887448349,0.43,11.79,876.67,2.02,4.18,1.64,0.78
3545308,SP,SALTO DE PIRAPORA,40132,21.6012159872421,1.26,25.43,618.93,5.98,8.38,2.94,0.729
3545407,SP,SALTO GRANDE,8787,9.718902924775236,2.53,29.92,499.65,24.06,10.35,4.1,0.704
3545506,SP,SANDOVALINA,3699,30.224384968910517,3.09,34.88,502.4,30.12,11.99,11.94,0.709
3545605,SP,SANTA ADÉLIA,14333,5.39314867787623,0.22,10.23,853.14,10.37,8.03,1.96,0.76
3545704,SP,SANTA ALBERTINA,5723,14.537829809540451,1.03,17.18,686.89,26.85,10.54,6.47,0.728
3545803,SP,SANTA BÁRBARA D'OESTE,180009,0.7849607519624019,0.37,8.67,863.02,0.84,3.87,1.2,0.781
3546009,SP,SANTA BRANCA,13763,11.792487103102522,1.36,25.99,645.59,12.55,7.26,2.48,0.735
3546108,SP,SANTA CLARA D'OESTE,2084,24.616122840690977,0.39,17.58,672.98,27.65,11.42,3.15,0.733
3546207,SP,SANTA CRUZ DA CONCEIÇÃO,4002,32.33383308345827,1.35,14.4,1400.46,20.27,5.65,5.98,0.79
3546256,SP,SANTA CRUZ DA ESPERANÇA,1953,32.25806451612903,2.49,24.74,700.57,24.35,5.82,1.34,0.743
3546306,SP,SANTA CRUZ DAS PALMEIRAS,29932,3.113724442068689,1.01,16.66,829.66,20.02,8.62,1.52,0.728
3546405,SP,SANTA CRUZ DO RIO PARDO,43921,8.576762824161563,0.33,14.56,818.3,13.11,5.77,2.47,0.762
3546504,SP,SANTA ERNESTINA,5568,7.5969827586206895,0.42,15.96,688.24,32.61,7.6,1.0,0.738
3546603,SP,SANTA FÉ DO SUL,29239,3.936523136906187,0.61,10.07,924.06,6.86,6.79,8.57,0.784
3546702,SP,SANTA GERTRUDES,21634,1.0631413515762227,0.52,10.25,718.03,1.64,4.88,1.05,0.737
3546801,SP,SANTA ISABEL,50453,21.52894773353418,3.21,24.43,623.11,5.84,7.98,2.56,0.738
3546900,SP,SANTA LÚCIA,8248,5.98933074684772,0.59,15.9,609.37,9.6,8.53,1.23,0.737
3547007,SP,SANTA MARIA DA SERRA,5413,11.841862183631997,4.05,25.37,578.55,34.59,9.15,2.9,0.686
3547106,SP,SANTA MERCEDES,2831,13.175556340515719,0.63,24.8,561.64,21.63,12.6,12.04,0.739
3547205,SP,SANTANA DA PONTE PENSA,1641,33.15051797684339,0.43,9.04,856.78,43.21,9.42,2.05,0.773
3547304,SP,SANTANA DE PARNAÍBA,108813,0.0,1.45,16.85,1858.69,0.82,4.78,3.33,0.814
3547403,SP,SANTA RITA D'OESTE,2543,30.279197797876524,0.52,11.48,666.14,35.0,12.01,0.81,0.761
3547502,SP,SANTA RITA DO PASSA QUATRO,26478,10.487952262255458,0.53,13.48,930.59,10.95,4.65,8.22,0.775
3547601,SP,SANTA ROSA DE VITERBO,23862,4.672701366188919,0.92,18.15,829.2,9.23,5.18,0.9,0.77
3547650,SP,SANTA SALETE,1447,43.40013821700069,0.65,10.94,673.2,49.88,6.18,13.24,0.772
3547700,SP,SANTO ANASTÁCIO,20475,6.813186813186813,1.13,26.35,726.34,13.15,7.45,5.75,0.753
3547809,SP,SANTO ANDRÉ,676407,0.0,0.78,11.77,1304.31,0.28,2.88,3.09,0.815
3547908,SP,SANTO ANTÔNIO DA ALEGRIA,6304,25.935913705583758,1.24,23.8,585.63,43.74,5.94,3.73,0.702
3548005,SP,SANTO ANTÔNIO DE POSSE,20650,8.794188861985472,1.24,17.19,695.67,13.99,8.29,3.18,0.702
3548054,SP,SANTO ANTÔNIO DO ARACANGUÁ,7626,21.702071859428273,0.77,16.52,662.71,24.5,10.07,0.79,0.757
3548104,SP,SANTO ANTÔNIO DO JARDIM,5943,40.568736328453646,2.09,15.91,635.11,44.15,8.97,3.14,0.714
3548203,SP,SANTO ANTÔNIO DO PINHAL,6486,40.56429232192414,1.17,31.16,569.08,17.16,8.58,0.73,0.706
3548302,SP,SANTO EXPEDITO,2803,11.594719942918301,2.85,28.78,497.6,13.87,12.13,13.3,0.732
3548401,SP,SANTÓPOLIS DO AGUAPEÍ,4277,3.3668459200374095,0.37,18.82,551.5,17.26,9.03,3.13,0.74
3548500,SP,SANTOS,419400,0.0748688602765856,0.6,8.08,1693.65,0.42,2.29,6.44,0.84
3548609,SP,SÃO BENTO DO SAPUCAÍ,10468,51.85326709973252,2.21,28.59,701.89,20.44,8.88,5.06,0.72
3548708,SP,SÃO BERNARDO DO CAMPO,765463,1.6728437560012699,0.99,13.22,1212.65,0.53,3.18,2.91,0.805
3548807,SP,SÃO CAETANO DO SUL,149263,0.0,0.09,3.85,2043.74,0.27,1.59,3.01,0.862
3548906,SP,SÃO CARLOS,221950,4.0049560711872045,0.58,10.01,1079.45,3.38,3.81,3.72,0.805
3549003,SP,SÃO FRANCISCO,2793,22.413175796634444,0.29,21.09,643.37,46.97,12.31,8.53,0.723
3549102,SP,SÃO JOÃO DA BOA VISTA,83639,3.989765539999283,0.32,12.66,998.31,7.19,4.03,3.69,0.797
3549201,SP,SÃO JOÃO DAS DUAS PONTES,2566,23.57755261106781,0.74,22.06,532.23,39.28,10.58,6.86,0.72
3549250,SP,SÃO JOÃO DE IRACEMA,1780,18.426966292134832,2.9,20.41,559.18,38.68,11.88,14.22,0.748
3549300,SP,SÃO JOÃO DO PAU D'ALHO,2103,18.92534474560152,0.73,8.49,680.13,28.99,11.7,4.0,0.75
3549409,SP,SÃO JOAQUIM DA BARRA,46512,1.7930856553147574,0.36,11.74,799.93,6.93,5.28,3.52,0.762
3549508,SP,SÃO JOSÉ DA BELA VISTA,8406,10.956459671663097,2.45,29.24,548.31,28.7,11.97,0.0,0.693
3549607,SP,SÃO JOSÉ DO BARREIRO,4077,29.62962962962963,7.09,43.92,506.16,29.59,11.58,2.28,0.684
3549706,SP,SÃO JOSÉ DO RIO PARDO,51900,11.447013487475916,0.8,17.98,818.61,14.57,5.03,2.51,0.774
3549805,SP,SÃO JOSÉ DO RIO PRETO,408258,6.066751906882413,0.46,8.85,1169.16,1.53,3.32,3.11,0.797
3549904,SP,SÃO JOSÉ DOS CAMPOS,629921,2.034382089182612,1.01,13.03,1190.96,1.18,3.09,3.8,0.807
3549953,SP,SÃO LOURENÇO DA SERRA,13973,8.974450726400915,1.61,26.78,640.64,12.39,8.75,7.13,0.728
3550001,SP,SÃO LUÍS DO PARAITINGA,10397,40.55977685870924,0.99,32.84,590.68,27.44,10.53,1.2,0.697
3550100,SP,SÃO MANUEL,38342,2.4229304678942154,1.3,15.61,773.82,14.56,7.46,3.93,0.744
3550209,SP,SÃO MIGUEL ARCANJO,31450,31.63116057233704,4.09,32.62,657.07,43.96,8.52,2.13,0.71
3550308,SP,SÃO PAULO,11253503,0.8989112101360794,0.92,14.69,1516.21,0.33,3.3,3.27,0.805
3550407,SP,SÃO PEDRO,31662,15.965510706841009,0.49,16.24,803.02,5.84,5.49,1.97,0.755
3550506,SP,SÃO PEDRO DO TURVO,7198,28.452347874409558,1.79,29.59,488.08,38.97,8.91,0.85,0.703
3550605,SP,SÃO ROQUE,78821,9.303358242092843,1.61,15.04,932.62,5.72,4.7,4.15,0.768
3550704,SP,SÃO SEBASTIÃO,73942,1.126558654080225,0.68,16.6,837.48,1.71,6.2,5.0,0.772
3550803,SP,SÃO SEBASTIÃO DA GRAMA,12099,34.11852219191669,0.82,23.62,581.04,37.54,8.67,1.49,0.701
3550902,SP,SÃO SIMÃO,14346,9.884288303359822,0.71,16.7,761.14,13.33,5.13,1.99,0.766
3551009,SP,SÃO VICENTE,332445,0.18890342763464632,1.48,18.56,789.32,0.4,4.42,4.58,0.768
3551108,SP,SARAPUÍ,9027,26.37642627672538,1.67,32.34,619.86,24.68,9.33,3.93,0.707
3551207,SP,SARUTAIÁ,3622,18.360022087244616,0.3,27.66,548.61,44.02,11.79,3.99,0.688
3551306,SP,SEBASTIANÓPOLIS DO SUL,3031,22.566809633784228,0.16,8.77,840.63,14.27,8.7,5.05,0.773
3551405,SP,SERRA AZUL,11256,28.775764036958066,1.59,23.01,613.57,8.93,9.55,5.5,0.686
3551504,SP,SERRANA,38878,1.0597252945110345,0.52,14.18,677.75,7.7,6.78,2.94,0.729
3551603,SP,SERRA NEGRA,26387,13.241368855875999,0.25,12.32,927.39,14.26,6.6,2.19,0.767
3551702,SP,SERTÃOZINHO,110074,1.1828406344822573,0.6,12.01,953.23,2.78,5.67,3.39,0.761
3551801,SP,SETE BARRAS,13005,44.705882352941174,4.12,46.06,459.28,44.54,11.22,3.05,0.673
3551900,SP,SEVERÍNIA,15501,4.690019998709761,0.28,15.06,657.45,50.63,11.56,2.97,0.715
3552007,SP,SILVEIRAS,5792,50.293508287292816,4.87,39.91,475.69,24.67,11.59,4.06,0.678
3552106,SP,SOCORRO,36686,32.006760071962056,0.88,15.1,785.71,20.25,7.16,1.96,0.729
3552205,SP,SOROCABA,586625,1.0176859151928404,0.89,12.1,1107.19,0.8,3.24,4.28,0.798
3552304,SP,SUD MENNUCCI,7435,14.06859448554136,1.49,17.65,813.95,28.14,10.08,4.22,0.747
3552403,SP,SUMARÉ,241311,1.1773188955331502,0.88,14.5,820.03,1.61,5.14,2.26,0.762
3552502,SP,SUZANO,262480,3.5202682109113077,1.91,25.47,654.61,2.8,5.14,3.07,0.765
3552551,SP,SUZANÁPOLIS,3383,33.254507833284066,3.4,32.63,500.45,37.17,13.02,7.93,0.699
3552601,SP,TABAPUÃ,11363,7.427615946493003,0.49,12.22,731.31,27.46,8.19,5.12,0.735
3552700,SP,TABATINGA,14686,14.353806346180036,1.8,15.13,625.39,30.41,10.05,1.13,0.704
3552809,SP,TABOÃO DA SERRA,244528,0.0,1.62,17.56,812.19,0.32,4.17,3.66,0.769
3552908,SP,TACIBA,5714,15.085754287714385,1.61,19.67,559.1,34.57,12.01,1.55,0.723
3553005,SP,TAGUAÍ,10828,28.361654968599925,0.68,15.28,587.51,17.28,7.86,3.61,0.709
3553104,SP,TAIAÇU,5894,9.416355615880557,1.42,20.72,626.12,42.52,11.67,2.72,0.71
3553203,SP,TAIÚVA,5447,8.812190196438406,0.51,15.39,761.47,30.18,8.75,4.22,0.76
3553302,SP,TAMBAÚ,22406,11.144336338480764,0.72,17.13,747.11,12.78,5.65,2.21,0.731
3553401,SP,TANABI,24055,9.644564539596757,0.8,12.98,775.79,13.85,7.3,2.0,0.748
3553500,SP,TAPIRAÍ,8012,28.507239141288068,3.66,40.9,449.75,23.92,11.83,1.4,0.681
3553609,SP,TAPIRATIBA,12737,17.53160084792337,0.71,18.12,637.12,28.1,6.72,2.17,0.751
3553658,SP,TAQUARAL,2726,4.145267791636097,1.54,14.54,811.38,41.21,11.67,5.59,0.759
3553708,SP,TAQUARITINGA,53988,5.223382973994221,0.98,17.62,739.25,19.2,7.6,4.1,0.748
3553807,SP,TAQUARITUBA,22291,12.166345161724463,2.48,26.81,624.86,24.07,9.03,2.9,0.701
3553856,SP,TAQUARIVAÍ,5151,45.42807221898661,1.77,52.53,373.06,39.39,10.33,1.92,0.679
3553906,SP,TARABAI,6607,7.5374602694112305,2.41,29.7,505.51,14.56,11.67,3.94,0.726
3553955,SP,TARUMÃ,12885,5.890570430733411,1.72,21.78,787.79,17.57,9.21,8.04,0.753
3554003,SP,TATUÍ,107326,4.723925237128003,1.18,17.38,771.05,5.64,4.48,3.56,0.752
3554102,SP,TAUBATÉ,278686,2.157625427900935,0.84,13.83,1011.95,1.46,3.18,6.75,0.8
3554201,SP,TEJUPÁ,4809,35.12164691203993,2.88,34.66,510.13,66.34,16.11,9.87,0.668
3554300,SP,TEODORO SAMPAIO,21386,18.802020013092676,5.1,24.69,619.79,18.1,9.78,6.55,0.741
3554409,SP,TERRA ROXA,8505,4.679600235155791,0.66,12.92,759.32,40.95,7.7,3.2,0.749
3554508,SP,TIETÊ,36835,9.083751866431383,1.04,13.53,927.25,8.2,3.88,1.19,0.778
3554607,SP,TIMBURI,2646,27.286470143613002,1.45,26.9,580.24,50.25,10.84,3.47,0.71
3554656,SP,TORRE DE PEDRA,2254,34.826974267968055,1.11,27.86,548.39,13.12,5.13,1.54,0.714
3554706,SP,TORRINHA,9330,14.908896034297964,0.2,13.49,770.15,37.78,6.75,2.62,0.744
3554755,SP,TRABIJU,1544,8.160621761658032,0.53,28.15,505.36,43.65,11.11,0.55,0.722
3554805,SP,TREMEMBÉ,40984,9.877025180558267,1.38,19.16,959.88,3.63,4.19,4.98,0.785
3554904,SP,TRÊS FRONTEIRAS,5427,15.275474479454578,0.93,16.91,663.71,17.82,9.83,7.93,0.753
3554953,SP,TUIUTI,5930,49.932546374367625,0.41,18.31,630.49,28.4,9.24,2.62,0.728
3555000,SP,TUPÃ,63476,4.010964774087844,1.07,17.14,926.96,7.34,7.25,4.42,0.771
3555109,SP,TUPI PAULISTA,14269,21.46611535496531,0.69,12.42,914.36,13.14,7.18,4.81,0.769
3555208,SP,TURIÚBA,1930,18.134715025906736,1.54,12.47,676.92,25.35,12.18,25.11,0.751
3555307,SP,TURMALINA,1978,28.867542972699695,1.28,11.24,725.06,37.72,12.04,11.4,0.736
3555356,SP,UBARANA,5289,8.394781622234827,0.71,21.68,522.27,20.58,10.06,3.31,0.7
3555406,SP,UBATUBA,78801,2.4035227979340363,2.58,25.64,803.5,3.54,6.15,4.07,0.751
3555505,SP,UBIRAJARA,4427,27.061215269934493,1.26,23.2,580.57,55.36,9.88,2.52,0.727
3555604,SP,UCHOA,9471,7.074226586421708,1.21,18.08,655.13,20.77,7.71,7.1,0.721
3555703,SP,UNIÃO PAULISTA,1599,23.452157598499063,0.77,16.92,610.77,28.03,12.76,2.61,0.749
3555802,SP,URÂNIA,8836,15.844273426889995,1.42,16.15,739.08,24.71,9.46,6.43,0.746
3555901,SP,URU,1251,13.589128697042366,3.91,24.15,544.1,29.97,7.3,3.22,0.712
3556008,SP,URUPÊS,12714,11.01148340412144,0.4,9.39,805.66,25.52,7.08,1.41,0.745
3556107,SP,VALENTIM GENTIL,11036,8.725987676694455,1.07,12.32,654.97,8.71,7.34,2.43,0.735
3556206,SP,VALINHOS,106793,4.838332100418567,0.15,5.9,1570.91,3.24,3.27,2.02,0.819
3556305,SP,VALPARAÍSO,22576,4.903437278525868,1.47,19.69,701.02,12.33,7.73,2.89,0.725
3556354,SP,VARGEM,8801,49.76707192364504,0.83,19.22,587.59,12.44,10.36,1.01,0.699
3556404,SP,VARGEM GRANDE DO SUL,39266,5.0730912239596595,0.83,15.28,711.6,18.17,6.22,2.43,0.737
3556453,SP,VARGEM GRANDE PAULISTA,42997,0.0,1.38,14.62,876.61,2.99,4.32,3.35,0.77
3556503,SP,VÁRZEA PAULISTA,107089,0.0,1.15,13.39,706.02,1.06,5.27,1.79,0.759
3556602,SP,VERA CRUZ,10769,13.055994057015507,0.88,16.64,713.66,22.05,8.48,5.0,0.754
3556701,SP,VINHEDO,63611,3.1425382402414677,0.13,5.12,1493.32,2.0,3.51,1.65,0.817
3556800,SP,VIRADOURO,17297,2.9253627796727755,0.71,13.78,692.01,15.99,7.05,5.67,0.739
3556909,SP,VISTA ALEGRE DO ALTO,6886,7.754864943363346,0.0,7.0,732.14,33.93,8.53,0.66,0.744
3556958,SP,VITÓRIA BRASIL,1737,17.386298215313758,0.28,15.39,572.68,37.59,14.1,12.11,0.725
3557006,SP,VOTORANTIM,108809,3.8140227370897626,0.8,15.37,703.99,1.71,3.66,4.24,0.767
3557105,SP,VOTUPORANGA,84692,2.801917536485146,0.74,10.45,977.39,4.5,5.43,4.28,0.79
3557154,SP,ZACARIAS,2335,21.370449678800856,0.36,18.2,605.79,28.88,9.3,5.29,0.729
3557204,SP,CHAVANTES,12114,8.048538880633977,0.47,20.76,677.3,8.88,9.38,1.18,0.729
3557303,SP,ESTIVA GERBI,10044,20.240939864595777,0.82,15.32,686.89,16.47,5.71,0.33,0.74
4100103,PR,ABATIÁ,7764,26.172076249356003,3.57,29.5,535.86,52.55,18.07,0.93,0.687
4100202,PR,ADRIANÓPOLIS,6376,67.69134253450439,8.22,50.03,440.79,46.7,18.36,7.43,0.667
4100301,PR,AGUDOS DO SUL,8270,65.87666263603386,3.85,36.56,519.63,42.12,9.55,2.78,0.66
4100400,PR,ALMIRANTE TAMANDARÉ,103204,4.178132630518197,1.01,18.33,646.02,3.48,6.51,2.83,0.699
4100459,PR,ALTAMIRA DO PARANÁ,4306,50.41802136553646,10.21,48.16,506.31,47.49,19.08,5.64,0.667
4100509,PR,ALTÔNIA,20516,26.42815363618639,0.86,19.1,585.49,24.13,10.83,3.5,0.721
4100608,PR,ALTO PARANÁ,13663,17.873087901632147,2.24,26.97,548.25,31.8,11.12,4.8,0.696
4100707,PR,ALTO PIQUIRI,10179,17.712938402593576,2.01,29.67,515.07,29.62,14.86,5.65,0.676
4100806,PR,ALVORADA DO SUL,10283,28.639502090829524,6.08,29.06,605.41,25.69,10.92,3.27,0.708
4100905,PR,AMAPORÃ,5443,20.448282197317656,4.94,30.87,441.01,43.51,14.12,0.08,0.669
4101002,PR,AMPÉRE,17308,23.405361682458977,3.59,25.48,618.76,19.44,8.01,3.55,0.709
4101051,PR,ANAHY,2874,26.652748782185107,1.71,27.77,520.88,35.66,12.66,11.41,0.695
4101101,PR,ANDIRÁ,20610,6.108685104318292,2.87,23.25,587.51,18.43,10.71,2.99,0.725
4101150,PR,ÂNGULO,2859,21.196222455403987,0.31,20.65,641.37,37.71,12.11,9.35,0.721
4101200,PR,ANTONINA,18891,14.970091578000106,6.13,40.03,572.38,16.84,9.23,6.7,0.687
4101309,PR,ANTÔNIO OLINTO,7351,90.65433274384438,13.2,48.2,393.68,65.63,7.37,3.46,0.656
4101408,PR,APUCARANA,120919,5.640966266674385,0.45,13.05,804.81,6.54,6.27,3.0,0.748
4101507,PR,ARAPONGAS,104150,2.2073931829092657,0.49,10.98,855.02,5.27,5.3,2.67,0.748
4101606,PR,ARAPOTI,25855,15.768710114097853,4.58,33.51,684.8,24.98,8.26,0.56,0.723
4101655,PR,ARAPUÃ,3561,62.538612749227745,12.03,44.63,424.27,54.83,17.79,9.57,0.676
4101705,PR,ARARUNA,13419,21.939041657351517,1.32,21.26,566.78,26.92,10.57,2.46,0.704
4101804,PR,ARAUCÁRIA,119123,7.486379624421816,0.83,14.09,814.39,5.97,3.81,3.0,0.74
4101853,PR,ARIRANHA DO IVAÍ,2453,63.14716673461068,3.67,37.51,420.24,55.49,16.19,1.87,0.67
4101903,PR,ASSAÍ,16354,16.919408095878683,1.65,27.68,723.56,22.47,10.59,3.19,0.728
4102000,PR,ASSIS CHATEAUBRIAND,33025,12.148372445117335,1.73,22.76,676.1,25.65,8.66,3.77,0.729
4102109,PR,ASTORGA,24698,8.660620293141145,0.67,11.9,875.14,17.18,8.59,3.63,0.747
4102208,PR,ATALAIA,3913,14.46460516227958,0.82,17.99,649.55,26.3,9.94,8.35,0.736
4102307,PR,BALSA NOVA,11300,39.203539823008846,3.05,20.41,652.54,16.52,4.85,3.64,0.696
4102406,PR,BANDEIRANTES,32184,11.807109122545365,1.13,25.04,679.72,14.35,9.67,2.68,0.727
4102505,PR,BARBOSA FERRAZ,12656,24.296776232616942,5.07,36.54,507.7,40.04,16.92,5.03,0.696
4102604,PR,BARRACÃO,9735,28.012326656394453,3.13,30.4,688.92,28.69,8.96,6.02,0.706
4102703,PR,BARRA DO JACARÉ,2727,32.123212321232124,3.25,29.27,543.58,36.21,12.63,0.88,0.744
4102752,PR,BELA VISTA DA CAROBA,3945,73.61216730038022,4.07,38.4,507.41,68.31,15.1,7.48,0.681
4102802,PR,BELA VISTA DO PARAÍSO,15079,5.855825983155381,1.17,20.8,710.14,21.45,12.71,3.71,0.716
4102901,PR,BITURUNA,15880,37.66372795969773,7.64,44.51,443.43,39.87,8.78,1.05,0.667
4103008,PR,BOA ESPERANÇA,4568,42.20665499124343,3.36,32.38,575.77,34.17,14.12,8.32,0.72
4103024,PR,BOA ESPERANÇA DO IGUAÇU,2764,65.52098408104197,7.04,32.49,527.03,60.24,8.92,11.34,0.7
4103040,PR,BOA VENTURA DE SÃO ROQUE,6554,76.44186756179433,8.1,47.99,415.44,62.73,12.88,1.46,0.655
4103057,PR,BOA VISTA DA APARECIDA,7911,38.06092782201997,5.94,36.1,510.39,38.95,16.84,7.42,0.67
4103107,PR,BOCAIÚVA DO SUL,10987,53.32665877855648,2.09,31.09,547.26,29.77,9.77,3.72,0.64
4103156,PR,BOM JESUS DO SUL,3796,75.42149631190728,7.72,41.27,430.51,60.5,11.03,2.76,0.697
4103206,PR,BOM SUCESSO,6561,18.777625361987504,0.51,19.58,592.27,34.42,14.68,5.63,0.686
4103222,PR,BOM SUCESSO DO SUL,3293,51.9890677194048,7.29,35.29,639.33,42.04,2.0,7.01,0.742
4103305,PR,BORRAZÓPOLIS,7878,26.26301091647626,2.03,24.26,604.08,43.0,12.51,2.42,0.717
4103354,PR,BRAGANEY,5735,40.41848299912816,3.11,32.74,580.75,38.19,14.18,2.28,0.701
4103370,PR,BRASILÂNDIA DO SUL,3209,32.0660641944531,1.28,31.6,550.58,37.99,16.57,6.46,0.681
4103404,PR,CAFEARA,2695,18.552875695732837,2.77,21.68,560.67,33.84,16.72,4.02,0.693
4103453,PR,CAFELÂNDIA,14662,15.782294366389305,0.4,13.76,721.38,20.39,4.72,5.91,0.748
4103479,PR,CAFEZAL DO SUL,4290,22.494172494172496,1.03,24.89,569.82,33.12,16.24,3.2,0.692
4103503,PR,CALIFÓRNIA,8069,25.29433634898996,1.73,24.21,698.38,21.2,9.25,4.32,0.722
4103602,PR,CAMBARÁ,23886,6.367746797287114,2.34,24.46,666.89,13.05,9.14,3.47,0.721
4103701,PR,CAMBÉ,96733,3.9086971354139743,0.77,13.87,723.34,4.39,6.77,2.7,0.734
4103800,PR,CAMBIRA,7236,24.33665008291874,1.03,20.05,630.19,28.62,9.48,5.11,0.725
4103909,PR,CAMPINA DA LAGOA,15394,18.42925815252696,2.9,34.71,540.04,33.23,14.02,5.15,0.704
4103958,PR,CAMPINA DO SIMÃO,4076,65.94700686947988,13.61,55.37,330.48,55.61,12.9,3.21,0.63
4104006,PR,CAMPINA GRANDE DO SUL,38769,17.560421986638808,1.17,20.06,671.29,5.44,6.39,2.68,0.718
4104055,PR,CAMPO BONITO,4407,41.45677331518039,2.98,33.99,585.04,50.26,14.27,5.45,0.681
4104105,PR,CAMPO DO TENENTE,7125,41.136842105263156,2.73,39.09,488.06,35.1,9.81,4.22,0.686
4104204,PR,CAMPO LARGO,112377,16.20082401203093,1.47,17.6,749.21,7.3,4.77,2.51,0.745
4104253,PR,CAMPO MAGRO,24843,21.317876262931208,1.7,21.83,567.04,9.98,6.6,2.41,0.701
4104303,PR,CAMPO MOURÃO,87194,5.181549189164392,1.23,17.95,843.42,7.87,7.78,4.12,0.757
4104402,PR,CÂNDIDO DE ABREU,16655,71.46802761933354,10.96,51.11,438.62,63.97,17.64,2.08,0.629
4104428,PR,CANDÓI,14983,53.106854435026364,9.92,46.25,472.4,44.99,10.22,7.2,0.635
4104451,PR,CANTAGALO,12952,34.303582458307595,5.75,49.19,424.57,38.98,9.48,6.05,0.635
4104501,PR,CAPANEMA,18526,39.81431501673324,2.39,19.28,701.11,38.78,7.86,4.05,0.706
4104600,PR,CAPITÃO LEÔNIDAS MARQUES,14970,23.246492985971944,1.03,23.05,670.16,24.73,10.28,6.55,0.716
4104659,PR,CARAMBEÍ,19163,27.37045347805667,2.07,25.02,711.5,17.76,5.37,0.6,0.728
4104709,PR,CARLÓPOLIS,13706,31.759813220487377,1.1,26.39,608.82,41.85,8.6,1.38,0.713
4104808,PR,CASCAVEL,286205,5.6449048758756835,0.8,13.68,1003.38,5.83,4.77,5.25,0.782
4104907,PR,CASTRO,67084,26.560729831256335,3.91,32.32,639.54,24.27,8.24,2.64,0.703
4105003,PR,CATANDUVAS,10202,47.63771809449128,6.65,40.8,539.43,40.96,14.75,4.66,0.678
4105102,PR,CENTENÁRIO DO SUL,11190,16.586237712243076,1.46,22.09,571.32,28.5,14.54,1.03,0.668
4105201,PR,CERRO AZUL,16938,71.61412209233676,11.26,54.12,342.88,56.74,19.36,3.1,0.573
4105300,PR,CÉU AZUL,11032,23.975707034082667,0.8,18.26,759.41,24.67,6.69,3.34,0.732
4105409,PR,CHOPINZINHO,19679,36.43985974897098,3.07,25.46,802.23,37.38,8.7,3.46,0.74
4105508,PR,CIANORTE,69958,10.972297664312874,0.58,9.47,837.13,7.98,5.94,2.68,0.755
4105607,PR,CIDADE GAÚCHA,11062,17.049358163080818,1.54,15.37,671.1,22.05,12.21,4.99,0.718
4105706,PR,CLEVELÂNDIA,17240,14.39675174013921,3.91,35.36,696.71,23.02,12.3,4.41,0.694
4105805,PR,COLOMBO,212967,4.584747871735996,0.77,16.29,682.85,2.41,4.97,2.8,0.733
4105904,PR,COLORADO,22345,5.9968673081226225,0.18,9.68,833.7,18.83,9.35,3.5,0.73
4106001,PR,CONGONHINHAS,8279,41.611305713250395,6.61,44.01,471.57,51.36,18.4,5.04,0.668
4106100,PR,CONSELHEIRO MAIRINCK,3636,30.83058305830583,2.41,36.71,534.5,31.49,11.01,7.93,0.707
4106209,PR,CONTENDA,15891,41.91051538606759,2.17,28.85,612.8,34.73,5.37,4.19,0.681
4106308,PR,CORBÉLIA,16312,14.320745463462481,0.97,20.0,743.65,24.38,8.24,3.48,0.738
4106407,PR,CORNÉLIO PROCÓPIO,46928,5.583020797817934,1.37,16.15,828.19,8.8,7.1,2.84,0.759
4106456,PR,CORONEL DOMINGOS SOARES,7238,75.78060237634706,15.41,54.78,353.16,55.86,11.06,2.6,0.6
4106506,PR,CORONEL VIVIDA,21749,28.98524070072187,2.65,24.25,679.98,31.18,8.82,1.83,0.723
4106555,PR,CORUMBATAÍ DO SUL,4002,46.85157421289355,4.5,40.76,409.02,59.1,20.7,3.02,0.638
4106571,PR,CRUZEIRO DO IGUAÇU,4278,38.68630201028518,4.0,27.04,636.1,42.98,13.78,8.71,0.709
4106605,PR,CRUZEIRO DO OESTE,20416,13.46492946708464,0.77,22.27,617.44,19.75,13.37,3.66,0.717
4106704,PR,CRUZEIRO DO SUL,4563,25.39995616918694,1.91,25.79,558.9,36.01,12.84,5.92,0.713
4106803,PR,CRUZ MACHADO,18040,66.42461197339246,14.54,48.91,414.98,63.89,6.33,0.54,0.664
4106852,PR,CRUZMALTINA,3162,52.46679316888046,0.65,32.19,456.21,56.02,18.38,3.43,0.666
4106902,PR,CURITIBA,1751907,0.0,0.48,7.86,1581.04,0.8,2.22,5.26,0.823
4107009,PR,CURIÚVA,13923,31.243266537384184,3.3,39.9,455.24,40.52,14.65,1.37,0.656
4107108,PR,DIAMANTE DO NORTE,5516,17.494561276287165,1.13,22.01,619.39,29.21,12.03,6.61,0.723
4107124,PR,DIAMANTE DO SUL,3510,59.971509971509974,11.14,51.97,344.73,53.88,21.23,6.14,0.608
4107157,PR,DIAMANTE D'OESTE,5027,49.05510244678735,9.89,44.4,447.57,45.34,18.29,6.4,0.644
4107207,PR,DOIS VIZINHOS,36179,22.344453965007325,1.52,15.87,836.1,23.38,7.06,2.84,0.767
4107256,PR,DOURADINA,7445,29.670920080591,0.3,15.17,708.51,17.02,10.06,5.79,0.724
4107306,PR,DOUTOR CAMARGO,5828,12.336993822923816,3.28,14.99,639.19,23.61,9.29,3.72,0.746
4107405,PR,ENÉAS MARQUES,6103,65.16467311158446,2.85,24.74,948.7,51.56,9.37,7.35,0.752
4107504,PR,ENGENHEIRO BELTRÃO,13906,11.707176758233857,2.62,19.38,629.05,19.43,10.35,3.38,0.73
4107520,PR,ESPERANÇA NOVA,1970,61.82741116751269,2.31,21.09,584.46,45.52,12.07,10.53,0.689
4107538,PR,ENTRE RIOS DO OESTE,3926,32.70504330106979,0.41,10.9,1013.75,43.72,3.39,4.9,0.761
4107546,PR,ESPIGÃO ALTO DO IGUAÇU,4677,64.80649989309386,18.67,49.06,409.12,56.29,15.18,1.73,0.636
4107553,PR,FAROL,3472,41.8778801843318,4.42,33.95,521.09,43.16,16.16,8.28,0.715
4107603,PR,FAXINAL,16314,21.91369375996077,1.5,30.38,612.79,28.14,14.38,3.44,0.687
4107652,PR,FAZENDA RIO GRANDE,81675,7.036424854606673,1.62,18.31,677.31,2.14,4.8,2.87,0.72
4107702,PR,FÊNIX,4802,16.805497709287796,4.83,31.27,514.41,32.13,14.38,5.66,0.716
4107736,PR,FERNANDES PINHEIRO,5932,64.69993256911665,9.55,48.11,446.98,46.78,10.7,6.73,0.645
4107751,PR,FIGUEIRA,8293,14.494151694199928,1.82,30.0,551.93,27.05,15.23,3.27,0.677
4107801,PR,FLORAÍ,5050,11.445544554455445,0.73,9.08,792.48,26.43,8.71,1.14,0.745
4107850,PR,FLOR DA SERRA DO SUL,4726,65.21371138383411,3.24,30.0,549.7,53.37,12.07,3.42,0.682
4107900,PR,FLORESTA,5931,7.772719608834935,0.88,12.51,649.71,14.53,7.5,11.18,0.736
4108007,PR,FLORESTÓPOLIS,11222,6.041703796114774,0.95,15.03,555.82,17.73,13.73,1.73,0.701
4108106,PR,FLÓRIDA,2543,8.6905230043256,0.63,13.96,652.52,30.41,9.66,0.85,0.732
4108205,PR,FORMOSA DO OESTE,7541,34.09362153560536,1.18,23.2,593.44,37.52,10.91,3.37,0.723
4108304,PR,FOZ DO IGUAÇU,256088,0.8301833744650277,1.75,22.71,842.26,2.26,6.04,5.43,0.751
4108320,PR,FRANCISCO ALVES,6418,34.02929261452166,3.9,27.17,512.87,34.47,17.17,4.8,0.669
4108403,PR,FRANCISCO BELTRÃO,78943,14.55987231293465,1.2,13.99,895.36,15.0,6.06,5.93,0.774
4108452,PR,FOZ DO JORDÃO,5420,27.54612546125461,7.59,47.34,467.65,26.02,11.79,1.61,0.645
4108502,PR,GENERAL CARNEIRO,13669,29.99487892311069,4.83,48.39,423.27,34.62,10.78,1.77,0.652
4108551,PR,GODOY MOREIRA,3337,53.64099490560383,5.76,40.64,434.45,66.92,16.54,2.21,0.675
4108601,PR,GOIOERÊ,29018,13.012612860982838,1.85,23.64,707.58,14.67,11.35,1.95,0.731
4108650,PR,GOIOXIM,7503,76.59602825536452,15.18,56.8,320.16,71.7,13.97,4.83,0.641
4108700,PR,GRANDES RIOS,6625,46.264150943396224,4.3,40.33,455.19,47.36,19.39,0.49,0.658
4108809,PR,GUAÍRA,30704,8.135747785304845,3.47,29.11,795.84,15.66,10.1,4.45,0.724
4108908,PR,GUAIRAÇÁ,6197,19.977408423430692,1.01,22.33,614.06,47.13,15.1,4.61,0.693
4108957,PR,GUAMIRANGA,7900,71.69620253164557,2.49,39.17,478.34,70.91,7.92,0.36,0.669
4109005,PR,GUAPIRAMA,3891,25.469031097404265,3.04,34.63,505.91,34.54,13.53,3.0,0.702
4109104,PR,GUAPOREMA,2219,42.27129337539432,0.06,18.15,572.72,21.84,13.07,2.7,0.719
4109203,PR,GUARACI,5227,19.647981633824372,0.42,16.92,595.93,28.45,12.06,1.44,0.698
4109302,PR,GUARANIAÇU,14582,46.48196406528597,5.53,35.37,614.94,42.8,11.66,2.23,0.677
4109401,PR,GUARAPUAVA,167328,8.567006119716963,2.24,27.71,750.09,11.26,6.42,5.65,0.731
4109500,PR,GUARAQUEÇABA,7871,65.91284461948926,14.46,60.0,307.8,58.48,16.02,5.44,0.587
4109609,PR,GUARATUBA,32095,10.25081788440567,3.08,27.98,782.92,11.08,5.8,6.17,0.717
4109658,PR,HONÓRIO SERPA,5955,66.61628883291351,6.87,44.09,443.83,58.07,10.21,6.55,0.683
4109708,PR,IBAITI,28751,19.599318284581408,5.15,32.89,787.74,25.36,12.38,3.98,0.71
4109757,PR,IBEMA,6066,18.5459940652819,3.09,33.48,499.24,34.46,13.08,5.1,0.685
4109807,PR,IBIPORÃ,48198,4.778206564587742,1.46,19.26,706.25,6.97,7.89,4.18,0.726
4109906,PR,ICARAÍMA,8839,29.403778707998644,3.16,28.04,525.92,24.58,12.89,4.69,0.666
4110003,PR,IGUARAÇU,3982,10.622802611752888,1.07,19.14,678.32,18.86,10.33,5.26,0.758
4110052,PR,IGUATU,2234,35.63115487914055,2.36,32.39,523.94,40.78,12.83,11.95,0.703
4110078,PR,IMBAÚ,11274,37.37803796345574,4.91,37.58,418.52,29.46,17.68,1.35,0.622
4110102,PR,IMBITUVA,28455,37.13582850114216,2.53,35.42,553.65,32.8,6.24,1.76,0.66
4110201,PR,INÁCIO MARTINS,10943,42.53860915653843,8.58,51.83,385.92,46.34,11.95,5.99,0.6
4110300,PR,INAJÁ,2988,7.597054886211513,2.38,26.76,538.69,37.84,15.53,13.48,0.705
4110409,PR,INDIANÓPOLIS,4299,26.79692951849267,0.3,11.49,652.36,25.87,10.92,7.46,0.724
4110508,PR,IPIRANGA,14150,65.44876325088339,6.27,36.18,564.83,61.0,8.15,4.28,0.652
4110607,PR,IPORÃ,14981,21.387090314398236,1.96,24.25,608.93,28.96,12.92,4.37,0.706
4110656,PR,IRACEMA DO OESTE,2578,22.342901474010862,1.94,23.27,524.51,41.85,17.2,9.42,0.707
4110706,PR,IRATI,56207,20.059779031081536,1.89,23.85,685.81,23.99,4.84,3.39,0.726
4110805,PR,IRETAMA,10622,41.7529655432122,3.38,40.62,608.11,44.27,18.17,3.57,0.665
4110904,PR,ITAGUAJÉ,4568,20.40280210157618,0.57,27.88,523.98,24.91,12.3,5.25,0.707
4110953,PR,ITAIPULÂNDIA,9026,47.47396410370042,1.47,21.28,1019.87,25.11,8.18,3.73,0.738
4111001,PR,ITAMBARACÁ,6759,24.840952803669182,2.77,33.14,499.63,28.69,16.43,1.18,0.694
4111100,PR,ITAMBÉ,5979,5.101187489546747,0.04,14.63,588.49,21.64,12.54,2.47,0.746
4111209,PR,ITAPEJARA D'OESTE,10531,33.653024404140155,2.18,23.76,674.12,29.76,7.85,1.04,0.731
4111258,PR,ITAPERUÇU,23887,16.456650060702476,2.99,32.79,468.04,14.27,11.75,1.54,0.637
4111308,PR,ITAÚNA DO SUL,3583,28.858498464973486,1.19,30.6,460.51,27.6,20.77,11.91,0.656
4111407,PR,IVAÍ,12815,63.87826765509169,7.66,42.3,469.13,59.68,8.96,2.44,0.651
4111506,PR,IVAIPORÃ,31816,13.760372139803872,2.01,25.31,666.73,22.63,12.32,7.01,0.73
4111555,PR,IVATÉ,7514,30.35666755389939,1.3,20.02,563.82,11.92,10.87,5.74,0.706
4111605,PR,IVATUBA,3010,23.78737541528239,0.0,16.73,699.09,15.53,8.33,9.36,0.766
4111704,PR,JABOTI,4902,38.24969400244798,0.75,27.96,618.6,52.69,12.21,1.16,0.718
4111803,PR,JACAREZINHO,39121,11.111679149306,1.14,23.92,770.55,13.46,9.63,2.57,0.743
4111902,PR,JAGUAPITÃ,12225,15.0920245398773,0.47,12.37,681.75,22.24,11.49,1.66,0.715
4112009,PR,JAGUARIAÍVA,32606,14.000490707231798,2.39,35.26,616.79,15.67,7.38,3.61,0.743
4112108,PR,JANDAIA DO SUL,20269,9.561399181015343,0.65,11.61,803.28,16.05,7.79,4.36,0.747
4112207,PR,JANIÓPOLIS,6532,38.18126148193509,2.8,30.13,577.55,36.89,18.99,2.22,0.696
4112306,PR,JAPIRA,4903,44.25861717315929,2.7,32.46,534.19,52.7,11.76,1.98,0.696
4112405,PR,JAPURÁ,8549,10.878465317581004,0.36,16.32,615.19,16.39,9.41,0.92,0.712
4112504,PR,JARDIM ALEGRE,12324,41.81272314183707,14.29,46.94,608.16,49.92,16.31,1.24,0.689
4112603,PR,JARDIM OLINDA,1409,28.956706884315118,2.43,32.53,515.05,30.99,13.5,8.63,0.682
4112702,PR,JATAIZINHO,11875,6.922105263157895,3.83,30.48,514.94,7.23,11.15,4.37,0.687
4112751,PR,JESUÍTAS,9001,32.56304855016109,2.06,27.33,551.65,46.91,10.81,3.02,0.705
4112801,PR,JOAQUIM TÁVORA,10736,23.435171385991058,0.45,21.98,618.36,24.48,8.64,2.2,0.7
4112900,PR,JUNDIAÍ DO SUL,3433,42.44101369064958,7.45,41.11,485.95,53.24,15.55,0.19,0.688
4112959,PR,JURANDA,7641,23.583300615102736,1.47,30.46,544.87,32.67,12.98,1.97,0.708
4113007,PR,JUSSARA,6610,10.37821482602118,1.28,17.2,688.1,13.42,7.57,2.49,0.718
4113106,PR,KALORÉ,4506,28.584110075454948,1.15,27.72,528.02,36.6,12.14,1.55,0.721
4113205,PR,LAPA,44932,39.41511617555417,3.68,30.68,608.6,30.4,6.03,4.83,0.706
4113254,PR,LARANJAL,6360,68.06603773584905,14.62,60.34,297.34,64.55,19.84,0.55,0.585
4113304,PR,LARANJEIRAS DO SUL,30777,18.669785879065536,4.6,32.75,659.33,22.12,9.2,4.73,0.706
4113403,PR,LEÓPOLIS,4145,42.07478890229192,2.14,32.49,477.23,37.25,12.32,2.2,0.707
4113429,PR,LIDIANÓPOLIS,3973,48.50239114019632,0.77,33.38,477.52,52.16,19.07,8.92,0.68
4113452,PR,LINDOESTE,5361,55.53068457377355,8.05,42.02,462.44,32.55,14.85,6.58,0.666
4113502,PR,LOANDA,21201,9.089193905947832,1.23,18.47,725.67,10.25,8.81,4.2,0.725
4113601,PR,LOBATO,4401,6.725744149057032,0.42,12.86,653.7,13.27,11.81,7.07,0.744
4113700,PR,LONDRINA,506701,2.6013368830927903,0.74,12.38,1083.35,3.66,4.76,4.04,0.778
4113734,PR,LUIZIANA,7315,34.98291182501709,2.54,42.21,482.03,46.73,15.78,6.77,0.668
4113759,PR,LUNARDELLI,5160,30.348837209302324,5.35,41.36,471.99,56.14,17.21,4.39,0.69
4113809,PR,LUPIONÓPOLIS,4592,11.171602787456447,2.39,22.74,636.69,18.05,11.78,3.68,0.71
4113908,PR,MALLET,12973,41.64803823325368,5.11,30.29,552.86,47.98,3.51,3.16,0.708
4114005,PR,MAMBORÊ,13961,35.649308788768714,2.61,31.55,616.46,33.43,11.76,2.94,0.719
4114104,PR,MANDAGUAÇU,19781,11.1015621050503,0.38,13.68,693.16,11.24,9.41,4.35,0.718
4114203,PR,MANDAGUARI,32658,5.2789515585767655,0.61,16.26,762.54,12.33,7.77,2.44,0.751
4114302,PR,MANDIRITUBA,22220,66.63366336633663,2.72,31.11,539.68,30.51,7.13,4.87,0.655
4114351,PR,MANFRINÓPOLIS,3127,79.14934441957148,9.23,41.38,435.85,64.91,15.93,4.74,0.645
4114401,PR,MANGUEIRINHA,17048,50.76255279211638,6.13,37.52,605.97,40.47,10.29,7.78,0.688
4114500,PR,MANOEL RIBAS,13169,48.325613182473994,4.28,36.45,729.51,36.61,14.68,3.96,0.716
4114609,PR,MARECHAL CÂNDIDO RONDON,46819,16.386509750315042,0.58,10.44,1036.38,22.7,4.04,3.82,0.774
4114708,PR,MARIA HELENA,5956,32.941571524513094,1.9,25.28,552.13,37.01,15.3,5.2,0.703
4114807,PR,MARIALVA,31959,19.296598767170437,1.47,15.01,765.58,24.02,7.22,2.95,0.735
4114906,PR,MARILÂNDIA DO SUL,8863,28.7600135394336,1.93,33.63,497.15,46.47,11.21,1.19,0.691
4115002,PR,MARILENA,6858,27.32575094779819,1.34,28.56,461.09,36.2,13.68,1.62,0.681
4115101,PR,MARILUZ,10224,17.185054773082943,4.1,38.59,466.87,36.05,18.9,4.76,0.639
4115200,PR,MARINGÁ,357077,1.7990517451418042,0.29,6.25,1202.63,2.19,3.44,5.64,0.808
4115309,PR,MARIÓPOLIS,6268,28.70134014039566,1.14,26.44,694.06,37.8,8.16,3.18,0.698
4115358,PR,MARIPÁ,5684,42.610837438423644,0.29,12.94,781.94,50.73,3.43,3.11,0.758
4115408,PR,MARMELEIRO,13900,36.51798561151079,2.48,24.26,751.42,39.13,8.98,3.01,0.722
4115457,PR,MARQUINHO,4981,89.48002409154788,10.15,55.38,366.3,69.35,15.16,3.12,0.614
4115507,PR,MARUMBI,4603,31.761894416684772,1.15,18.98,642.72,30.53,13.93,0.87,0.721
4115606,PR,MATELÂNDIA,16078,27.770867023261598,1.7,21.91,683.91,23.75,7.21,5.0,0.725
4115705,PR,MATINHOS,29428,0.506320511077885,1.28,19.28,814.03,2.17,4.47,9.75,0.743
4115739,PR,MATO RICO,3818,74.9345206914615,15.14,58.34,296.21,68.06,19.58,4.49,0.632
4115754,PR,MAUÁ DA SERRA,8555,18.024547048509643,3.51,37.92,487.69,24.81,14.22,0.73,0.652
4115804,PR,MEDIANEIRA,41817,10.586603534447713,0.87,12.53,914.67,11.43,5.76,3.9,0.763
4115853,PR,MERCEDES,5046,51.66468489892984,2.33,19.49,657.38,50.87,4.53,5.57,0.74
4115903,PR,MIRADOR,2327,32.144391920928236,1.93,30.71,474.75,35.13,15.65,11.37,0.68
4116000,PR,MIRASELVA,1862,23.200859291084853,1.54,17.82,600.03,29.15,10.54,0.51,0.748
4116059,PR,MISSAL,10474,48.252816497995035,5.39,19.76,678.96,39.16,5.97,6.49,0.711
4116109,PR,MOREIRA SALES,12606,21.20418848167539,3.61,29.37,528.33,35.66,16.83,7.41,0.675
4116208,PR,MORRETES,15718,54.33261229164016,2.74,32.6,665.51,25.66,7.24,2.04,0.686
4116307,PR,MUNHOZ DE MELO,3672,19.00871459694989,0.0,16.0,637.77,35.68,11.47,6.46,0.726
4116406,PR,NOSSA SENHORA DAS GRAÇAS,3836,17.049009384775808,0.87,17.55,547.55,18.3,13.35,2.15,0.709
4116505,PR,NOVA ALIANÇA DO IVAÍ,1431,27.253668763102727,0.36,21.32,528.26,24.48,12.45,14.27,0.717
4116604,PR,NOVA AMÉRICA DA COLINA,3478,27.42955721679126,0.82,26.31,472.29,38.39,14.87,1.57,0.698
4116703,PR,NOVA AURORA,11866,23.81594471599528,2.19,27.0,734.83,31.83,5.26,3.2,0.733
4116802,PR,NOVA CANTU,7425,44.72727272727273,4.4,44.23,446.81,54.3,18.82,0.31,0.658
4116901,PR,NOVA ESPERANÇA,26615,8.61168513995867,0.78,16.83,719.26,16.59,9.32,5.38,0.722
4116950,PR,NOVA ESPERANÇA DO SUDOESTE,5098,65.790506080816,5.39,27.07,678.29,53.76,9.98,6.73,0.714
4117008,PR,NOVA FÁTIMA,8147,18.87811464342703,1.66,28.85,555.2,33.29,14.6,3.92,0.688
4117057,PR,NOVA LARANJEIRAS,11241,78.89867449515168,17.71,57.85,366.26,59.85,13.64,3.19,0.642
4117107,PR,NOVA LONDRINA,13067,8.058467896227137,1.35,15.92,777.47,17.17,9.16,6.13,0.758
4117206,PR,NOVA OLÍMPIA,5503,14.864619298564419,1.12,15.4,619.47,27.62,14.14,5.58,0.71
4117214,PR,NOVA SANTA BÁRBARA,3908,16.095189355168884,7.02,37.87,511.42,21.85,17.87,8.05,0.68
4117222,PR,NOVA SANTA ROSA,7626,30.30422239706268,0.13,14.02,758.84,42.89,3.39,3.85,0.731
4117255,PR,NOVA PRATA DO IGUAÇU,10377,41.53416208923581,3.68,25.35,668.06,43.38,10.98,4.86,0.716
4117271,PR,NOVA TEBAS,7398,60.921870775885374,10.29,49.33,408.22,59.27,19.74,2.22,0.651
4117297,PR,NOVO ITACOLOMI,2827,43.8273788468341,0.27,23.79,553.56,51.11,10.93,2.63,0.71
4117305,PR,ORTIGUEIRA,23380,58.99486740804106,6.92,47.5,408.86,50.98,19.84,1.74,0.609
4117404,PR,OURIZONA,3380,9.940828402366863,0.0,14.13,709.99,23.69,9.55,4.95,0.72
4117453,PR,OURO VERDE DO OESTE,5692,29.04075895994378,1.39,23.05,578.86,31.27,10.85,0.76,0.709
4117503,PR,PAIÇANDU,35936,1.3663178984861977,0.62,13.88,610.64,4.41,8.13,3.65,0.716
4117602,PR,PALMAS,42888,7.211807498601007,4.71,37.91,575.55,14.08,10.02,2.68,0.66
4117701,PR,PALMEIRA,32123,39.68496093141985,5.91,31.42,729.05,31.73,4.48,6.84,0.718
4117800,PR,PALMITAL,14865,50.22536158762193,8.69,46.7,447.15,49.15,15.59,2.54,0.639
4117909,PR,PALOTINA,28683,14.074538925495938,0.98,14.02,904.85,19.61,6.18,4.59,0.768
4118006,PR,PARAÍSO DO NORTE,11772,5.71695548759769,0.18,10.52,864.18,24.68,9.78,3.58,0.746
4118105,PR,PARANACITY,10250,7.619512195121951,0.49,20.82,582.06,18.6,11.6,4.06,0.717
4118204,PR,PARANAGUÁ,140469,3.618592002505891,2.13,24.56,765.85,3.11,4.12,3.47,0.75
4118303,PR,PARANAPOEMA,2791,10.426370476531709,1.94,26.89,549.69,33.53,14.27,4.34,0.709
4118402,PR,PARANAVAÍ,81590,4.733423213629121,0.97,13.6,852.66,11.68,7.42,4.49,0.763
4118451,PR,PATO BRAGADO,4822,37.9303193695562,0.0,10.85,824.97,28.33,4.02,8.1,0.747
4118501,PR,PATO BRANCO,72370,5.912670996269172,1.57,13.67,1013.22,8.72,4.61,3.8,0.782
4118600,PR,PAULA FREITAS,5434,49.429517850570484,7.01,36.55,621.46,44.87,5.54,1.39,0.717
4118709,PR,PAULO FRONTIN,6913,68.56646897150297,5.7,32.03,579.76,63.84,3.95,0.94,0.708
4118808,PR,PEABIRU,13624,19.194069289489136,2.65,27.49,737.63,23.24,11.16,2.22,0.723
4118857,PR,PEROBAL,5653,45.51565540421015,1.8,24.69,565.43,26.08,13.1,5.17,0.713
4118907,PR,PÉROLA,10208,20.94435736677116,0.18,12.84,637.59,20.51,9.2,2.15,0.7
4119004,PR,PÉROLA D'OESTE,6761,52.86200266232806,2.77,24.16,613.32,54.99,10.42,6.93,0.726
4119103,PR,PIÊN,11236,59.74546101815593,2.63,27.35,541.67,40.85,4.48,1.82,0.694
4119152,PR,PINHAIS,117008,0.0,0.65,11.94,911.51,0.54,3.56,3.17,0.751
4119202,PR,PINHALÃO,6215,36.862429605792435,1.08,34.66,545.95,53.84,12.42,2.96,0.697
4119251,PR,PINHAL DE SÃO BENTO,2625,55.58095238095238,0.99,25.52,514.89,58.43,9.73,7.59,0.695
4119301,PR,PINHÃO,30208,49.29488877118644,10.89,47.18,454.31,40.97,13.44,2.58,0.654
4119400,PR,PIRAÍ DO SUL,23424,31.25853825136612,2.82,35.91,631.84,33.43,7.15,1.21,0.708
4119509,PR,PIRAQUARA,93207,50.92857832566224,2.03,23.29,581.74,2.41,5.33,3.73,0.7
4119608,PR,PITANGA,32638,36.91402659476684,4.85,34.2,609.77,40.19,11.3,2.62,0.702
4119657,PR,PITANGUEIRAS,2814,27.505330490405118,0.61,18.08,518.34,45.22,13.19,6.65,0.71
4119707,PR,PLANALTINA DO PARANÁ,4095,32.28327228327228,4.15,25.01,556.04,38.28,14.13,8.27,0.705
4119806,PR,PLANALTO,13654,55.55881060495093,2.5,26.19,641.16,52.22,10.08,4.76,0.706
4119905,PR,PONTA GROSSA,311611,2.2072391539451433,1.63,21.4,877.1,4.52,3.9,3.82,0.763
4119954,PR,PONTAL DO PARANÁ,20920,0.8460803059273423,1.46,22.49,782.87,5.17,5.12,7.42,0.738
4120002,PR,PORECATU,14189,19.360067658044965,0.47,13.84,742.25,9.65,10.06,1.96,0.738
4120101,PR,PORTO AMAZONAS,4514,34.692069118298626,2.14,26.77,655.76,29.89,6.96,2.35,0.7
4120150,PR,PORTO BARREIRO,3663,81.13568113568114,4.95,40.02,535.4,77.97,11.34,0.13,0.688
4120200,PR,PORTO RICO,2530,30.276679841897234,2.68,27.3,590.58,26.81,13.56,11.94,0.735
4120309,PR,PORTO VITÓRIA,4020,44.40298507462686,1.49,33.92,531.11,44.06,6.46,0.38,0.685
4120333,PR,PRADO FERREIRA,3434,12.201514269073966,1.14,22.28,652.38,28.68,13.4,1.73,0.71
4120358,PR,PRANCHITA,5628,35.9452736318408,3.73,21.97,815.6,29.89,9.99,8.13,0.752
4120408,PR,PRESIDENTE CASTELO BRANCO,4784,12.270066889632107,1.33,13.79,603.83,19.15,13.42,8.75,0.713
4120507,PR,PRIMEIRO DE MAIO,10832,6.914697193500738,1.83,27.86,604.96,27.68,11.17,2.03,0.701
4120606,PR,PRUDENTÓPOLIS,48792,53.96171503525168,6.5,36.79,497.84,51.64,8.46,2.0,0.676
4120655,PR,QUARTO CENTENÁRIO,4856,40.0329489291598,4.02,30.48,723.41,42.28,13.78,3.16,0.71
4120705,PR,QUATIGUÁ,7045,9.552874378992193,1.01,20.64,590.85,21.4,9.0,3.8,0.714
4120804,PR,QUATRO BARRAS,19851,9.621681527378973,1.57,14.72,800.4,4.26,5.05,6.96,0.742
4120853,PR,QUATRO PONTES,3803,35.919011306863005,0.0,4.48,1093.43,37.34,1.32,7.5,0.791
4120903,PR,QUEDAS DO IGUAÇU,30605,31.42623754288515,12.23,36.1,586.88,32.27,12.02,3.48,0.681
4121000,PR,QUERÊNCIA DO NORTE,11729,35.01577287066246,4.09,38.85,509.13,49.28,16.67,5.23,0.688
4121109,PR,QUINTA DO SOL,5088,25.09827044025157,1.83,24.56,583.64,37.83,17.64,3.97,0.715
4121208,PR,QUITANDINHA,17089,71.4026566797355,6.88,40.99,452.08,48.95,7.64,3.13,0.68
4121257,PR,RAMILÂNDIA,4134,50.58055152394775,9.37,43.21,426.7,45.17,16.75,1.64,0.63
4121307,PR,RANCHO ALEGRE,3955,12.262958280657395,2.68,28.35,590.51,35.34,11.77,0.31,0.707
4121356,PR,RANCHO ALEGRE D'OESTE,2847,19.107832806462945,1.67,31.3,528.21,41.91,14.85,8.64,0.704
4121406,PR,REALEZA,16338,27.800220345207492,1.16,17.45,704.94,25.43,8.4,3.84,0.722
4121505,PR,REBOUÇAS,14176,47.058408577878104,10.54,45.0,449.27,41.51,7.37,2.46,0.672
4121604,PR,RENASCENÇA,6812,48.84028185554903,4.74,29.27,831.49,49.98,10.31,4.47,0.733
4121703,PR,RESERVA,25172,51.509613856666135,4.87,44.62,457.88,39.51,16.01,0.59,0.618
4121752,PR,RESERVA DO IGUAÇU,7307,46.55809497741891,13.61,53.48,419.62,40.15,13.31,3.96,0.648
4121802,PR,RIBEIRÃO CLARO,10678,33.64862333770369,5.29,28.99,639.91,27.58,7.94,1.93,0.716
4121901,PR,RIBEIRÃO DO PINHAL,13524,18.086364980774917,2.39,33.62,563.87,36.18,16.66,1.81,0.701
4122008,PR,RIO AZUL,14093,64.4362449442986,7.08,34.35,740.31,66.28,4.36,3.72,0.687
4122107,PR,RIO BOM,3334,39.802039592081584,3.93,32.47,524.89,32.0,9.0,1.03,0.729
4122156,PR,RIO BONITO DO IGUAÇU,13661,75.68260010248152,9.67,49.02,405.76,70.54,11.9,0.7,0.629
4122172,PR,RIO BRANCO DO IVAÍ,3898,76.42380708055413,8.81,51.25,387.85,51.83,16.29,9.69,0.64
4122206,PR,RIO BRANCO DO SUL,30650,28.075040783034257,3.8,30.27,548.8,15.59,11.35,0.93,0.679
4122305,PR,RIO NEGRO,31274,17.79113640723924,1.97,22.53,709.13,19.23,3.75,4.0,0.76
4122404,PR,ROLÂNDIA,57862,5.380042169299368,0.49,12.9,819.52,11.1,6.53,1.91,0.739
4122503,PR,RONCADOR,11537,38.28551616538095,6.64,41.92,500.36,40.98,16.62,2.35,0.681
4122602,PR,RONDON,8996,20.008892841262785,0.2,10.64,724.58,22.62,11.39,2.69,0.713
4122651,PR,ROSÁRIO DO IVAÍ,5588,51.30637079455977,7.67,44.4,422.97,50.45,21.17,3.63,0.662
4122701,PR,SABÁUDIA,6096,16.387795275590552,1.35,18.11,663.2,32.99,10.51,2.57,0.74
4122800,PR,SALGADO FILHO,4403,48.807631160572335,3.35,30.43,557.15,55.01,11.57,8.16,0.7
4122909,PR,SALTO DO ITARARÉ,5178,28.09965237543453,4.11,35.4,490.56,43.6,15.96,2.76,0.704
4123006,PR,SALTO DO LONTRA,13689,45.71553802323033,1.64,23.47,650.57,38.78,10.5,2.61,0.718
4123105,PR,SANTA AMÉLIA,3803,24.11254272942414,2.04,30.62,470.75,47.06,11.93,1.96,0.653
4123204,PR,SANTA CECÍLIA DO PAVÃO,3646,16.154690071311027,3.35,30.95,553.12,29.82,18.94,1.07,0.723
4123303,PR,SANTA CRUZ DE MONTE CASTELO,8092,28.905091448344045,1.6,21.34,552.67,36.12,13.79,5.09,0.71
4123402,PR,SANTA FÉ,10432,11.503067484662576,0.33,13.13,709.44,20.85,9.26,4.88,0.705
4123501,PR,SANTA HELENA,23413,46.24353991372315,1.08,21.63,791.53,31.12,8.25,4.45,0.744
4123600,PR,SANTA INÊS,1818,34.433443344334435,2.14,22.81,533.95,40.02,14.05,5.44,0.717
4123709,PR,SANTA ISABEL DO IVAÍ,8760,19.383561643835616,1.43,20.27,610.69,27.05,12.84,4.13,0.72
4123808,PR,SANTA IZABEL DO OESTE,13132,43.4891867194639,4.1,31.1,540.49,38.46,10.49,6.19,0.696
4123824,PR,SANTA LÚCIA,3925,35.388535031847134,3.5,26.72,578.04,34.41,13.78,11.06,0.687
4123857,PR,SANTA MARIA DO OESTE,11500,72.07826086956521,13.56,54.62,334.84,58.58,15.84,1.26,0.609
4123907,PR,SANTA MARIANA,12435,33.09207880981102,1.72,27.23,564.1,34.18,14.62,2.5,0.7
4123956,PR,SANTA MÔNICA,3571,58.69504340520862,0.27,26.26,614.27,36.92,13.81,13.15,0.704
4124004,PR,SANTANA DO ITARARÉ,5249,34.158887407125164,6.95,41.07,467.18,48.03,17.32,4.09,0.687
4124020,PR,SANTA TEREZA DO OESTE,10332,22.231900890437476,2.73,27.76,573.27,17.79,8.09,3.32,0.705
4124053,PR,SANTA TEREZINHA DE ITAIPU,20841,9.615661436591335,2.05,21.21,688.34,9.89,7.81,4.48,0.738
4124103,PR,SANTO ANTÔNIO DA PLATINA,42707,13.49427494321774,1.4,23.53,765.04,16.57,10.35,2.2,0.718
4124202,PR,SANTO ANTÔNIO DO CAIUÁ,2727,22.14888155482215,2.73,28.88,455.52,41.18,14.0,5.53,0.696
4124301,PR,SANTO ANTÔNIO DO PARAÍSO,2408,24.335548172757473,0.91,31.99,561.33,41.28,13.79,6.16,0.716
4124400,PR,SANTO ANTÔNIO DO SUDOESTE,18893,27.428147991319538,5.74,33.36,585.95,30.35,12.52,4.77,0.671
4124509,PR,SANTO INÁCIO,5269,20.288479787435946,0.82,18.51,829.4,29.02,10.01,8.12,0.739
4124608,PR,SÃO CARLOS DO IVAÍ,6354,10.623229461756374,0.71,16.82,635.85,21.99,11.6,0.95,0.682
4124707,PR,SÃO JERÔNIMO DA SERRA,11337,50.06615506747817,12.78,50.4,393.81,53.21,18.45,1.67,0.637
4124806,PR,SÃO JOÃO,10599,36.45626945938296,2.17,24.21,605.55,37.53,8.2,6.14,0.727
4124905,PR,SÃO JOÃO DO CAIUÁ,5911,14.752156995432244,1.92,29.36,545.41,44.83,14.19,6.93,0.664
4125001,PR,SÃO JOÃO DO IVAÍ,11525,23.002169197396963,2.35,29.82,540.31,44.36,17.29,5.12,0.693
4125100,PR,SÃO JOÃO DO TRIUNFO,13704,70.46117921774665,7.08,40.15,471.43,68.06,8.49,1.66,0.629
4125209,PR,SÃO JORGE D'OESTE,9085,42.608695652173914,3.63,28.23,641.7,42.49,7.79,0.28,0.722
4125308,PR,SÃO JORGE DO IVAÍ,5517,13.340583650534711,1.01,12.27,738.42,25.19,9.56,4.42,0.743
4125357,PR,SÃO JORGE DO PATROCÍNIO,6041,41.41698394305578,0.34,15.93,630.8,43.87,15.47,1.2,0.676
4125407,PR,SÃO JOSÉ DA BOA VISTA,6511,40.654277376747046,2.6,36.55,458.85,46.66,12.39,2.74,0.671
4125456,PR,SÃO JOSÉ DAS PALMEIRAS,3830,37.04960835509139,1.55,28.17,570.26,39.48,14.97,3.71,0.713
4125506,PR,SÃO JOSÉ DOS PINHAIS,264210,10.338367207902804,0.66,12.32,846.93,3.9,3.6,3.52,0.758
4125555,PR,SÃO MANOEL DO PARANÁ,2098,44.75691134413727,0.38,12.33,710.62,26.59,14.31,17.34,0.725
4125605,PR,SÃO MATEUS DO SUL,41257,37.69299755193058,3.64,26.67,669.78,31.97,4.09,2.67,0.719
4125704,PR,SÃO MIGUEL DO IGUAÇU,25769,36.02778532345066,4.05,27.92,734.88,25.16,8.67,3.48,0.704
4125753,PR,SÃO PEDRO DO IGUAÇU,6491,37.52888615005392,2.61,28.4,573.84,35.18,12.52,0.9,0.683
4125803,PR,SÃO PEDRO DO IVAÍ,10167,20.881282580898986,0.44,15.52,632.22,32.47,11.46,0.99,0.717
4125902,PR,SÃO PEDRO DO PARANÁ,2491,34.52428743476516,0.55,24.23,544.76,29.9,13.55,1.96,0.704
4126009,PR,SÃO SEBASTIÃO DA AMOREIRA,8626,11.975423139346162,1.08,22.36,582.81,30.4,15.57,3.66,0.715
4126108,PR,SÃO TOMÉ,5349,16.881660123387547,0.16,15.3,651.78,14.71,9.79,11.0,0.725
4126207,PR,SAPOPEMA,6736,47.26840855106888,5.73,38.16,603.35,45.47,18.36,5.56,0.655
4126256,PR,SARANDI,82847,0.846138061728246,0.95,19.01,554.48,2.35,7.57,1.6,0.695
4126272,PR,SAUDADE DO IGUAÇU,5028,50.21877486077963,4.08,30.45,604.56,21.25,8.98,3.64,0.699
4126306,PR,SENGÉS,18414,17.959161507548604,5.54,43.83,479.7,27.67,9.11,4.46,0.663
4126355,PR,SERRANÓPOLIS DO IGUAÇU,4568,49.16812609457093,0.15,11.49,1012.88,54.88,4.33,6.19,0.762
4126405,PR,SERTANEJA,5817,12.239986247206463,1.36,24.78,725.23,24.07,10.11,1.66,0.725
4126504,PR,SERTANÓPOLIS,15638,12.322547640363219,0.85,16.31,701.27,19.95,7.23,1.03,0.723
4126603,PR,SIQUEIRA CAMPOS,18454,27.256963259997832,0.76,24.64,655.16,19.88,9.42,2.95,0.704
4126652,PR,SULINA,3394,59.04537418974661,3.94,31.64,563.32,44.82,8.82,6.42,0.693
4126678,PR,TAMARANA,12262,52.22639047463709,9.76,47.38,398.24,40.57,16.33,3.34,0.621
4126702,PR,TAMBOARA,4664,14.322469982847341,0.11,18.17,546.32,35.4,11.72,4.9,0.731
4126801,PR,TAPEJARA,14598,9.809562953829293,0.59,18.47,599.13,10.28,12.6,1.48,0.703
4126900,PR,TAPIRA,5836,41.14119259766964,0.87,23.07,583.51,43.33,14.73,7.94,0.697
4127007,PR,TEIXEIRA SOARES,10283,53.359914421861326,5.19,37.57,536.39,51.93,5.93,5.47,0.671
4127106,PR,TELÊMACO BORBA,69872,2.049461873139455,2.53,23.58,732.78,8.38,7.83,2.82,0.734
4127205,PR,TERRA BOA,15776,17.273073022312374,0.26,12.97,653.34,17.48,9.24,2.59,0.728
4127304,PR,TERRA RICA,15221,18.7307010051902,1.42,16.87,614.23,23.66,11.46,5.07,0.71
4127403,PR,TERRA ROXA,16759,23.61716092845635,1.98,21.29,611.85,27.73,10.73,4.47,0.714
4127502,PR,TIBAGI,19344,39.681555004135646,4.69,41.75,543.05,36.77,13.13,2.52,0.664
4127601,PR,TIJUCAS DO SUL,14537,84.28148861525762,3.89,32.57,547.62,43.29,9.31,2.95,0.636
4127700,PR,TOLEDO,119313,9.264707114899466,0.78,12.96,876.72,12.65,4.89,4.02,0.768
4127809,PR,TOMAZINA,8791,53.145262199977246,4.15,36.43,489.45,48.7,14.18,3.29,0.699
4127858,PR,TRÊS BARRAS DO PARANÁ,11824,48.45230040595399,7.37,37.58,562.22,49.94,13.55,6.23,0.681
4127882,PR,TUNAS DO PARANÁ,6256,55.370843989769824,5.09,51.59,431.27,24.58,19.74,7.4,0.611
4127908,PR,TUNEIRAS DO OESTE,8695,31.30534790109258,1.22,30.43,493.46,33.1,10.24,1.37,0.695
4127957,PR,TUPÃSSI,7997,21.395523321245467,1.04,19.35,711.31,40.84,7.16,2.62,0.73
4127965,PR,TURVO,13811,63.44942437187749,6.15,42.09,512.21,34.79,13.48,2.4,0.672
4128005,PR,UBIRATÃ,21558,14.662770201317377,1.81,25.27,648.36,24.01,10.27,3.26,0.739
4128104,PR,UMUARAMA,100676,7.172513806666932,0.59,14.17,880.6,5.99,6.5,2.81,0.761
4128203,PR,UNIÃO DA VITÓRIA,52735,5.2185455579785724,2.04,24.61,674.29,10.08,4.31,5.21,0.74
4128302,PR,UNIFLOR,2466,19.424168694241686,0.58,14.92,586.3,40.5,11.02,18.74,0.72
4128401,PR,URAÍ,11472,18.42747559274756,1.27,28.98,617.75,32.14,11.82,1.3,0.721
4128500,PR,WENCESLAU BRAZ,19298,19.634158980205203,3.76,35.98,594.42,26.67,11.66,4.37,0.687
4128534,PR,VENTANIA,9957,34.60881791704329,3.95,41.64,411.92,36.61,16.14,1.63,0.65
4128559,PR,VERA CRUZ DO OESTE,8973,23.514989412682493,6.32,33.81,632.91,29.47,12.0,2.33,0.699
4128609,PR,VERÊ,7878,58.35237369890835,3.64,23.99,661.18,45.14,11.54,1.82,0.72
4128625,PR,ALTO PARAÍSO,3206,44.728633811603245,6.99,35.17,540.24,35.32,15.65,22.93,0.678
4128633,PR,DOUTOR ULYSSES,5727,83.77859263139514,18.88,63.97,277.33,65.58,19.21,7.57,0.546
4128658,PR,VIRMOND,3950,52.40506329113924,7.74,31.35,655.2,50.92,7.86,4.57,0.722
4128708,PR,VITORINO,6513,38.76861661292799,2.71,21.04,742.97,30.45,6.12,3.67,0.702
4128807,PR,XAMBRÊ,6012,66.89953426480372,2.11,24.36,633.91,28.5,13.7,2.6,0.706
4200051,SC,ABDON BATISTA,2653,72.71013946475688,5.96,39.74,485.35,56.28,10.4,8.23,0.694
4200101,SC,ABELARDO LUZ,17100,44.03508771929825,10.6,35.95,562.88,42.82,11.96,4.55,0.696
4200200,SC,AGROLÂNDIA,9323,36.08280596374558,1.06,10.29,739.1,23.01,5.37,1.99,0.725
4200309,SC,AGRONÔMICA,4904,62.11256117455139,0.51,10.37,985.65,44.76,6.0,3.94,0.741
4200408,SC,ÁGUA DOCE,6961,50.68237322223818,2.16,30.27,722.21,49.04,7.74,5.96,0.698
4200507,SC,ÁGUAS DE CHAPECÓ,6110,47.03764320785597,2.34,21.12,673.13,43.63,6.8,4.2,0.713
4200556,SC,ÁGUAS FRIAS,2424,59.52970297029703,3.26,13.03,743.13,50.5,9.67,6.04,0.745
4200606,SC,ÁGUAS MORNAS,5548,58.056957462148524,0.73,6.72,754.54,37.42,6.24,5.39,0.723
4200705,SC,ALFREDO WAGNER,9410,69.52178533475026,7.02,25.23,630.54,53.69,10.14,5.68,0.668
4200754,SC,ALTO BELA VISTA,2005,69.82543640897755,3.47,18.48,770.49,57.61,4.24,1.7,0.755
4200804,SC,ANCHIETA,6380,59.46708463949843,2.74,23.73,636.15,52.66,7.72,5.91,0.699
4200903,SC,ANGELINA,5250,78.60952380952381,2.83,28.08,618.55,56.88,11.13,6.93,0.687
4201000,SC,ANITA GARIBALDI,8623,47.222544358112025,7.09,39.44,506.94,43.23,14.3,9.58,0.688
4201109,SC,ANITÁPOLIS,3214,59.08525202240199,1.13,22.12,620.8,48.8,11.24,2.5,0.674
4201208,SC,ANTÔNIO CARLOS,7458,68.6108876374363,0.13,7.1,952.53,35.79,4.39,4.5,0.749
4201257,SC,APIÚNA,9600,55.333333333333336,1.38,10.81,776.69,22.3,6.27,4.28,0.708
4201273,SC,ARABUTÃ,4193,68.82900071547817,4.95,17.1,820.78,62.26,4.28,4.36,0.733
4201307,SC,ARAQUARI,24810,5.872632003224506,1.22,20.02,609.76,9.5,6.06,1.35,0.703
4201406,SC,ARARANGUÁ,61310,17.5893002772794,0.79,12.99,827.2,12.27,4.72,3.98,0.76
4201505,SC,ARMAZÉM,7753,37.00503031084742,0.31,8.41,814.95,29.18,6.14,1.56,0.77
4201604,SC,ARROIO TRINTA,3502,31.553398058252426,0.42,4.59,1029.14,35.06,5.87,5.52,0.764
4201653,SC,ARVOREDO,2260,77.83185840707965,2.28,13.64,675.6,58.04,10.55,8.37,0.715
4201703,SC,ASCURRA,7412,12.88451160280626,0.0,8.6,793.09,5.0,4.36,2.96,0.742
4201802,SC,ATALANTA,3300,58.54545454545455,1.42,18.14,781.32,50.73,4.25,2.33,0.733
4201901,SC,AURORA,5549,65.20093710578483,3.14,12.09,841.85,53.75,4.93,2.43,0.733
4201950,SC,BALNEÁRIO ARROIO DO SILVA,9586,2.0342165658251616,1.68,20.29,866.42,12.81,5.24,4.07,0.746
4202008,SC,BALNEÁRIO CAMBORIÚ,108089,0.0,0.21,4.63,1625.59,1.02,1.55,4.42,0.845
4202057,SC,BALNEÁRIO BARRA DO SUL,8430,4.68564650059312,0.26,19.08,676.33,17.24,3.85,7.36,0.716
4202073,SC,BALNEÁRIO GAIVOTA,8234,22.722856448870537,0.46,17.21,768.73,19.61,6.65,7.11,0.728
4202081,SC,BANDEIRANTE,2906,67.96283551273228,4.19,26.6,534.25,60.0,9.52,0.59,0.672
4202099,SC,BARRA BONITA,1878,85.14376996805112,2.32,21.56,594.28,69.52,14.64,4.58,0.701
4202107,SC,BARRA VELHA,22386,4.761904761904762,1.06,15.94,773.05,6.35,4.93,4.03,0.738
4202131,SC,BELA VISTA DO TOLDO,6004,85.8927381745503,11.67,45.29,389.28,75.48,5.87,0.65,0.675
4202156,SC,BELMONTE,2635,51.688804554079695,1.89,26.96,620.67,58.37,10.01,7.78,0.705
4202206,SC,BENEDITO NOVO,10336,43.84674922600619,0.76,9.55,717.89,17.43,4.34,1.31,0.74
4202305,SC,BIGUAÇU,58206,9.359859808267188,0.5,11.57,764.37,5.73,4.91,5.17,0.739
4202404,SC,BLUMENAU,309011,4.607602965590222,0.12,4.41,1253.17,0.87,1.84,3.18,0.806
4202438,SC,BOCAINA DO SUL,3290,70.6079027355623,2.46,40.11,434.87,48.44,12.2,14.59,0.647
4202453,SC,BOMBINHAS,14293,0.0,0.3,10.25,865.15,9.23,3.64,7.28,0.781
4202503,SC,BOM JARDIM DA SERRA,4395,45.460750853242324,2.44,36.46,665.6,54.13,9.06,8.29,0.696
4202537,SC,BOM JESUS,2526,40.815518606492475,3.67,26.39,798.97,29.38,11.15,1.88,0.718
4202578,SC,BOM JESUS DO OESTE,2132,69.65290806754221,0.56,13.23,728.09,64.02,7.79,7.56,0.712
4202602,SC,BOM RETIRO,8942,28.237530753746366,1.22,26.86,638.85,40.93,10.99,6.07,0.699
4202701,SC,BOTUVERÁ,4468,70.68039391226499,0.07,3.79,805.77,18.82,6.21,1.06,0.724
4202800,SC,BRAÇO DO NORTE,29018,19.41898132193811,0.21,8.47,831.77,13.57,3.76,1.41,0.778
4202859,SC,BRAÇO DO TROMBUDO,3457,45.09690483077813,0.29,5.61,941.12,25.29,3.56,3.31,0.78
4202875,SC,BRUNÓPOLIS,2850,75.26315789473684,9.79,40.03,446.48,61.94,14.51,5.66,0.661
4202909,SC,BRUSQUE,105503,3.296588722595566,0.29,3.45,1116.93,1.56,2.81,1.26,0.795
4203006,SC,CAÇADOR,70762,8.910149515276562,1.6,21.4,744.28,10.81,6.33,4.56,0.735
4203105,SC,CAIBI,6219,42.46663450715549,1.68,16.72,783.57,44.09,8.96,2.42,0.728
4203154,SC,CALMON,3387,37.55535872453499,2.75,48.11,373.86,52.52,12.0,12.16,0.622
4203204,SC,CAMBORIÚ,62361,5.01916261766168,0.12,11.57,781.76,2.56,4.32,3.42,0.726
4203253,SC,CAPÃO ALTO,2753,65.05630221576462,3.7,35.36,550.84,50.11,10.59,7.8,0.654
4203303,SC,CAMPO ALEGRE,11748,38.398025195778004,3.3,25.74,539.9,28.85,4.64,2.79,0.714
4203402,SC,CAMPO BELO DO SUL,7483,41.11987170920754,3.98,40.88,450.29,45.69,15.43,4.15,0.641
4203501,SC,CAMPO ERÊ,9370,33.27641408751334,4.59,31.56,631.08,40.08,14.03,11.12,0.69
4203600,SC,CAMPOS NOVOS,32824,17.548135510602,1.9,20.37,708.77,23.01,7.1,6.42,0.742
4203709,SC,CANELINHA,10603,36.56512307837404,5.2,17.66,721.27,5.11,8.42,2.07,0.697
4203808,SC,CANOINHAS,52765,25.56998010044537,2.43,25.87,692.87,22.95,4.62,2.91,0.757
4203907,SC,CAPINZAL,20769,14.516827964755164,0.5,12.31,811.66,12.21,5.95,2.33,0.752
4203956,SC,CAPIVARI DE BAIXO,21674,8.572483159546,0.79,12.09,723.04,2.98,4.45,6.88,0.767
4204004,SC,CATANDUVAS,9555,15.290423861852434,0.06,20.09,717.59,17.6,6.64,3.61,0.714
4204103,SC,CAXAMBU DO SUL,4411,51.14486510995239,2.29,26.68,730.36,45.87,11.53,3.71,0.691
4204152,SC,CELSO RAMOS,2771,68.53121616744858,4.57,34.53,458.62,50.44,9.39,14.47,0.719
4204178,SC,CERRO NEGRO,3581,78.66517732476962,12.96,47.84,414.6,66.85,18.27,7.45,0.621
4204194,SC,CHAPADÃO DO LAGEADO,2762,81.42650253439537,6.84,30.07,549.08,73.99,8.0,6.27,0.704
4204202,SC,CHAPECÓ,183530,8.400261537623276,0.65,10.35,1017.34,5.64,4.73,4.84,0.79
4204251,SC,COCAL DO SUL,15159,16.24777359984168,0.88,8.42,833.24,5.7,2.97,1.81,0.78
4204301,SC,CONCÓRDIA,68621,20.046341498958046,0.9,9.15,1009.49,18.55,4.41,3.09,0.8
4204350,SC,CORDILHEIRA ALTA,3767,61.56092381205203,0.49,11.24,773.44,32.78,5.14,4.91,0.747
4204400,SC,CORONEL FREITAS,10213,40.59531969059042,0.92,11.12,759.01,35.83,8.92,2.02,0.744
4204459,SC,CORONEL MARTINS,2458,72.13181448331977,4.99,31.0,543.22,61.1,12.6,5.29,0.696
4204509,SC,CORUPÁ,13852,22.97863124458562,0.17,7.12,951.63,23.71,3.27,0.32,0.78
4204558,SC,CORREIA PINTO,14785,18.687859316875212,2.87,28.97,628.18,27.32,10.05,4.58,0.702
4204608,SC,CRICIÚMA,192308,1.392557771907565,0.51,8.94,1062.53,2.74,3.15,3.15,0.788
4204707,SC,CUNHA PORÃ,10613,38.57533213982851,0.0,9.56,821.86,40.42,5.19,4.46,0.742
4204756,SC,CUNHATAÍ,1882,69.76620616365568,0.12,9.27,1009.05,66.76,4.28,5.64,0.754
4204806,SC,CURITIBANOS,37748,7.891808837554308,1.72,26.73,687.47,15.17,8.48,5.66,0.721
4204905,SC,DESCANSO,8634,50.231642344220525,2.15,14.98,804.31,52.06,5.66,5.28,0.743
4205001,SC,DIONÍSIO CERQUEIRA,14811,31.193032205792992,5.21,33.63,636.41,34.55,10.92,5.91,0.706
4205100,SC,DONA EMMA,3721,49.79844127922601,0.97,12.14,918.49,32.8,4.35,4.1,0.742
4205159,SC,DOUTOR PEDRINHO,3604,43.97891231964484,1.07,8.67,679.44,18.82,4.05,5.76,0.716
4205175,SC,ENTRE RIOS,3018,69.25115970841617,3.75,41.54,423.63,45.73,16.53,13.46,0.657
4205191,SC,ERMO,2050,69.8048780487805,1.04,19.25,655.45,50.53,6.37,8.87,0.726
4205209,SC,ERVAL VELHO,4352,34.69669117647059,0.0,15.0,780.33,25.03,8.08,5.24,0.723
4205308,SC,FAXINAL DOS GUEDES,10661,27.60529031047744,0.52,15.95,828.49,25.99,7.45,1.27,0.758
4205357,SC,FLOR DO SERTÃO,1588,79.34508816120906,3.7,20.7,778.06,61.2,12.87,9.84,0.708
4205407,SC,FLORIANÓPOLIS,421240,3.787389611622828,0.27,6.42,1798.12,1.25,2.14,10.61,0.847
4205431,SC,FORMOSA DO SUL,2601,58.323721645520955,2.16,18.55,744.5,53.38,8.23,7.45,0.715
4205456,SC,FORQUILHINHA,22548,18.28100053219798,0.12,9.61,870.85,12.19,4.12,0.23,0.753
4205506,SC,FRAIBURGO,34553,12.334674268515036,3.0,25.43,673.84,29.68,7.13,3.99,0.731
4205555,SC,FREI ROGÉRIO,2474,71.46321746160065,3.26,40.7,498.33,67.49,8.82,18.32,0.682
4205605,SC,GALVÃO,3472,32.4020737327189,3.63,25.35,638.12,46.4,15.28,12.56,0.708
4205704,SC,GAROPABA,18138,15.536442827213584,0.79,15.5,784.88,8.1,8.77,4.81,0.753
4205803,SC,GARUVA,14761,22.42395501659779,0.67,19.97,691.98,15.08,5.99,3.84,0.725
4205902,SC,GASPAR,57981,18.72165019575378,0.61,4.44,964.36,3.1,2.58,1.53,0.765
4206009,SC,GOVERNADOR CELSO RAMOS,12999,5.746595891991691,0.14,14.95,784.5,21.32,8.2,5.85,0.747
4206108,SC,GRÃO PARÁ,6223,51.48642134018962,0.61,9.92,845.01,50.84,5.16,4.51,0.736
4206207,SC,GRAVATAL,10635,58.2228490832158,0.5,12.42,730.8,11.78,5.77,3.56,0.757
4206306,SC,GUABIRUBA,18430,7.4009766684753115,0.93,6.33,851.75,3.2,2.89,1.53,0.754
4206405,SC,GUARACIABA,10498,53.095827776719375,1.0,13.54,873.67,48.78,6.97,3.85,0.751
4206504,SC,GUARAMIRIM,35172,20.260434436483568,1.16,8.61,842.24,6.77,3.01,0.45,0.751
4206603,SC,GUARUJÁ DO SUL,4908,45.904645476772615,1.16,12.01,759.66,32.35,6.81,7.24,0.73
4206652,SC,GUATAMBÚ,4679,62.62021799529814,1.75,19.69,687.32,49.54,11.06,4.0,0.717
4206702,SC,HERVAL D'OESTE,21239,11.24346720655398,0.67,14.13,799.29,8.73,5.1,3.93,0.758
4206751,SC,IBIAM,1945,64.26735218508998,1.9,17.07,786.22,49.04,6.62,4.66,0.725
4206801,SC,IBICARÉ,3373,53.83931218499852,1.12,16.62,768.67,44.21,7.1,5.09,0.708
4206900,SC,IBIRAMA,17330,14.52394691286786,0.09,7.1,844.25,9.82,3.9,5.8,0.737
4207007,SC,IÇARA,58833,8.362653612768344,1.23,11.82,759.54,10.96,4.47,1.91,0.741
4207106,SC,ILHOTA,12355,36.07446377984622,0.29,6.75,853.29,11.26,5.63,3.33,0.738
4207205,SC,IMARUÍ,11672,65.68711446196025,6.51,33.45,516.73,36.5,12.89,5.25,0.667
4207304,SC,IMBITUBA,40170,0.0,0.88,15.99,768.81,7.75,6.23,3.1,0.765
4207403,SC,IMBUIA,5707,55.93131242333976,2.74,25.78,688.57,58.34,6.95,6.3,0.713
4207502,SC,INDAIAL,54854,3.5129616800962555,0.36,5.55,945.33,4.53,3.06,2.11,0.777
4207577,SC,IOMERÊ,2739,66.88572471705002,0.3,6.27,873.9,51.4,3.11,6.52,0.795
4207601,SC,IPIRA,4752,46.9486531986532,3.46,17.88,725.68,39.33,5.28,2.35,0.736
4207650,SC,IPORÃ DO OESTE,8409,50.9810916874777,1.63,13.34,815.06,49.92,3.53,3.89,0.759
4207684,SC,IPUAÇU,6798,79.74404236540158,14.87,47.61,530.81,37.82,12.12,2.33,0.66
4207700,SC,IPUMIRIM,7220,56.398891966759,0.23,11.06,837.81,44.8,5.34,2.63,0.738
4207759,SC,IRACEMINHA,4253,65.48318833764401,2.32,21.35,663.24,62.04,7.58,4.87,0.722
4207809,SC,IRANI,9531,31.591648305529326,1.15,18.55,686.25,29.4,7.84,7.23,0.742
4207858,SC,IRATI,2096,78.57824427480917,2.41,26.88,601.25,48.89,12.39,6.32,0.707
4207908,SC,IRINEÓPOLIS,10448,66.31891271056662,2.6,31.31,708.34,65.93,7.53,5.73,0.699
4208005,SC,ITÁ,6426,36.86585745409275,0.31,12.18,836.69,36.27,6.45,6.1,0.771
4208104,SC,ITAIÓPOLIS,20301,47.11097975469189,3.88,28.73,625.36,46.59,4.99,3.74,0.708
4208203,SC,ITAJAÍ,183373,5.410283956743904,0.43,9.11,1014.0,2.6,3.13,4.29,0.795
4208302,SC,ITAPEMA,45797,2.484878922200144,0.66,10.13,1078.48,1.67,2.96,2.37,0.796
4208401,SC,ITAPIRANGA,15409,50.57433967162048,1.05,9.95,942.44,32.95,3.47,4.21,0.775
4208450,SC,ITAPOÁ,14763,4.003251371672424,1.1,18.0,793.24,8.93,4.06,8.14,0.761
4208500,SC,ITUPORANGA,22250,33.33932584269663,0.46,11.72,844.05,36.41,4.93,5.79,0.748
4208609,SC,JABORÁ,4041,60.28210838901262,2.55,13.81,831.84,52.71,7.71,1.87,0.732
4208708,SC,JACINTO MACHADO,10609,51.61655198416439,2.1,20.73,655.7,40.45,8.08,5.04,0.716
4208807,SC,JAGUARUNA,17290,23.66685945633314,0.45,12.85,701.05,22.38,6.83,2.63,0.721
4208906,SC,JARAGUÁ DO SUL,143123,7.21267720771644,0.25,4.12,1111.85,2.46,1.85,2.02,0.803
4208955,SC,JARDINÓPOLIS,1766,54.75651189127973,3.09,19.46,654.02,51.36,9.78,13.83,0.709
4209003,SC,JOAÇABA,27020,7.757216876387861,0.43,7.77,1338.5,8.99,3.34,4.37,0.827
4209102,SC,JOINVILLE,515288,3.3841269348403222,0.29,7.98,1126.74,1.65,2.37,3.35,0.809
4209151,SC,JOSÉ BOITEUX,4721,65.87587375556026,7.24,27.79,580.97,42.66,6.76,10.14,0.694
4209177,SC,JUPIÁ,2148,51.39664804469274,5.56,32.19,654.0,56.55,10.75,9.57,0.719
4209201,SC,LACERDÓPOLIS,2199,47.2487494315598,0.19,6.97,925.08,53.46,5.76,5.85,0.781
4209300,SC,LAGES,156727,1.780165510728847,1.57,22.39,878.34,5.99,5.3,7.14,0.77
4209409,SC,LAGUNA,51562,21.15317481866491,1.61,20.01,684.42,16.24,5.88,5.23,0.752
4209458,SC,LAJEADO GRANDE,1490,56.51006711409396,2.49,13.95,850.34,36.8,7.94,4.75,0.771
4209508,SC,LAURENTINO,6004,27.14856762158561,0.09,7.45,810.58,18.51,4.13,6.25,0.749
4209607,SC,LAURO MULLER,14367,22.69784923783671,0.55,13.43,678.67,13.97,5.19,1.56,0.735
4209706,SC,LEBON RÉGIS,11838,36.45886129413752,5.76,44.49,409.05,45.69,12.91,2.9,0.649
4209805,SC,LEOBERTO LEAL,3365,75.63150074294205,4.95,18.57,800.32,68.21,10.99,10.02,0.686
4209854,SC,LINDÓIA DO SUL,4642,58.42309349418354,0.62,13.4,836.32,51.4,5.75,3.25,0.743
4209904,SC,LONTRAS,10244,31.530652089027722,0.73,10.42,773.05,15.62,5.38,3.25,0.704
4210001,SC,LUIZ ALVES,10438,68.80628472887527,0.68,8.01,937.32,26.16,4.7,0.3,0.737
4210035,SC,LUZERNA,5600,23.946428571428573,0.18,5.88,1030.37,20.18,2.3,3.01,0.789
4210050,SC,MACIEIRA,1826,72.56297918948522,1.93,30.52,533.9,60.22,10.38,9.26,0.662
4210100,SC,MAFRA,52912,21.911853643785907,1.46,19.15,789.53,22.43,3.64,5.19,0.777
4210209,SC,MAJOR GERCINO,3279,61.9091186337298,4.51,21.98,789.61,42.47,8.13,9.54,0.698
4210308,SC,MAJOR VIEIRA,7479,60.40914560770157,7.17,40.68,465.76,57.9,6.43,4.13,0.69
4210407,SC,MARACAJÁ,6404,33.54153653966271,0.28,13.59,861.85,16.94,5.75,3.77,0.768
4210506,SC,MARAVILHA,22101,18.16207411429347,0.39,10.8,896.02,15.8,5.3,4.84,0.781
4210555,SC,MAREMA,2203,65.5015887426237,0.23,10.56,840.58,63.27,8.96,2.98,0.743
4210605,SC,MASSARANDUBA,14674,48.166825678070055,0.0,6.05,847.63,24.33,3.66,2.5,0.774
4210704,SC,MATOS COSTA,2839,48.39732300105671,7.11,45.37,402.83,53.05,11.69,15.13,0.657
4210803,SC,MELEIRO,7000,47.871428571428574,0.57,11.62,768.23,34.43,5.74,1.7,0.738
4210852,SC,MIRIM DOCE,2513,52.16872264226025,3.33,26.31,560.66,50.33,8.34,7.15,0.708
4210902,SC,MODELO,4045,33.4487021013597,0.4,10.09,858.23,35.95,7.11,5.78,0.76
4211009,SC,MONDAÍ,10231,38.37357052096569,1.48,12.98,741.84,33.2,4.82,2.72,0.748
4211058,SC,MONTE CARLO,9312,13.27319587628866,1.83,43.36,449.82,41.28,13.56,4.65,0.643
4211108,SC,MONTE CASTELO,8346,41.900311526479754,5.22,40.56,432.84,43.63,7.79,4.04,0.675
4211207,SC,MORRO DA FUMAÇA,16126,14.033238248790772,0.0,8.73,759.25,5.25,5.7,3.68,0.738
4211256,SC,MORRO GRANDE,2890,73.840830449827,2.99,17.9,809.37,44.37,6.44,5.0,0.701
4211306,SC,NAVEGANTES,60556,5.208402140167778,1.47,13.08,756.39,10.11,4.44,4.35,0.736
4211405,SC,NOVA ERECHIM,4275,24.88888888888889,0.25,8.09,944.83,28.77,6.19,5.11,0.765
4211454,SC,NOVA ITABERABA,4267,64.14342629482071,0.83,24.23,868.83,33.51,9.84,4.05,0.736
4211504,SC,NOVA TRENTO,12190,25.110746513535684,2.06,6.65,847.77,14.49,3.88,4.39,0.748
4211603,SC,NOVA VENEZA,13309,32.925088286122175,0.15,6.9,805.79,13.32,3.57,2.22,0.768
4211652,SC,NOVO HORIZONTE,2750,66.50909090909092,1.35,18.81,623.51,58.47,13.85,6.49,0.706
4211702,SC,ORLEANS,21393,24.81652877109335,1.24,14.87,844.35,23.92,4.74,1.6,0.755
4211751,SC,OTACÍLIO COSTA,16337,8.85107424863806,1.48,16.87,677.67,12.68,7.11,3.35,0.74
4211801,SC,OURO,7372,34.29191535539881,0.53,9.74,987.45,39.8,4.52,2.63,0.774
4211850,SC,OURO VERDE,2271,68.51607221488331,7.88,34.96,607.09,41.52,12.48,6.82,0.695
4211876,SC,PAIAL,1763,80.94157685762904,1.41,22.43,644.16,57.7,9.95,7.0,0.718
4211892,SC,PAINEL,2353,59.83850403739906,2.38,41.62,511.7,66.37,10.75,7.29,0.664
4211900,SC,PALHOÇA,137334,1.4730511016936811,0.61,9.21,862.74,2.51,4.12,6.43,0.757
4212007,SC,PALMA SOLA,7765,42.459755312298775,4.07,30.21,623.64,38.32,9.73,5.9,0.704
4212056,SC,PALMEIRA,2373,61.01980615254951,5.41,37.65,471.82,43.86,12.1,7.61,0.671
4212106,SC,PALMITOS,16020,38.383270911360796,1.59,14.71,887.5,43.62,7.35,4.03,0.737
4212205,SC,PAPANDUVA,17928,48.772869254796966,3.58,30.97,589.35,44.76,7.29,3.59,0.704
4212239,SC,PARAÍSO,4080,64.43627450980392,2.74,23.08,743.76,64.98,11.9,5.89,0.7
4212254,SC,PASSO DE TORRES,6627,11.377697298928625,2.42,24.31,602.85,19.12,7.33,7.15,0.72
4212270,SC,PASSOS MAIA,4425,75.1638418079096,8.12,37.33,450.78,51.22,10.63,8.97,0.659
4212304,SC,PAULO LOPES,6692,27.973699940227135,1.5,17.35,650.58,12.6,11.72,7.02,0.716
4212403,SC,PEDRAS GRANDES,4107,69.2963233503774,0.05,11.4,683.36,39.64,5.32,1.2,0.728
4212502,SC,PENHA,25141,8.261405672009865,1.02,12.59,793.53,12.55,3.75,2.18,0.743
4212601,SC,PERITIBA,2988,50.43507362784471,1.47,15.14,918.86,47.28,2.22,5.62,0.766
4212700,SC,PETROLÂNDIA,6131,63.70901973576904,1.81,17.2,799.56,58.48,8.14,4.14,0.716
4212809,SC,BALNEÁRIO PIÇARRAS,17078,9.239957840496546,0.8,15.97,826.13,5.88,4.81,2.92,0.756
4212908,SC,PINHALZINHO,16332,16.636051922605926,0.77,9.64,893.85,19.4,5.26,3.82,0.783
4213005,SC,PINHEIRO PRETO,3147,45.98029869717191,0.16,8.24,917.64,26.64,4.95,4.99,0.777
4213104,SC,PIRATUBA,4786,40.346844964479736,0.71,13.8,779.57,30.29,5.73,7.21,0.758
4213153,SC,PLANALTO ALEGRE,2654,59.79653353428787,2.41,15.02,754.11,56.17,12.8,10.14,0.751
4213203,SC,POMERODE,27759,14.179185129147303,0.19,4.1,1022.91,5.52,1.76,1.29,0.78
4213302,SC,PONTE ALTA,4894,26.890069472823868,2.2,36.13,503.47,29.82,12.09,8.41,0.673
4213351,SC,PONTE ALTA DO NORTE,3303,8.961550105964275,1.97,36.99,490.45,21.48,10.53,6.79,0.689
4213401,SC,PONTE SERRADA,11031,30.885685794578915,1.24,25.82,586.05,29.15,10.45,3.44,0.693
4213500,SC,PORTO BELO,16083,5.695454828079338,0.53,10.78,850.99,9.11,4.86,6.42,0.76
4213609,SC,PORTO UNIÃO,33493,15.606246081270713,1.05,19.31,864.41,18.25,3.65,7.8,0.786
4213708,SC,POUSO REDONDO,14810,39.06819716407833,0.46,16.21,742.15,26.49,6.22,3.32,0.72
4213807,SC,PRAIA GRANDE,7267,40.86968487684051,2.35,24.45,591.62,31.6,10.24,6.05,0.718
4213906,SC,PRESIDENTE CASTELLO BRANCO,1725,67.94202898550725,0.57,9.07,1255.85,66.49,5.04,5.07,0.77
4214003,SC,PRESIDENTE GETÚLIO,14887,29.23355948142675,0.39,6.46,928.86,19.34,3.23,3.58,0.759
4214102,SC,PRESIDENTE NEREU,2284,64.62346760070052,0.26,14.08,934.37,58.34,12.18,7.37,0.737
4214151,SC,PRINCESA,2758,63.59680928208847,2.43,21.98,626.1,60.39,11.08,7.39,0.706
4214201,SC,QUILOMBO,10248,43.930523028883684,1.73,15.3,672.58,41.25,8.83,3.62,0.73
4214300,SC,RANCHO QUEIMADO,2748,53.056768558951966,1.13,8.47,813.8,51.3,7.37,6.44,0.753
4214409,SC,RIO DAS ANTAS,6143,55.3963861305551,1.45,16.6,737.53,45.88,6.36,8.09,0.697
4214508,SC,RIO DO CAMPO,6192,57.49354005167959,1.63,19.36,803.46,51.33,6.2,5.53,0.729
4214607,SC,RIO DO OESTE,7090,52.18617771509168,1.47,12.19,957.34,43.98,4.27,2.65,0.754
4214706,SC,RIO DOS CEDROS,10284,50.31116297160638,0.0,5.68,795.95,11.24,3.17,0.53,0.729
4214805,SC,RIO DO SUL,61198,7.21101996797281,0.61,6.85,1114.31,3.94,2.95,4.52,0.802
4214904,SC,RIO FORTUNA,4446,65.74448942869995,0.0,3.7,1570.51,51.4,3.06,3.75,0.806
4215000,SC,RIO NEGRINHO,39846,8.778798373738894,0.31,20.09,664.58,10.81,4.06,4.23,0.738
4215059,SC,RIO RUFINO,2436,71.75697865353038,4.16,34.51,463.38,52.93,10.13,11.55,0.653
4215075,SC,RIQUEZA,4838,55.477470028937574,1.94,23.45,629.81,57.72,9.08,3.21,0.714
4215109,SC,RODEIO,10922,13.715436733199049,0.0,5.98,958.15,7.43,3.92,2.04,0.754
4215208,SC,ROMELÂNDIA,5551,63.8263375968294,2.36,21.18,791.78,64.83,12.01,7.51,0.692
4215307,SC,SALETE,7370,32.33378561736771,0.7,15.05,784.32,29.92,4.85,3.76,0.744
4215356,SC,SALTINHO,3961,68.31608179752588,14.27,44.68,427.12,70.69,15.26,3.84,0.654
4215406,SC,SALTO VELOSO,4301,20.902115787026272,1.01,15.59,1011.21,23.43,8.13,5.26,0.784
4215455,SC,SANGÃO,10400,53.30769230769231,0.18,10.82,730.38,9.79,7.84,0.15,0.7
4215505,SC,SANTA CECÍLIA,15757,13.289331725582281,3.24,33.47,610.94,14.08,10.47,4.79,0.698
4215554,SC,SANTA HELENA,2382,62.97229219143577,1.44,18.75,644.48,63.5,10.62,7.25,0.727
4215604,SC,SANTA ROSA DE LIMA,2065,74.91525423728814,0.73,4.17,731.43,57.9,5.25,6.76,0.757
4215653,SC,SANTA ROSA DO SUL,8054,53.488949590265705,1.87,16.3,630.29,39.32,7.09,3.87,0.705
4215679,SC,SANTA TEREZINHA,8767,82.74210106079617,12.63,41.93,421.9,76.55,6.08,5.6,0.669
4215687,SC,SANTA TEREZINHA DO PROGRESSO,2896,81.38812154696133,19.89,38.56,572.73,68.78,14.25,6.68,0.682
4215695,SC,SANTIAGO DO SUL,1465,55.63139931740614,5.01,19.61,756.0,54.64,12.22,10.31,0.728
4215703,SC,SANTO AMARO DA IMPERATRIZ,19823,24.481662715027998,0.09,8.09,867.13,6.72,5.47,6.52,0.781
4215752,SC,SÃO BERNARDINO,2677,73.141576391483,8.26,38.02,465.1,71.52,12.78,9.05,0.677
4215802,SC,SÃO BENTO DO SUL,74801,4.768652825496986,0.71,12.4,923.29,4.78,2.54,3.96,0.782
4215901,SC,SÃO BONIFÁCIO,3008,77.22739361702128,3.88,16.7,745.72,45.73,3.81,2.95,0.731
4216008,SC,SÃO CARLOS,10291,32.931687882615876,0.5,12.4,924.02,36.8,4.96,6.26,0.769
4216057,SC,SÃO CRISTOVÃO DO SUL,5012,24.18196328810854,1.38,33.64,507.73,21.8,13.35,8.82,0.665
4216107,SC,SÃO DOMINGOS,9491,33.48435359814561,1.27,20.5,956.19,37.18,9.91,3.64,0.765
4216206,SC,SÃO FRANCISCO DO SUL,42520,7.126058325493886,0.75,17.5,801.49,7.54,3.87,7.93,0.762
4216255,SC,SÃO JOÃO DO OESTE,6036,64.89396951623591,0.0,7.0,881.09,57.86,1.04,3.62,0.761
4216305,SC,SÃO JOÃO BATISTA,26260,10.316070068545317,0.31,5.2,794.12,4.95,3.66,3.07,0.74
4216354,SC,SÃO JOÃO DO ITAPERIÚ,3435,43.959243085880644,0.09,10.45,680.25,39.16,7.09,0.94,0.738
4216404,SC,SÃO JOÃO DO SUL,7002,77.54927163667523,2.25,25.56,558.4,55.91,8.25,3.47,0.695
4216503,SC,SÃO JOAQUIM,24812,29.175399000483637,0.85,29.72,641.75,50.8,6.19,5.16,0.687
4216602,SC,SÃO JOSÉ,209804,1.187775256906446,0.19,6.99,1157.43,0.73,2.73,7.11,0.809
4216701,SC,SÃO JOSÉ DO CEDRO,13684,38.270973399590765,3.22,17.26,866.73,33.06,6.36,5.67,0.731
4216800,SC,SÃO JOSÉ DO CERRITO,9273,73.1262805995902,10.87,46.38,375.44,63.36,13.76,2.02,0.636
4216909,SC,SÃO LOURENÇO DO OESTE,21792,22.540381791483114,1.62,13.91,841.27,19.87,7.14,3.8,0.749
4217006,SC,SÃO LUDGERO,10993,10.279268625488948,0.1,7.32,884.18,14.27,4.01,3.33,0.755
4217105,SC,SÃO MARTINHO,3209,61.639139918977875,0.82,6.7,870.77,48.24,4.48,1.87,0.742
4217154,SC,SÃO MIGUEL DA BOA VISTA,1904,76.94327731092437,1.69,24.52,767.85,68.56,11.94,8.51,0.71
4217204,SC,SÃO MIGUEL DO OESTE,36306,11.681264804715473,0.59,10.97,1072.6,12.17,4.9,4.76,0.801
4217253,SC,SÃO PEDRO DE ALCÂNTARA,4704,20.727040816326532,0.97,8.56,887.7,17.85,6.14,12.84,0.734
4217303,SC,SAUDADES,9016,43.17879325643301,0.43,7.85,719.94,37.8,4.71,3.95,0.755
4217402,SC,SCHROEDER,15316,10.531470357795769,0.0,4.48,852.5,7.55,2.18,0.95,0.769
4217501,SC,SEARA,16936,31.58951346244686,0.67,6.0,1188.18,29.03,5.48,3.35,0.779
4217550,SC,SERRA ALTA,3285,44.140030441400306,0.0,7.74,893.35,41.77,6.52,4.07,0.773
4217600,SC,SIDERÓPOLIS,12998,22.672718879827666,0.81,9.56,855.02,14.03,4.58,2.4,0.774
4217709,SC,SOMBRIO,26613,26.20899560365235,0.28,11.6,746.69,11.67,5.75,2.46,0.728
4217758,SC,SUL BRASIL,2766,63.44902386117137,1.45,21.08,674.87,57.46,14.51,5.79,0.707
4217808,SC,TAIÓ,17260,42.27114716106605,0.36,8.9,848.34,26.81,4.76,4.77,0.761
4217907,SC,TANGARÁ,8674,42.54092690800092,0.6,13.18,840.87,32.97,6.95,1.16,0.737
4217956,SC,TIGRINHOS,1757,80.4780876494024,3.86,25.05,579.87,65.06,10.96,12.43,0.717
4218004,SC,TIJUCAS,30960,16.01421188630491,1.22,12.49,835.48,6.05,6.18,4.22,0.76
4218103,SC,TIMBÉ DO SUL,5308,65.24114544084401,1.7,18.26,709.63,41.62,8.7,6.55,0.72
4218202,SC,TIMBÓ,36774,6.738456518192201,0.0,3.95,1214.03,3.78,1.87,2.06,0.784
4218251,SC,TIMBÓ GRANDE,7167,43.030556718292175,7.41,46.07,412.31,21.5,10.46,2.94,0.659
4218301,SC,TRÊS BARRAS,18129,15.246290473826466,2.59,34.46,539.69,18.44,7.0,2.16,0.706
4218350,SC,TREVISO,3527,48.02948681599093,0.09,7.3,784.39,12.81,2.37,0.89,0.774
4218400,SC,TREZE DE MAIO,6876,50.53810354857475,0.3,6.87,746.89,30.42,6.18,3.35,0.729
4218509,SC,TREZE TÍLIAS,6341,25.642643116227724,0.32,10.76,1471.95,17.84,4.76,2.31,0.795
4218608,SC,TROMBUDO CENTRAL,6553,37.41797649931329,0.81,8.47,905.3,14.17,4.58,5.02,0.775
4218707,SC,TUBARÃO,97235,9.400935876999023,0.73,7.43,1077.62,3.3,3.48,3.51,0.796
4218756,SC,TUNÁPOLIS,4633,69.39348154543492,0.94,16.33,742.67,62.21,4.13,5.1,0.752
4218806,SC,TURVO,11854,33.229289691243466,0.0,8.2,810.85,27.8,4.99,3.88,0.74
4218855,SC,UNIÃO DO OESTE,2910,61.95876288659794,1.52,12.75,634.81,59.07,10.49,6.54,0.705
4218905,SC,URUBICI,10699,33.95644452752594,1.31,27.0,713.25,42.6,7.0,6.57,0.694
4218954,SC,URUPEMA,2482,50.362610797743756,1.85,33.42,508.79,47.89,7.4,11.65,0.699
4219002,SC,URUSSANGA,20223,43.603817435593136,0.51,6.85,883.42,16.23,3.4,1.81,0.772
4219101,SC,VARGEÃO,3532,48.47112117780294,2.43,24.43,655.53,36.25,9.21,4.94,0.686
4219150,SC,VARGEM,2808,68.09116809116809,11.21,48.16,419.74,44.56,14.73,11.47,0.629
4219176,SC,VARGEM BONITA,4793,44.147715418318384,1.08,25.45,642.6,30.36,7.48,7.0,0.718
4219200,SC,VIDAL RAMOS,6290,71.51033386327504,0.87,15.35,744.1,62.25,9.17,4.96,0.7
4219309,SC,VIDEIRA,47188,9.180300076290582,0.35,10.32,978.07,9.3,3.75,2.94,0.764
4219358,SC,VITOR MEIRELES,5207,72.24889571730363,10.76,31.86,599.02,53.67,8.53,4.97,0.673
4219408,SC,WITMARSUM,3600,76.52777777777777,2.42,13.23,796.45,42.88,5.13,1.25,0.71
4219507,SC,XANXERÊ,44128,11.29668237853517,1.77,15.18,906.11,13.53,6.0,4.17,0.775
4219606,SC,XAVANTINA,4142,73.0082085948817,0.4,11.67,973.81,73.51,6.83,3.16,0.749
4219705,SC,XAXIM,25713,18.457589546143975,1.23,16.49,783.29,23.53,6.03,2.21,0.752
4219853,SC,ZORTÉA,2991,21.899030424607155,0.27,9.67,861.63,31.58,7.66,7.53,0.761
4300034,RS,ACEGUÁ,4394,75.89895311788803,2.34,36.14,633.63,54.81,6.8,4.26,0.687
4300059,RS,ÁGUA SANTA,3722,61.12305212251478,0.48,16.6,1491.17,52.57,5.72,7.1,0.75
4300109,RS,AGUDO,16722,58.80277478770482,3.91,21.06,861.06,55.44,7.14,3.44,0.694
4300208,RS,AJURICABA,7255,43.37698139214335,0.84,14.48,925.7,51.75,5.33,6.0,0.753
4300307,RS,ALECRIM,7045,69.26898509581264,9.48,32.15,561.62,67.7,8.37,6.43,0.672
4300406,RS,ALEGRETE,77653,10.37822106035826,2.74,27.39,705.29,16.25,6.3,12.69,0.74
4300455,RS,ALEGRIA,4301,63.148105091839106,6.0,28.1,692.76,67.28,10.62,7.33,0.695
4300471,RS,ALMIRANTE TAMANDARÉ DO SUL,2067,59.40977261731979,1.19,15.17,760.16,60.81,4.5,9.69,0.74
4300505,RS,ALPESTRE,8027,72.45546281300611,6.06,29.13,625.11,70.11,13.54,3.01,0.671
4300554,RS,ALTO ALEGRE,1848,59.794372294372295,2.38,15.89,880.85,56.8,7.86,12.91,0.747
4300570,RS,ALTO FELIZ,2917,72.02605416523826,0.72,5.53,802.2,38.78,2.69,7.98,0.734
4300604,RS,ALVORADA,195673,0.0,2.15,23.66,600.48,0.73,4.15,2.3,0.699
4300638,RS,AMARAL FERRADOR,6353,70.62804974028018,3.71,33.99,499.77,72.87,12.92,8.49,0.624
4300646,RS,AMETISTA DO SUL,7323,47.95848695889663,5.58,38.2,611.2,33.76,12.25,6.63,0.682
4300661,RS,ANDRÉ DA ROCHA,1216,59.21052631578947,0.83,25.47,792.19,58.56,6.95,11.9,0.72
4300703,RS,ANTA GORDA,6073,61.61699324880619,0.5,7.53,810.41,60.45,5.96,3.2,0.74
4300802,RS,ANTÔNIO PRADO,12833,28.037091872516168,0.35,7.03,1004.85,32.31,5.11,3.72,0.758
4300851,RS,ARAMBARÉ,3693,21.121039805036556,2.91,34.44,599.72,32.3,7.82,14.73,0.691
4300877,RS,ARARICÁ,4864,17.845394736842106,0.05,14.24,609.69,8.79,5.25,6.8,0.679
4300901,RS,ARATIBA,6565,49.489718202589486,0.48,10.59,1171.7,52.84,4.57,6.18,0.772
4301008,RS,ARROIO DO MEIO,18783,21.934728211680774,0.02,6.62,850.06,19.37,1.97,1.97,0.769
4301057,RS,ARROIO DO SAL,7740,2.9844961240310077,1.77,19.1,800.4,5.96,4.11,10.17,0.74
4301073,RS,ARROIO DO PADRE,2730,83.36996336996337,3.09,22.11,883.18,75.93,4.83,5.99,0.669
4301107,RS,ARROIO DOS RATOS,13606,4.7773041305306485,1.2,26.16,623.54,14.18,7.47,5.95,0.698
4301206,RS,ARROIO DO TIGRE,12648,52.86211258697027,3.28,24.21,654.51,57.9,7.5,3.72,0.707
4301305,RS,ARROIO GRANDE,18470,12.912831618841365,4.53,38.75,528.13,24.73,8.62,4.82,0.657
4301404,RS,ARVOREZINHA,10225,38.650366748166256,1.42,19.44,675.18,46.01,8.9,2.81,0.694
4301503,RS,AUGUSTO PESTANA,7096,48.463923337091316,0.74,13.8,1016.34,52.9,4.2,5.38,0.743
4301552,RS,ÁUREA,3665,58.06275579809004,1.88,17.0,686.1,61.58,5.76,11.67,0.707
4301602,RS,BAGÉ,116794,16.292789013134236,3.14,27.21,795.56,10.06,5.2,10.38,0.74
4301636,RS,BALNEÁRIO PINHAL,10856,1.0408990420044215,4.78,28.93,662.85,10.41,5.51,12.08,0.696
4301651,RS,BARÃO,5741,48.2668524647274,0.67,5.7,947.28,28.66,3.19,5.2,0.748
4301701,RS,BARÃO DE COTEGIPE,6529,39.25562873334354,1.25,13.71,823.2,50.43,4.02,5.76,0.719
4301750,RS,BARÃO DO TRIUNFO,7018,90.06839555428897,12.38,46.6,441.81,80.28,10.41,3.95,0.61
4301800,RS,BARRACÃO,5357,43.307821541907785,7.37,34.1,667.95,44.84,9.29,8.18,0.71
4301859,RS,BARRA DO GUARITA,3089,55.61670443509226,5.03,24.04,609.31,32.31,10.6,12.8,0.734
4301875,RS,BARRA DO QUARAÍ,4012,29.2123629112662,11.29,38.69,483.29,48.58,7.83,1.84,0.662
4301909,RS,BARRA DO RIBEIRO,12572,26.097677378300986,4.56,32.66,589.16,27.71,7.43,6.85,0.67
4301925,RS,BARRA DO RIO AZUL,2003,79.8801797304044,2.39,17.69,634.55,75.87,8.41,6.42,0.723
4301958,RS,BARRA FUNDA,2367,35.69919729615547,0.38,8.34,757.01,37.63,5.49,9.5,0.763
4302006,RS,BARROS CASSAL,11133,68.28348154136351,5.28,33.96,587.45,66.29,16.39,8.6,0.65
4302055,RS,BENJAMIN CONSTANT DO SUL,2307,85.21889900303424,16.33,53.2,336.44,68.73,15.3,10.89,0.619
4302105,RS,BENTO GONÇALVES,107278,7.652081507858088,0.34,5.26,1196.56,7.54,2.31,4.11,0.778
4302154,RS,BOA VISTA DAS MISSÕES,2114,58.08893093661305,6.67,33.85,505.89,49.14,9.52,15.25,0.676
4302204,RS,BOA VISTA DO BURICÁ,6574,33.58685731670216,0.7,8.48,909.95,31.26,1.97,6.15,0.762
4302220,RS,BOA VISTA DO CADEADO,2441,80.66366243342893,3.97,20.65,594.94,59.67,5.91,6.49,0.703
4302238,RS,BOA VISTA DO INCRA,2425,70.14432989690722,5.38,24.99,633.52,57.79,5.34,12.1,0.731
4302253,RS,BOA VISTA DO SUL,2776,85.9149855907781,0.43,8.05,964.35,55.99,7.72,3.16,0.728
4302303,RS,BOM JESUS,11519,25.401510547790608,2.62,34.56,611.26,41.23,8.4,4.17,0.666
4302352,RS,BOM PRINCÍPIO,11789,21.978115192128254,0.24,7.88,855.42,15.17,1.82,4.73,0.746
4302378,RS,BOM PROGRESSO,2328,50.77319587628866,5.89,32.63,623.82,39.45,10.89,10.59,0.723
4302402,RS,BOM RETIRO DO SUL,11472,20.135983263598327,0.56,9.75,728.62,14.14,3.62,3.8,0.739
4302451,RS,BOQUEIRÃO DO LEÃO,7673,78.20930535644467,2.26,22.94,726.61,67.72,11.59,5.1,0.7
4302501,RS,BOSSOROCA,6884,46.51365485183033,4.93,39.89,502.18,49.32,8.46,9.32,0.692
4302584,RS,BOZANO,2200,71.4090909090909,0.5,8.12,982.06,66.24,5.43,5.87,0.745
4302600,RS,BRAGA,3702,38.35764451647758,10.21,39.73,475.39,47.61,14.76,11.23,0.674
4302659,RS,BROCHIER,4675,50.88770053475936,0.0,10.46,720.21,48.37,3.46,5.27,0.699
4302709,RS,BUTIÁ,20406,5.272958933646967,3.46,32.69,590.45,15.93,8.92,7.82,0.689
4302808,RS,CAÇAPAVA DO SUL,33690,24.577025823686554,3.42,29.34,618.98,23.25,8.68,4.49,0.704
4302907,RS,CACEQUI,13676,12.60602515355367,3.98,38.59,550.88,30.67,7.99,8.96,0.7
4303004,RS,CACHOEIRA DO SUL,83827,14.466699273503764,2.93,25.46,793.67,18.71,7.89,8.09,0.742
4303103,RS,CACHOEIRINHA,118278,0.0,1.39,13.22,844.04,0.36,3.07,4.42,0.757
4303202,RS,CACIQUE DOBLE,4868,66.557107641742,12.04,37.62,539.67,58.45,10.88,7.87,0.662
4303301,RS,CAIBATÉ,4954,44.59023011707711,3.76,25.27,659.58,39.34,7.37,7.1,0.719
4303400,RS,CAIÇARA,5071,68.56635772037073,2.57,21.88,712.77,68.64,8.0,5.91,0.699
4303509,RS,CAMAQUÃ,62764,21.36256452743611,2.13,25.41,686.36,27.23,7.44,5.23,0.697
4303558,RS,CAMARGO,2592,57.754629629629626,0.0,10.86,916.32,57.6,9.05,8.23,0.736
4303608,RS,CAMBARÁ DO SUL,6542,53.515744420666465,0.76,22.89,643.45,23.68,7.3,10.24,0.697
4303673,RS,CAMPESTRE DA SERRA,3247,62.08808130582076,0.82,7.79,675.91,61.11,6.83,5.57,0.706
4303707,RS,CAMPINA DAS MISSÕES,6117,64.23083210724211,2.69,21.48,615.85,57.32,4.27,6.85,0.738
4303806,RS,CAMPINAS DO SUL,5506,23.410824555030874,1.08,14.19,869.1,36.6,4.93,8.68,0.76
4303905,RS,CAMPO BOM,60074,4.554382927722475,0.2,9.33,879.65,0.89,3.34,3.05,0.745
4304002,RS,CAMPO NOVO,5459,24.729803993405387,4.18,35.77,539.04,28.48,14.05,8.95,0.703
4304101,RS,CAMPOS BORGES,3494,42.58729250143102,3.62,22.91,637.46,41.41,9.92,5.58,0.708
4304200,RS,CANDELÁRIA,30171,47.91355937821086,4.91,26.58,620.92,54.2,10.03,2.88,0.674
4304309,RS,CÂNDIDO GODÓI,6535,71.75210405508798,2.53,19.04,706.19,63.08,3.53,4.6,0.728
4304358,RS,CANDIOTA,8771,70.37966024398587,6.91,30.19,638.77,21.77,5.79,3.37,0.698
4304408,RS,CANELA,39229,8.66195926482959,1.34,17.79,787.78,3.29,4.47,4.63,0.748
4304507,RS,CANGUÇU,53259,63.02221220826527,9.14,32.95,562.54,59.3,9.69,3.96,0.65
4304606,RS,CANOAS,323827,0.0,0.93,15.72,952.13,0.81,2.73,5.25,0.75
4304614,RS,CANUDOS DO VALE,1807,77.25511898173768,6.9,17.88,854.58,73.69,11.13,1.92,0.713
4304622,RS,CAPÃO BONITO DO SUL,1754,71.55074116305587,10.65,45.32,468.49,65.34,10.68,6.69,0.637
4304630,RS,CAPÃO DA CANOA,42040,0.6018078020932446,1.49,16.88,884.47,1.44,3.91,6.44,0.743
4304655,RS,CAPÃO DO CIPÓ,3104,83.27963917525773,9.81,47.14,426.09,61.16,6.75,6.25,0.672
4304663,RS,CAPÃO DO LEÃO,24298,7.88542266853239,2.37,32.42,493.36,9.73,7.86,3.76,0.637
4304671,RS,CAPIVARI DO SUL,3890,16.966580976863753,1.0,19.83,1196.47,24.62,8.24,8.65,0.766
4304689,RS,CAPELA DE SANTANA,11612,40.44953496383052,2.2,21.56,533.88,17.97,6.16,5.59,0.661
4304697,RS,CAPITÃO,2636,56.48710166919575,0.19,7.17,835.57,50.45,5.58,4.22,0.746
4304705,RS,CARAZINHO,59317,1.7937522126877623,1.56,18.42,881.73,6.06,4.3,5.91,0.766
4304713,RS,CARAÁ,7312,85.53063457330416,2.36,27.08,490.65,49.42,12.52,5.17,0.652
4304804,RS,CARLOS BARBOSA,25192,20.6414734836456,0.0,1.97,1446.56,14.15,2.66,3.01,0.796
4304853,RS,CARLOS GOMES,1607,76.47790914747978,1.17,15.22,761.35,72.65,5.05,12.06,0.739
4304903,RS,CASCA,8651,41.162871344353256,0.36,7.11,1011.38,31.65,4.05,3.64,0.785
4304952,RS,CASEIROS,3007,50.51546391752577,6.14,26.99,606.99,45.62,10.79,5.35,0.703
4305009,RS,CATUÍPE,9323,35.66448568057492,2.23,22.37,920.96,43.16,6.35,6.36,0.739
4305108,RS,CAXIAS DO SUL,435564,3.709672975728022,0.36,7.08,1253.93,3.84,2.44,2.77,0.782
4305116,RS,CENTENÁRIO,2965,67.99325463743676,5.2,23.93,651.77,73.87,4.32,5.43,0.701
4305124,RS,CERRITO,6402,41.471415182755386,6.18,39.94,476.66,46.33,12.81,6.97,0.649
4305132,RS,CERRO BRANCO,4454,71.39649753030983,3.02,29.43,519.95,70.56,13.86,7.11,0.661
4305157,RS,CERRO GRANDE,2417,65.659908978072,4.85,37.29,538.45,61.51,15.06,15.22,0.674
4305173,RS,CERRO GRANDE DO SUL,10268,75.80833657966498,5.13,38.58,527.88,62.62,10.51,4.73,0.66
4305207,RS,CERRO LARGO,13289,20.453006245767178,0.37,15.71,862.05,25.76,4.67,6.28,0.764
4305306,RS,CHAPADA,9377,40.56734563293164,1.34,12.87,860.15,47.38,4.48,4.94,0.757
4305355,RS,CHARQUEADAS,35320,2.3499433748584373,1.63,17.1,734.59,3.91,4.88,7.47,0.747
4305371,RS,CHARRUA,3471,83.17487755690003,4.87,40.85,618.89,69.0,14.1,6.76,0.62
4305405,RS,CHIAPETTA,4044,38.92185954500494,4.54,32.0,632.18,47.76,6.68,10.54,0.732
4305439,RS,CHUÍ,5917,3.718100388710495,4.05,36.55,535.86,9.85,1.97,7.58,0.706
4305447,RS,CHUVISCA,4944,94.47815533980582,6.14,39.53,471.66,81.43,10.24,3.26,0.616
4305454,RS,CIDREIRA,12668,3.22071360909378,3.17,21.99,750.55,7.52,3.8,12.62,0.729
4305504,RS,CIRÍACO,4922,49.329540837058104,1.45,18.35,725.12,54.43,7.57,5.34,0.719
4305587,RS,COLINAS,2420,54.33884297520661,0.08,7.23,1066.39,41.38,3.07,3.44,0.765
4305603,RS,COLORADO,3550,48.056338028169016,2.0,14.83,996.93,54.6,4.6,10.83,0.758
4305702,RS,CONDOR,6552,38.43101343101343,2.65,21.55,777.62,37.91,5.76,6.29,0.747
4305801,RS,CONSTANTINA,9752,33.244462674323216,3.01,21.3,732.39,36.45,8.76,5.89,0.754
4305835,RS,COQUEIRO BAIXO,1528,81.54450261780104,4.22,20.26,634.31,79.75,7.38,2.44,0.692
4305850,RS,COQUEIROS DO SUL,2457,63.207163207163205,1.33,12.26,1208.56,71.29,5.31,2.77,0.746
4305871,RS,CORONEL BARROS,2459,55.55103700691338,0.19,10.78,1112.14,60.96,3.22,6.46,0.744
4305900,RS,CORONEL BICACO,7748,34.58957150232318,8.72,42.09,509.04,48.45,12.13,10.36,0.665
4305934,RS,CORONEL PILAR,1725,89.91304347826087,0.48,8.18,942.36,82.99,4.19,3.41,0.727
4305959,RS,COTIPORÃ,3917,47.71508807761042,0.1,7.05,943.48,47.9,4.76,4.82,0.741
4305975,RS,COXILHA,2826,38.46426043878273,6.17,31.58,596.9,50.3,7.23,8.59,0.706
4306007,RS,CRISSIUMAL,14084,56.518034649247376,2.84,19.85,630.54,51.4,5.07,5.13,0.712
4306056,RS,CRISTAL,7280,43.997252747252745,2.99,28.37,575.45,41.47,10.09,7.85,0.644
4306072,RS,CRISTAL DO SUL,2826,67.05590941259732,7.06,41.73,430.67,61.43,13.06,10.4,0.66
4306106,RS,CRUZ ALTA,62821,3.5449929163814646,2.76,22.04,871.81,9.19,4.72,9.65,0.75
4306130,RS,CRUZALTENSE,2141,77.16020551144325,6.23,21.9,723.18,75.64,7.26,7.12,0.719
4306205,RS,CRUZEIRO DO SUL,12320,39.31818181818182,0.42,10.44,832.23,28.29,4.01,3.36,0.723
4306304,RS,DAVID CANABARRO,4683,59.1714712790946,0.0,13.61,798.91,57.42,7.86,6.05,0.762
4306320,RS,DERRUBADAS,3190,71.75548589341693,17.64,44.19,497.31,67.83,10.5,2.66,0.707
4306353,RS,DEZESSEIS DE NOVEMBRO,2866,76.7271458478716,11.96,47.71,391.3,64.49,13.17,9.35,0.654
4306379,RS,DILERMANDO DE AGUIAR,3064,67.65665796344648,8.02,43.03,553.74,58.83,14.6,4.42,0.648
4306403,RS,DOIS IRMÃOS,27572,1.0735528797330625,0.0,3.92,921.37,3.62,2.14,3.35,0.743
4306429,RS,DOIS IRMÃOS DAS MISSÕES,2157,49.2814093648586,13.22,43.21,446.59,54.58,13.2,22.35,0.67
4306452,RS,DOIS LAJEADOS,3278,52.287980475899936,0.0,3.45,992.68,55.68,5.4,4.93,0.757
4306502,RS,DOM FELICIANO,14380,76.81502086230876,9.99,46.98,409.72,73.62,13.05,4.98,0.587
4306551,RS,DOM PEDRO DE ALCÂNTARA,2550,70.94117647058823,1.5,21.24,611.05,53.34,5.82,7.18,0.691
4306601,RS,DOM PEDRITO,38898,9.365520078153118,2.26,30.33,686.15,21.85,6.22,9.3,0.708
4306700,RS,DONA FRANCISCA,3401,36.90091149661864,1.6,21.45,698.57,51.19,7.68,7.24,0.697
4306734,RS,DOUTOR MAURÍCIO CARDOSO,5313,50.705815923207226,3.8,25.74,652.63,55.18,6.62,5.64,0.706
4306759,RS,DOUTOR RICARDO,2030,65.86206896551724,0.41,9.95,843.35,64.55,7.67,5.19,0.724
4306767,RS,ELDORADO DO SUL,34343,10.316512826485747,2.29,21.99,692.0,8.57,4.44,4.41,0.717
4306809,RS,ENCANTADO,20510,12.827888834714773,0.49,8.63,931.47,13.06,3.39,2.71,0.767
4306908,RS,ENCRUZILHADA DO SUL,24534,30.223363495557187,6.75,40.11,539.0,40.29,11.46,3.72,0.657
4306924,RS,ENGENHO VELHO,1527,60.77275703994761,16.45,29.11,775.44,49.91,11.45,4.7,0.717
4306932,RS,ENTRE-IJUÍS,8938,45.25620944282837,3.87,29.12,594.67,47.88,6.48,7.44,0.68
4306957,RS,ENTRE RIOS DO SUL,3080,30.844155844155843,3.53,20.68,657.86,46.65,9.64,9.65,0.703
4306973,RS,EREBANGO,2970,34.074074074074076,5.29,31.08,583.76,47.33,7.29,12.97,0.712
4307005,RS,ERECHIM,96087,5.7604046333010706,1.08,10.6,1038.39,6.45,3.42,4.81,0.776
4307054,RS,ERNESTINA,3088,45.887305699481864,1.4,20.9,634.28,26.64,6.55,5.28,0.716
4307104,RS,HERVAL,6753,33.081593365911445,10.07,44.03,752.24,43.86,7.95,9.81,0.687
4307203,RS,ERVAL GRANDE,5163,47.89850861901995,2.0,26.52,677.58,61.24,12.62,5.01,0.681
4307302,RS,ERVAL SECO,7878,56.37217567910637,10.0,42.95,505.57,55.88,12.53,6.06,0.685
4307401,RS,ESMERALDA,3168,32.82828282828283,4.12,36.67,514.34,47.46,8.69,6.96,0.68
4307450,RS,ESPERANÇA DO SUL,3272,74.20537897310514,9.25,31.23,502.89,76.16,10.63,3.25,0.661
4307500,RS,ESPUMOSO,15240,26.96194225721785,1.9,18.05,834.66,32.35,7.94,5.96,0.765
4307559,RS,ESTAÇÃO,6011,14.839460988188321,0.96,10.54,862.69,20.51,3.58,7.63,0.753
4307609,RS,ESTÂNCIA VELHA,42574,2.560248038709071,0.7,10.29,848.45,2.86,2.77,3.03,0.757
4307708,RS,ESTEIO,80755,0.13869110271809795,1.32,13.59,955.86,0.49,2.77,3.37,0.754
4307807,RS,ESTRELA,30619,15.36954178777883,0.0,8.87,1002.78,13.63,2.55,4.96,0.767
4307815,RS,ESTRELA VELHA,3628,67.8335170893054,6.42,30.06,650.28,71.98,9.62,10.23,0.679
4307831,RS,EUGÊNIO DE CASTRO,2798,47.105075053609724,3.56,32.54,613.5,54.5,6.85,12.96,0.712
4307864,RS,FAGUNDES VARELA,2579,49.86428848390849,0.42,4.14,981.99,47.73,4.21,5.28,0.763
4307906,RS,FARROUPILHA,63635,13.486288991906969,0.45,5.99,1045.05,10.57,2.7,2.18,0.777
4308003,RS,FAXINAL DO SOTURNO,6672,37.42505995203837,1.71,19.37,760.86,32.48,5.43,7.79,0.72
4308052,RS,FAXINALZINHO,2567,50.40903778730035,9.85,37.0,445.67,57.34,10.18,11.23,0.666
4308078,RS,FAZENDA VILANOVA,3697,45.55044630781715,1.56,16.4,734.82,27.42,6.37,4.01,0.698
4308102,RS,FELIZ,12359,23.81260619791245,0.0,4.61,897.05,16.36,0.97,5.68,0.75
4308201,RS,FLORES DA CUNHA,27126,23.118041731180416,0.48,6.47,1062.06,19.05,3.3,3.26,0.754
4308250,RS,FLORIANO PEIXOTO,2018,85.53022794846383,5.25,25.37,626.67,81.36,4.61,6.41,0.663
4308300,RS,FONTOURA XAVIER,10719,61.75016326149827,10.84,40.14,511.46,53.73,18.83,4.78,0.661
4308409,RS,FORMIGUEIRO,7014,60.52181351582549,4.49,32.57,586.75,50.77,11.92,8.49,0.682
4308433,RS,FORQUETINHA,2479,81.12141992739008,1.04,10.91,812.72,62.21,6.93,0.37,0.683
4308458,RS,FORTALEZA DOS VALOS,4575,34.5792349726776,2.31,26.9,1021.84,37.3,6.74,9.27,0.756
4308508,RS,FREDERICO WESTPHALEN,28843,19.103421974135838,1.64,16.95,875.03,17.14,5.08,5.96,0.76
4308607,RS,GARIBALDI,30689,11.33305093030076,0.06,4.06,1355.37,11.91,2.75,3.41,0.786
4308656,RS,GARRUCHOS,3234,67.31601731601732,9.28,46.61,476.17,55.19,13.02,16.04,0.671
4308706,RS,GAURAMA,5862,42.20402592971682,0.8,15.67,765.58,45.33,4.24,6.2,0.738
4308805,RS,GENERAL CÂMARA,8447,41.209897004853794,2.65,30.1,640.45,39.18,10.12,8.81,0.686
4308854,RS,GENTIL,1677,56.887298747763865,2.5,23.2,662.04,63.78,8.02,8.86,0.733
4308904,RS,GETÚLIO VARGAS,16154,14.18843630060666,1.2,15.3,837.17,19.69,4.31,6.65,0.746
4309001,RS,GIRUÁ,17075,24.4099560761347,3.36,30.77,653.18,29.89,7.09,4.33,0.721
4309050,RS,GLORINHA,6891,70.00435350457118,1.46,18.86,686.99,21.77,8.46,6.08,0.714
4309100,RS,GRAMADO,32273,10.10132308741053,0.32,7.48,1045.52,5.76,2.96,2.88,0.764
4309126,RS,GRAMADO DOS LOUREIROS,2269,76.81798148964302,9.22,40.76,491.1,58.75,13.96,12.65,0.685
4309159,RS,GRAMADO XAVIER,3970,86.6750629722922,12.65,35.53,552.44,78.72,10.6,6.4,0.634
4309209,RS,GRAVATAÍ,255660,4.757490416960025,1.54,18.01,737.29,2.19,3.35,2.99,0.736
4309258,RS,GUABIJU,1598,53.81727158948686,0.3,7.71,1408.71,51.36,4.77,9.54,0.758
4309308,RS,GUAÍBA,95204,2.2478047140876436,1.49,19.29,758.83,3.02,4.05,3.99,0.73
4309407,RS,GUAPORÉ,22814,8.740247216621373,0.27,5.09,1035.41,8.74,3.93,3.34,0.765
4309506,RS,GUARANI DAS MISSÕES,8115,38.01601971657424,3.09,21.5,615.87,43.78,5.1,8.35,0.737
4309555,RS,HARMONIA,4254,42.26610249177245,0.54,7.36,840.55,27.25,2.22,5.45,0.749
4309571,RS,HERVEIRAS,2954,87.00067704807041,5.29,31.91,516.11,79.48,10.74,5.12,0.616
4309605,RS,HORIZONTINA,18348,20.596250272509266,0.58,11.09,1037.04,20.49,3.03,4.15,0.783
4309654,RS,HULHA NEGRA,6043,51.86165811682939,15.51,42.76,465.17,49.55,9.39,3.31,0.643
4309704,RS,HUMAITÁ,4919,40.821305143321815,0.53,18.13,759.99,43.18,3.73,8.48,0.738
4309753,RS,IBARAMA,4371,75.90940288263555,4.72,30.84,572.6,79.85,7.19,4.16,0.652
4309803,RS,IBIAÇÁ,4710,39.51167728237792,0.51,10.51,940.93,53.34,7.05,4.72,0.739
4309902,RS,IBIRAIARAS,7171,46.77171942546367,1.44,15.21,795.0,49.53,6.32,5.76,0.724
4309951,RS,IBIRAPUITÃ,4061,41.12287613888205,3.74,38.7,544.81,36.05,10.64,9.2,0.638
4310009,RS,IBIRUBÁ,19310,20.548938373899535,1.04,11.43,1062.3,27.33,3.6,5.3,0.765
4310108,RS,IGREJINHA,31660,4.643082754264055,0.61,9.35,848.23,3.82,3.73,3.64,0.721
4310207,RS,IJUÍ,78915,9.332826458848128,2.34,16.83,1066.65,12.96,4.38,7.67,0.781
4310306,RS,ILÓPOLIS,4102,46.1969770843491,1.71,13.77,884.57,63.47,7.09,4.12,0.73
4310330,RS,IMBÉ,17670,0.050933786078098474,1.25,19.15,1359.66,3.8,3.12,12.86,0.764
4310363,RS,IMIGRANTE,3023,50.413496526629174,0.0,4.25,928.0,37.73,1.37,1.34,0.743
4310405,RS,INDEPENDÊNCIA,6618,37.18646116651556,4.53,26.55,665.99,47.38,8.33,7.41,0.693
4310413,RS,INHACORÁ,2267,40.62637847375386,4.77,38.72,448.48,52.47,11.23,8.63,0.673
4310439,RS,IPÊ,6016,51.579122340425535,1.05,13.63,856.32,47.26,6.62,5.09,0.728
4310462,RS,IPIRANGA DO SUL,1944,65.07201646090535,0.6,9.35,1301.23,65.6,3.33,8.74,0.791
4310504,RS,IRAÍ,8078,44.82545184451597,10.3,41.72,564.49,42.05,10.03,8.74,0.691
4310538,RS,ITAARA,5010,20.798403193612774,1.92,27.78,913.96,21.2,6.08,9.26,0.76
4310553,RS,ITACURUBI,3441,65.59139784946237,6.51,44.81,593.23,63.23,8.89,6.9,0.657
4310579,RS,ITAPUCA,2344,76.19453924914676,0.6,16.97,660.33,66.96,9.85,2.06,0.664
4310603,RS,ITAQUI,38159,12.704735449042166,3.55,35.19,576.71,20.89,6.58,10.07,0.713
4310652,RS,ITATI,2584,91.79566563467492,4.14,30.35,592.8,58.44,13.67,13.61,0.669
4310702,RS,ITATIBA DO SUL,4171,58.54711100455526,5.36,32.19,607.67,71.74,12.15,5.59,0.681
4310751,RS,IVORÁ,2156,67.30055658627087,2.4,21.24,670.27,61.79,5.17,9.08,0.724
4310801,RS,IVOTI,19874,9.117439871188488,0.1,6.07,1025.02,4.91,1.96,4.94,0.784
4310850,RS,JABOTICABA,4098,63.71400683260127,18.1,48.27,419.41,61.19,12.92,7.4,0.658
4310876,RS,JACUIZINHO,2507,77.58276824890307,19.56,48.06,750.68,69.29,12.76,11.1,0.662
4310900,RS,JACUTINGA,3633,29.17698871456097,0.92,18.38,636.24,36.21,6.72,8.47,0.726
4311007,RS,JAGUARÃO,27931,6.537538935233253,2.75,29.79,616.82,18.21,6.93,9.62,0.707
4311106,RS,JAGUARI,11473,43.075045759609516,3.82,24.67,772.25,48.54,6.12,7.0,0.712
4311122,RS,JAQUIRANA,4177,41.82427579602586,5.66,47.03,392.53,40.54,11.76,4.19,0.614
4311130,RS,JARI,3575,82.85314685314685,16.16,50.75,418.18,77.66,8.15,5.59,0.631
4311155,RS,JÓIA,8331,74.92497899411835,11.86,39.42,521.7,64.75,6.68,5.06,0.686
4311205,RS,JÚLIO DE CASTILHOS,19579,17.73839317636243,4.18,31.52,765.91,30.48,6.0,6.19,0.716
4311239,RS,LAGOA BONITA DO SUL,2662,85.57475582268971,3.94,25.54,608.88,80.46,11.26,6.44,0.67
4311254,RS,LAGOÃO,6185,73.24171382376718,6.72,36.73,432.78,73.84,21.71,6.49,0.643
4311270,RS,LAGOA DOS TRÊS CANTOS,1598,49.499374217772214,0.67,8.81,933.6,48.15,2.31,9.26,0.789
4311304,RS,LAGOA VERMELHA,27525,12.31244323342416,1.24,23.26,771.47,18.12,7.81,5.81,0.738
4311403,RS,LAJEADO,71445,0.3709146896213871,0.38,6.77,1130.85,4.46,2.8,2.42,0.778
4311429,RS,LAJEADO DO BUGRE,2487,71.61238439887414,16.13,54.25,343.1,68.15,19.72,11.65,0.613
4311502,RS,LAVRAS DO SUL,7679,38.03880713634588,4.08,36.67,559.67,25.57,9.81,15.65,0.699
4311601,RS,LIBERATO SALZANO,5780,77.56055363321799,3.37,29.57,551.91,63.98,13.6,5.01,0.685
4311627,RS,LINDOLFO COLLOR,5227,17.983546967667877,0.52,10.46,672.81,10.35,4.02,2.86,0.712
4311643,RS,LINHA NOVA,1624,74.38423645320196,0.13,5.48,857.79,49.37,2.87,6.09,0.749
4311700,RS,MACHADINHO,5510,38.566243194192374,4.58,28.63,669.6,47.44,11.21,7.19,0.692
4311718,RS,MAÇAMBARÁ,4738,72.35120303925707,4.63,37.73,499.71,55.93,10.71,11.93,0.684
4311734,RS,MAMPITUBA,3003,81.08558108558108,1.34,42.22,456.27,76.35,10.89,5.29,0.649
4311759,RS,MANOEL VIANA,7072,24.179864253393664,4.78,37.65,570.72,30.4,10.36,14.5,0.655
4311775,RS,MAQUINÉ,6905,70.10861694424331,1.34,21.66,604.04,49.23,8.07,7.27,0.682
4311791,RS,MARATÁ,2527,70.2018203403245,0.24,8.84,745.31,50.81,3.21,7.54,0.697
4311809,RS,MARAU,36364,13.216367836321636,0.62,7.18,980.92,15.04,3.14,2.33,0.774
4311908,RS,MARCELINO RAMOS,5134,46.980911569925986,2.61,18.48,777.41,49.98,6.81,7.05,0.724
4311981,RS,MARIANA PIMENTEL,3768,83.06794055201699,3.09,25.72,628.63,62.57,7.93,3.59,0.701
4312005,RS,MARIANO MORO,2210,47.828054298642535,1.26,13.33,925.46,43.57,7.57,6.74,0.73
4312054,RS,MARQUES DE SOUZA,4068,62.02064896755162,0.64,12.36,817.11,48.64,7.21,0.92,0.687
4312104,RS,MATA,5111,48.77714732928977,6.31,37.92,484.75,55.31,7.96,8.85,0.656
4312138,RS,MATO CASTELHANO,2470,78.90688259109312,2.58,23.46,862.71,45.94,9.96,7.86,0.727
4312153,RS,MATO LEITÃO,3865,58.059508408796894,1.85,12.18,708.43,31.91,3.98,7.1,0.746
4312179,RS,MATO QUEIMADO,1799,73.37409672040022,2.37,25.92,629.4,60.46,7.85,2.59,0.717
4312203,RS,MAXIMILIANO DE ALMEIDA,4911,39.442068825086544,3.98,22.94,620.58,48.72,9.33,5.22,0.699
4312252,RS,MINAS DO LEÃO,7631,3.813392740138907,1.65,30.62,815.23,23.47,10.86,2.33,0.681
4312302,RS,MIRAGUAÍ,4855,57.38414006179197,7.77,35.67,820.8,51.1,10.27,9.28,0.725
4312351,RS,MONTAURI,1542,58.23605706874189,0.47,3.89,1091.01,62.59,6.8,4.5,0.764
4312377,RS,MONTE ALEGRE DOS CAMPOS,3102,79.20696324951643,10.72,41.79,508.71,83.66,11.83,4.17,0.65
4312385,RS,MONTE BELO DO SUL,2670,71.16104868913858,0.0,7.39,861.81,55.99,2.47,4.96,0.752
4312401,RS,MONTENEGRO,59415,9.73828157872591,0.82,16.08,914.23,10.35,3.94,4.74,0.755
4312427,RS,MORMAÇO,2749,78.17388141142233,2.28,30.03,775.77,43.92,10.75,9.6,0.714
4312443,RS,MORRINHOS DO SUL,3182,59.145191703331236,0.72,23.25,705.78,67.96,9.19,6.48,0.711
4312450,RS,MORRO REDONDO,6227,57.47550987634495,4.24,25.84,701.43,39.58,9.47,6.61,0.702
4312476,RS,MORRO REUTER,5676,14.711064129668781,0.21,5.7,767.55,16.79,1.08,4.28,0.743
4312500,RS,MOSTARDAS,12124,32.835697789508416,3.92,32.77,627.16,38.25,11.97,6.07,0.664
4312609,RS,MUÇUM,4791,15.59173450219161,0.39,8.25,887.43,26.8,4.67,7.11,0.746
4312617,RS,MUITOS CAPÕES,2988,67.53681392235609,2.02,24.93,666.24,72.22,7.79,6.03,0.702
4312625,RS,MULITERNO,1813,71.98014340871484,8.67,20.92,799.52,59.46,7.39,10.29,0.689
4312658,RS,NÃO-ME-TOQUE,15936,12.361947791164658,0.74,8.16,1051.05,14.49,3.94,4.87,0.765
4312674,RS,NICOLAU VERGUEIRO,1721,63.04474142940151,3.46,17.23,974.79,54.16,5.83,10.84,0.753
4312708,RS,NONOAI,12074,24.92131853569654,5.21,29.3,634.06,28.32,11.79,7.82,0.702
4312757,RS,NOVA ALVORADA,3182,58.13953488372093,1.63,14.34,925.66,51.32,8.76,7.09,0.74
4312807,RS,NOVA ARAÇÁ,4001,28.01799550112472,0.0,5.01,1134.76,25.26,2.62,4.76,0.785
4312906,RS,NOVA BASSANO,8840,37.62443438914027,0.28,4.09,1010.72,28.16,3.44,5.08,0.747
4312955,RS,NOVA BOA VISTA,1960,70.51020408163265,0.0,7.01,928.49,59.47,2.58,9.46,0.768
4313003,RS,NOVA BRÉSCIA,3184,52.54396984924623,0.7,10.19,1452.06,49.22,3.91,5.95,0.778
4313011,RS,NOVA CANDELÁRIA,2751,74.2275536168666,0.0,2.57,1120.1,66.08,2.24,6.57,0.759
4313037,RS,NOVA ESPERANÇA DO SUL,4671,22.95011774780561,1.36,15.48,717.7,24.77,5.67,8.69,0.735
4313060,RS,NOVA HARTZ,18346,16.77204840292162,0.64,12.35,600.0,4.12,3.54,3.95,0.689
4313086,RS,NOVA PÁDUA,2450,70.12244897959184,0.0,2.5,914.36,67.79,3.72,2.71,0.761
4313102,RS,NOVA PALMA,6342,51.38757489750867,2.66,20.14,915.86,50.49,3.79,6.38,0.744
4313201,RS,NOVA PETRÓPOLIS,19045,25.786295615647152,0.13,7.3,994.67,20.08,2.11,3.57,0.78
4313300,RS,NOVA PRATA,22830,18.26982041173894,0.2,6.42,1039.74,11.5,3.02,3.92,0.766
4313334,RS,NOVA RAMADA,2437,72.50718096019696,0.64,22.58,861.28,72.66,6.87,9.09,0.742
4313359,RS,NOVA ROMA DO SUL,3343,52.58749626084355,0.47,4.1,1120.95,56.69,4.87,4.69,0.741
4313375,RS,NOVA SANTA RITA,22716,14.26747666842754,1.86,17.99,686.87,11.51,4.83,5.56,0.718
4313391,RS,NOVO CABRAIS,3855,85.86251621271076,1.88,25.69,611.08,75.85,9.26,5.19,0.688
4313409,RS,NOVO HAMBURGO,238940,1.733489578973801,0.82,14.58,1011.62,1.41,3.52,2.97,0.747
4313425,RS,NOVO MACHADO,3925,60.43312101910828,3.71,32.28,531.07,79.9,7.49,7.44,0.663
4313441,RS,NOVO TIRADENTES,2277,71.27799736495389,4.64,29.08,548.05,73.24,16.32,11.0,0.676
4313466,RS,NOVO XINGU,1757,68.4689812179852,0.38,12.55,847.22,59.46,5.92,8.46,0.767
4313490,RS,NOVO BARREIRO,3978,67.16943187531423,3.46,30.64,768.98,61.22,11.37,6.48,0.706
4313508,RS,OSÓRIO,40906,7.306996528626607,1.14,17.56,957.94,7.82,4.41,9.29,0.751
4313607,RS,PAIM FILHO,4243,46.90077775159086,1.63,18.73,729.03,48.17,8.2,5.78,0.706
4313656,RS,PALMARES DO SUL,10969,10.629957151973745,1.45,26.03,730.31,26.74,8.55,11.66,0.715
4313706,RS,PALMEIRA DAS MISSÕES,34328,13.100093218364018,4.08,26.97,715.29,22.19,9.28,10.13,0.737
4313805,RS,PALMITINHO,6920,50.96820809248555,5.66,18.22,652.86,49.34,9.55,6.86,0.72
4313904,RS,PANAMBI,38058,9.185979294760628,1.08,11.43,864.44,11.85,3.1,4.57,0.761
4313953,RS,PANTANO GRANDE,9895,15.977766548762,2.55,34.75,536.01,19.49,11.33,5.05,0.661
4314001,RS,PARAÍ,6812,43.98120963006459,0.25,7.49,1071.25,23.35,2.91,2.15,0.773
4314027,RS,PARAÍSO DO SUL,7336,61.12322791712105,2.66,19.64,593.01,72.67,7.91,3.85,0.676
4314035,RS,PARECI NOVO,3511,72.05924238108801,0.35,9.36,788.66,42.38,1.72,1.73,0.749
4314050,RS,PAROBÉ,51502,5.570657450196109,0.64,16.77,625.4,2.41,4.86,2.61,0.704
4314068,RS,PASSA SETE,5154,89.23166472642608,7.95,39.88,427.13,84.25,14.04,2.55,0.622
4314076,RS,PASSO DO SOBRADO,6011,76.22691731824987,2.66,20.62,732.19,64.75,6.24,5.04,0.698
4314100,RS,PASSO FUNDO,184826,2.5461785679503968,0.83,13.63,1068.95,3.32,3.77,4.91,0.776
4314134,RS,PAULO BENTO,2196,72.95081967213115,1.3,10.1,749.77,65.62,4.3,7.59,0.71
4314159,RS,PAVERAMA,8044,49.0551964196917,0.47,13.11,628.77,41.1,6.75,4.72,0.683
4314175,RS,PEDRAS ALTAS,2212,65.28028933092224,11.5,46.04,449.2,56.91,10.63,12.51,0.64
4314209,RS,PEDRO OSÓRIO,7811,6.5292536166944055,6.63,33.32,560.06,21.54,9.16,4.61,0.678
4314308,RS,PEJUÇARA,3973,32.74603574125346,0.45,15.92,722.64,39.9,4.78,10.05,0.741
4314407,RS,PELOTAS,328275,6.726677328459371,2.1,22.46,894.35,8.36,4.31,7.32,0.739
4314423,RS,PICADA CAFÉ,5182,12.022385179467387,0.06,6.38,792.06,14.23,2.46,3.85,0.758
4314456,RS,PINHAL,2513,48.666931953840034,3.28,23.78,625.79,44.25,10.01,7.58,0.72
4314464,RS,PINHAL DA SERRA,2130,77.55868544600939,16.98,46.41,431.37,51.91,8.9,25.12,0.65
4314472,RS,PINHAL GRANDE,4471,57.61574591813912,11.49,37.36,523.52,65.4,8.34,10.47,0.678
4314498,RS,PINHEIRINHO DO VALE,4497,79.65310206804536,6.89,32.4,678.14,52.94,11.06,6.87,0.71
4314506,RS,PINHEIRO MACHADO,12780,23.44287949921753,6.0,32.0,567.32,27.26,10.34,6.0,0.661
4314555,RS,PIRAPÓ,2757,71.81719260065289,6.71,38.82,473.9,67.24,14.64,12.05,0.669
4314605,RS,PIRATINI,19841,41.686406935134315,9.06,37.02,524.3,52.76,10.95,5.42,0.658
4314704,RS,PLANALTO,10524,43.63359939186621,7.02,30.87,531.04,45.15,12.09,5.87,0.687
4314753,RS,POÇO DAS ANTAS,2017,57.31284085275161,1.83,10.76,810.09,41.2,2.87,4.91,0.744
4314779,RS,PONTÃO,3857,59.57998444386829,5.07,32.88,656.34,58.98,5.1,7.31,0.725
4314787,RS,PONTE PRETA,1750,70.74285714285715,1.42,10.99,735.35,70.41,6.89,6.13,0.725
4314803,RS,PORTÃO,30920,18.253557567917206,0.79,16.57,729.01,5.74,4.89,3.04,0.713
4314902,RS,PORTO ALEGRE,1409351,0.0,0.92,12.51,1758.27,0.72,2.34,7.42,0.805
4315008,RS,PORTO LUCENA,5413,56.93700351006835,3.58,25.23,621.82,61.3,9.12,8.44,0.693
4315057,RS,PORTO MAUÁ,2542,62.47049567269866,6.59,28.29,524.57,59.95,7.06,6.62,0.698
4315073,RS,PORTO VERA CRUZ,1852,76.24190064794817,4.21,34.08,490.03,68.7,8.44,7.66,0.69
4315107,RS,PORTO XAVIER,10558,50.65353286607312,4.63,29.51,574.32,35.15,11.83,5.87,0.723
4315131,RS,POUSO NOVO,1875,66.29333333333334,1.62,19.14,935.9,55.76,9.45,10.34,0.715
4315149,RS,PRESIDENTE LUCENA,2484,39.170692431561996,0.0,7.57,739.9,26.28,2.31,4.95,0.757
4315156,RS,PROGRESSO,6163,69.60895667694305,1.21,20.17,643.93,70.24,9.54,3.76,0.683
4315172,RS,PROTÁSIO ALVES,2000,78.65,1.38,14.1,972.84,53.79,7.36,8.35,0.733
4315206,RS,PUTINGA,4141,61.91741125332045,2.2,12.83,826.94,60.02,9.09,6.2,0.715
4315305,RS,QUARAÍ,23021,7.43234438121715,4.82,39.51,528.64,20.79,5.92,11.22,0.704
4315313,RS,QUATRO IRMÃOS,1775,48.394366197183096,3.58,28.38,602.95,62.66,10.27,11.98,0.689
4315321,RS,QUEVEDOS,2710,68.56088560885608,13.61,41.15,509.07,65.11,9.36,12.09,0.665
4315354,RS,QUINZE DE NOVEMBRO,3653,46.318094716671226,1.1,8.61,1046.11,54.51,3.73,5.78,0.756
4315404,RS,REDENTORA,10222,70.63197026022304,29.51,61.19,346.4,57.09,17.6,7.5,0.631
4315453,RS,RELVADO,2155,65.93967517401393,0.85,11.74,935.8,64.98,4.95,2.83,0.731
4315503,RS,RESTINGA SECA,15849,43.32765474162408,3.65,32.23,660.14,36.37,7.57,5.61,0.683
4315552,RS,RIO DOS ÍNDIOS,3616,79.12057522123894,8.97,43.34,442.12,68.99,16.04,11.79,0.656
4315602,RS,RIO GRANDE,197228,3.954306690733567,1.57,20.88,859.2,7.24,4.85,8.61,0.744
4315701,RS,RIO PARDO,37591,31.86134979117342,4.55,28.25,633.1,26.93,8.7,4.84,0.693
4315750,RS,RIOZINHO,4330,36.53579676674365,2.39,16.02,587.62,29.01,8.93,6.04,0.661
4315800,RS,ROCA SALES,10284,35.82263710618437,0.06,10.44,865.23,26.22,3.22,2.13,0.729
4315909,RS,RODEIO BONITO,5743,24.952115619014453,2.02,17.75,767.63,28.14,8.4,9.46,0.732
4315958,RS,ROLADOR,2546,76.11940298507463,6.77,32.46,537.31,75.96,8.14,4.71,0.689
4316006,RS,ROLANTE,19485,21.426738516807802,1.17,12.92,656.75,17.58,7.02,1.41,0.688
4316105,RS,RONDA ALTA,10221,32.81479307308483,6.58,26.96,746.52,38.42,7.55,5.27,0.724
4316204,RS,RONDINHA,5518,58.01014860456687,0.59,12.72,1022.85,61.29,4.46,4.62,0.764
4316303,RS,ROQUE GONZALES,7203,57.142857142857146,7.15,34.62,575.83,55.34,7.49,6.1,0.688
4316402,RS,ROSÁRIO DO SUL,39707,12.028105875538317,3.81,30.6,643.97,22.3,8.1,11.84,0.699
4316428,RS,SAGRADA FAMÍLIA,2595,69.7495183044316,7.28,43.26,513.97,57.23,14.12,12.43,0.678
4316436,RS,SALDANHA MARINHO,2869,32.833739979086786,0.3,14.01,823.55,48.16,5.56,9.75,0.762
4316451,RS,SALTO DO JACUÍ,11880,14.074074074074074,4.64,30.92,596.84,17.7,9.17,9.37,0.687
4316477,RS,SALVADOR DAS MISSÕES,2669,59.010865492693895,0.0,13.28,663.26,55.53,1.96,7.09,0.753
4316501,RS,SALVADOR DO SUL,6747,40.58099896250185,0.04,6.84,852.02,34.9,2.45,6.3,0.74
4316600,RS,SANANDUVA,15373,30.416964808430365,0.9,11.51,931.29,36.81,5.82,4.8,0.747
4316709,RS,SANTA BÁRBARA DO SUL,8829,20.885717521803148,1.51,22.83,689.09,21.49,7.21,8.39,0.725
4316733,RS,SANTA CECÍLIA DO SUL,1655,70.99697885196375,0.46,14.42,1029.23,58.36,5.47,2.91,0.725
4316758,RS,SANTA CLARA DO SUL,5697,49.88590486220818,1.05,7.07,833.67,32.89,4.07,1.73,0.74
4316808,RS,SANTA CRUZ DO SUL,118374,11.137580887694932,0.96,11.76,1036.87,12.96,3.51,4.87,0.773
4316907,RS,SANTA MARIA,261031,4.859192969417426,1.19,16.37,1127.25,4.56,3.33,12.35,0.784
4316956,RS,SANTA MARIA DO HERVAL,6053,27.93656038328102,0.34,4.52,689.47,29.78,1.98,3.45,0.676
4316972,RS,SANTA MARGARIDA DO SUL,2352,76.53061224489795,4.86,33.61,588.3,55.44,13.27,7.0,0.663
4317004,RS,SANTANA DA BOA VISTA,8242,54.82892501819946,14.67,49.62,404.01,58.32,14.78,6.88,0.633
4317103,RS,SANT'ANA DO LIVRAMENTO,82464,9.766686069072565,3.97,31.06,685.04,15.08,4.47,7.47,0.727
4317202,RS,SANTA ROSA,68587,11.986236458804147,0.55,15.25,863.61,11.4,3.95,7.57,0.769
4317251,RS,SANTA TEREZA,1720,63.54651162790697,0.0,9.02,935.56,61.91,3.66,5.25,0.746
4317301,RS,SANTA VITÓRIA DO PALMAR,30990,13.230074217489513,2.77,32.7,657.76,26.19,6.88,10.13,0.712
4317400,RS,SANTIAGO,49071,8.836176152921277,1.36,22.3,828.78,15.1,4.8,14.43,0.766
4317509,RS,SANTO ÂNGELO,76275,5.861684693543101,1.79,19.35,936.27,10.46,4.48,8.68,0.772
4317558,RS,SANTO ANTÔNIO DO PALMA,2139,68.16269284712483,0.92,12.52,1069.61,64.53,5.53,6.45,0.764
4317608,RS,SANTO ANTÔNIO DA PATRULHA,39685,29.15711225903994,1.38,18.34,696.41,23.79,9.54,5.73,0.717
4317707,RS,SANTO ANTÔNIO DAS MISSÕES,11210,39.44692239072257,3.85,31.42,522.77,51.21,9.96,8.3,0.686
4317756,RS,SANTO ANTÔNIO DO PLANALTO,1987,37.94665324609965,2.23,22.28,626.67,50.1,5.87,11.14,0.759
4317806,RS,SANTO AUGUSTO,13968,18.52806414662085,2.12,24.98,866.86,28.23,9.63,7.47,0.739
4317905,RS,SANTO CRISTO,14378,45.882598414243986,0.79,12.94,832.4,44.44,2.71,5.18,0.738
4317954,RS,SANTO EXPEDITO DO SUL,2461,64.5672490857375,5.88,33.13,547.94,64.85,8.12,6.26,0.732
4318002,RS,SÃO BORJA,61671,10.593309659321237,2.72,30.95,705.72,15.22,6.93,9.33,0.736
4318051,RS,SÃO DOMINGOS DO SUL,2926,40.25974025974026,0.0,5.05,1025.84,33.3,4.74,5.04,0.763
4318101,RS,SÃO FRANCISCO DE ASSIS,19254,29.9106679131609,8.55,38.56,553.81,45.81,9.21,8.07,0.675
4318200,RS,SÃO FRANCISCO DE PAULA,20537,36.68013828699421,2.64,28.77,628.15,30.31,7.92,2.67,0.685
4318309,RS,SÃO GABRIEL,60425,11.005378568473313,4.26,33.01,667.06,17.29,8.46,9.45,0.699
4318408,RS,SÃO JERÔNIMO,22134,22.946597994036324,4.33,26.91,768.93,23.94,9.07,8.19,0.696
4318424,RS,SÃO JOÃO DA URTIGA,4726,51.5234870926788,2.35,18.27,632.23,61.02,9.73,6.09,0.694
4318432,RS,SÃO JOÃO DO POLÊSINE,2635,48.614800759013285,1.27,16.31,841.33,35.13,4.88,7.47,0.748
4318440,RS,SÃO JORGE,2774,47.6928622927181,0.51,11.03,853.6,43.9,4.07,3.13,0.732
4318457,RS,SÃO JOSÉ DAS MISSÕES,2720,69.55882352941177,4.65,36.13,462.15,69.06,10.04,10.08,0.651
4318465,RS,SÃO JOSÉ DO HERVAL,2204,60.66243194192378,13.25,38.13,626.93,36.17,17.67,10.91,0.717
4318481,RS,SÃO JOSÉ DO HORTÊNCIO,4094,35.39325842696629,0.67,5.63,693.46,28.55,1.43,5.31,0.707
4318499,RS,SÃO JOSÉ DO INHACORÁ,2200,62.18181818181818,0.85,11.21,720.69,57.83,2.77,10.03,0.747
4318507,RS,SÃO JOSÉ DO NORTE,25503,31.839391444143825,3.37,34.63,493.78,51.56,18.48,4.55,0.623
4318606,RS,SÃO JOSÉ DO OURO,6904,35.93568945538818,2.69,22.23,901.51,43.74,6.26,8.69,0.755
4318614,RS,SÃO JOSÉ DO SUL,2082,65.4178674351585,0.0,4.56,989.48,43.76,2.42,6.91,0.725
4318622,RS,SÃO JOSÉ DOS AUSENTES,3290,37.32522796352583,2.84,38.7,529.71,47.39,7.65,7.98,0.663
4318705,RS,SÃO LEOPOLDO,214087,0.39656775049395804,1.62,18.24,939.93,0.57,3.32,5.0,0.739
4318804,RS,SÃO LOURENÇO DO SUL,43111,43.78000974229315,2.11,21.95,713.88,50.24,5.3,4.11,0.687
4318903,RS,SÃO LUIZ GONZAGA,34556,11.714318786896632,1.69,27.72,698.77,18.04,7.14,11.79,0.741
4319000,RS,SÃO MARCOS,20103,12.460826742277272,0.61,8.1,991.51,12.4,4.11,3.41,0.768
4319109,RS,SÃO MARTINHO,5773,40.39494197124545,2.17,20.82,771.81,43.27,6.52,9.18,0.726
4319125,RS,SÃO MARTINHO DA SERRA,3201,70.57169634489222,9.53,40.16,482.31,51.52,10.07,5.83,0.652
4319158,RS,SÃO MIGUEL DAS MISSÕES,7421,49.77765799757445,8.26,39.31,531.71,53.03,9.65,8.48,0.667
4319208,RS,SÃO NICOLAU,5727,35.533438100226995,6.85,42.31,479.55,56.19,13.92,7.49,0.645
4319307,RS,SÃO PAULO DAS MISSÕES,6364,65.44626021370208,1.2,22.44,577.86,61.02,6.55,5.67,0.692
4319356,RS,SÃO PEDRO DA SERRA,3315,56.892911010558066,0.0,9.72,842.22,27.09,2.07,7.08,0.739
4319364,RS,SÃO PEDRO DAS MISSÕES,1886,71.79215270413573,13.84,41.0,441.36,61.81,15.0,16.72,0.664
4319372,RS,SÃO PEDRO DO BUTIÁ,2873,57.918552036199095,0.52,12.12,905.55,51.06,2.45,6.54,0.763
4319406,RS,SÃO PEDRO DO SUL,16368,27.119990224828936,5.11,30.36,614.89,33.47,6.16,9.19,0.709
4319505,RS,SÃO SEBASTIÃO DO CAÍ,21932,19.71548422396498,1.04,14.59,772.04,12.9,3.68,5.25,0.739
4319604,RS,SÃO SEPÉ,23798,20.913522144718044,4.18,29.84,656.77,31.03,8.01,7.15,0.708
4319703,RS,SÃO VALENTIM,3632,51.98237885462555,4.39,19.35,826.2,52.9,9.94,6.05,0.72
4319711,RS,SÃO VALENTIM DO SUL,2168,65.59040590405904,0.6,8.01,1000.93,54.64,4.41,6.93,0.764
4319737,RS,SÃO VALÉRIO DO SUL,2647,80.73290517567057,7.0,45.96,530.07,48.55,14.56,11.55,0.642
4319752,RS,SÃO VENDELINO,1944,30.401234567901234,0.0,2.5,814.28,24.34,1.25,7.72,0.754
4319802,RS,SÃO VICENTE DO SUL,8440,30.319905213270143,4.07,34.11,614.13,35.19,7.97,7.52,0.685
4319901,RS,SAPIRANGA,74985,3.5993865439754615,0.91,13.11,713.99,2.27,4.18,3.44,0.711
4320008,RS,SAPUCAIA DO SUL,130957,0.3726414013760242,1.27,18.29,733.28,1.07,3.5,3.44,0.726
4320107,RS,SARANDI,21285,15.715292459478507,1.08,12.55,1000.86,16.14,5.32,4.29,0.777
4320206,RS,SEBERI,10897,45.64559052950354,7.46,32.02,645.51,46.83,8.5,6.55,0.723
4320230,RS,SEDE NOVA,3011,47.492527399535035,4.47,26.4,856.09,55.65,9.33,7.28,0.712
4320263,RS,SEGREDO,7158,74.75551830120145,9.45,35.26,528.42,76.84,10.44,4.96,0.659
4320305,RS,SELBACH,4929,30.006086427267196,0.43,7.55,1055.91,36.45,3.8,8.92,0.777
4320321,RS,SENADOR SALGADO FILHO,2814,68.727789623312,1.26,21.43,628.28,64.06,6.32,5.79,0.693
4320354,RS,SENTINELA DO SUL,5198,75.33666794921123,3.51,36.81,519.1,55.34,8.07,5.64,0.671
4320404,RS,SERAFINA CORRÊA,14253,15.428330877709955,0.24,5.16,877.24,16.81,3.32,4.51,0.76
4320453,RS,SÉRIO,2281,76.76457693993862,1.23,21.21,606.03,75.62,12.7,6.88,0.652
4320503,RS,SERTÃO,6294,46.18684461391802,2.18,18.06,827.95,46.93,6.43,9.84,0.751
4320552,RS,SERTÃO SANTANA,5850,78.15384615384616,9.75,30.79,783.19,62.29,7.57,5.01,0.689
4320578,RS,SETE DE SETEMBRO,2124,76.74199623352166,8.06,30.2,557.15,75.33,5.11,8.44,0.683
4320602,RS,SEVERIANO DE ALMEIDA,3842,63.586673607496095,1.61,14.23,791.5,56.39,6.53,7.02,0.752
4320651,RS,SILVEIRA MARTINS,2449,55.45120457329522,1.6,17.99,817.67,49.97,5.68,5.98,0.742
4320677,RS,SINIMBU,10068,85.72705601907032,8.25,29.46,610.76,73.08,8.47,2.73,0.631
4320701,RS,SOBRADINHO,14283,20.55590562206819,2.61,22.85,775.79,25.21,7.02,8.12,0.743
4320800,RS,SOLEDADE,30044,20.010651045133805,3.07,28.8,737.92,18.67,9.48,6.64,0.731
4320859,RS,TABAÍ,4131,69.83781166787703,2.13,23.13,599.99,39.35,8.53,8.13,0.701
4320909,RS,TAPEJARA,19250,11.272727272727273,0.42,8.3,922.28,14.64,3.88,4.34,0.76
4321006,RS,TAPERA,10448,15.581929555895865,0.34,16.1,812.48,18.72,5.46,7.55,0.747
4321105,RS,TAPES,16629,12.935233627999278,2.81,31.84,620.13,17.78,7.34,8.69,0.695
4321204,RS,TAQUARA,54643,17.160478011822192,1.19,16.89,871.42,8.04,4.6,4.81,0.727
4321303,RS,TAQUARI,26092,16.162042005212324,0.44,20.08,786.91,15.34,6.82,6.98,0.733
4321329,RS,TAQUARUÇU DO SUL,2966,60.755225893459205,2.56,16.19,954.19,59.17,9.11,7.29,0.739
4321352,RS,TAVARES,5351,38.34797234161839,2.54,23.58,594.12,62.41,15.22,7.92,0.656
4321402,RS,TENENTE PORTELA,13719,35.51279247758583,8.19,34.85,659.27,36.52,9.18,6.07,0.708
4321436,RS,TERRA DE AREIA,9878,47.40838226361612,1.51,23.49,620.36,25.86,7.73,7.58,0.689
4321451,RS,TEUTÔNIA,27272,14.48371956585509,0.19,4.04,854.63,14.37,2.09,2.44,0.747
4321469,RS,TIO HUGO,2724,57.268722466960355,0.28,14.32,660.04,34.39,6.63,7.27,0.742
4321477,RS,TIRADENTES DO SUL,6461,67.52824640148584,4.28,27.5,644.85,75.16,11.3,3.65,0.689
4321493,RS,TOROPI,2952,79.30216802168022,5.65,29.35,551.5,77.7,6.18,4.13,0.683
4321501,RS,TORRES,34656,3.797322253000923,0.52,15.08,853.62,8.36,4.84,7.2,0.762
4321600,RS,TRAMANDAÍ,41585,2.423950943849946,2.47,25.26,737.84,3.25,4.29,6.19,0.719
4321626,RS,TRAVESSEIRO,2314,61.668107173725154,0.49,9.09,777.34,54.94,4.21,0.72,0.701
4321634,RS,TRÊS ARROIOS,2855,64.02802101576182,0.0,7.02,1518.78,63.26,4.44,6.52,0.791
4321667,RS,TRÊS CACHOEIRAS,10217,26.58314573749633,1.08,13.63,713.83,27.73,6.24,2.92,0.718
4321709,RS,TRÊS COROAS,23848,13.846024823884603,0.5,8.17,799.41,5.44,4.24,2.88,0.71
4321808,RS,TRÊS DE MAIO,23726,20.079237966787492,1.2,18.53,881.15,25.89,4.67,6.73,0.759
4321832,RS,TRÊS FORQUILHAS,2914,86.78792038435141,3.47,31.97,489.32,61.64,13.21,8.92,0.662
4321857,RS,TRÊS PALMEIRAS,4381,52.29399680438256,7.05,31.14,835.88,49.44,11.75,7.95,0.703
4321907,RS,TRÊS PASSOS,23965,20.492384727727938,2.38,15.62,823.33,24.97,5.61,6.41,0.768
4321956,RS,TRINDADE DO SUL,5787,49.90495939174011,8.47,35.66,532.27,49.16,12.35,6.44,0.687
4322004,RS,TRIUNFO,25793,34.645058736866595,1.41,20.91,695.08,27.08,6.89,7.82,0.733
4322103,RS,TUCUNDUVA,5898,31.586978636826043,1.09,17.14,839.53,40.79,5.47,9.46,0.747
4322152,RS,TUNAS,4395,68.71444823663253,8.65,37.14,482.5,74.34,12.46,8.73,0.657
4322186,RS,TUPANCI DO SUL,1573,69.93006993006993,10.54,34.34,577.85,64.4,10.85,12.3,0.694
4322202,RS,TUPANCIRETÃ,22281,19.1239172389031,4.03,32.56,708.79,31.16,5.87,6.31,0.709
4322251,RS,TUPANDI,3924,30.65749235474006,0.08,4.12,808.39,33.15,1.9,2.67,0.718
4322301,RS,TUPARENDI,8557,38.13252308051887,1.23,18.98,768.25,39.95,5.43,4.99,0.728
4322327,RS,TURUÇU,3522,57.779670641680866,3.37,33.54,566.71,63.25,6.47,4.99,0.629
4322343,RS,UBIRETAMA,2296,78.22299651567944,0.85,18.63,590.64,62.74,4.29,5.41,0.7
4322350,RS,UNIÃO DA SERRA,1487,81.17014122394082,0.0,3.27,1068.08,71.25,5.25,7.7,0.733
4322376,RS,UNISTALDA,2450,62.734693877551024,9.57,48.12,392.38,58.63,10.12,8.77,0.649
4322400,RS,URUGUAIANA,125435,6.3937497508669825,3.49,31.86,714.26,10.72,4.33,6.09,0.744
4322509,RS,VACARIA,61342,6.525708323823808,1.66,20.91,797.86,25.52,5.48,5.32,0.721
4322525,RS,VALE VERDE,3253,72.88656624654165,5.76,34.18,503.24,68.05,10.96,5.48,0.646
4322533,RS,VALE DO SOL,11077,88.72438385844542,4.18,30.08,553.23,74.05,6.59,3.39,0.624
4322541,RS,VALE REAL,5118,10.785463071512309,0.06,4.93,795.41,16.75,3.1,4.36,0.737
4322558,RS,VANINI,1984,49.546370967741936,0.24,9.31,780.56,46.43,6.73,5.97,0.757
4322608,RS,VENÂNCIO AIRES,65946,37.221362933309074,1.05,15.36,779.48,31.33,4.89,3.28,0.712
4322707,RS,VERA CRUZ,23983,44.46065963390735,0.92,17.11,790.95,30.99,4.96,6.98,0.737
4322806,RS,VERANÓPOLIS,22810,13.007452871547567,0.0,9.07,1141.67,12.27,2.94,3.69,0.773
4322855,RS,VESPASIANO CORREA,1974,79.43262411347517,0.59,4.48,895.32,70.95,7.54,5.32,0.723
4322905,RS,VIADUTOS,5311,50.235360572396914,2.6,21.01,683.03,57.14,5.75,3.93,0.702
4323002,RS,VIAMÃO,239384,6.0325669217658655,1.85,22.41,707.05,4.05,4.42,4.6,0.717
4323101,RS,VICENTE DUTRA,5285,55.51561021759697,10.34,41.04,475.13,63.1,11.8,8.46,0.638
4323200,RS,VICTOR GRAEFF,3036,57.70750988142292,1.17,8.3,989.66,54.19,2.69,8.77,0.777
4323309,RS,VILA FLORES,3207,57.96694730277518,0.51,8.24,728.71,22.85,2.19,3.19,0.742
4323358,RS,VILA LÂNGARO,2152,82.99256505576209,3.03,18.93,902.87,75.71,6.14,6.39,0.705
4323408,RS,VILA MARIA,4221,46.71878701729448,0.0,5.11,1101.27,47.09,4.51,5.09,0.761
4323457,RS,VILA NOVA DO SUL,4221,48.02179578298981,7.17,38.46,442.26,26.54,9.64,10.68,0.662
4323507,RS,VISTA ALEGRE,2832,58.15677966101695,5.87,25.07,905.87,58.39,7.82,10.08,0.739
4323606,RS,VISTA ALEGRE DO PRATA,1569,70.49075844486934,0.14,5.16,1231.8,54.16,2.65,7.23,0.78
4323705,RS,VISTA GAÚCHA,2759,65.02355926060167,2.11,21.73,990.13,56.36,6.41,8.29,0.757
4323754,RS,VITÓRIA DAS MISSÕES,3485,80.80344332855093,10.63,38.77,482.44,69.92,11.99,6.86,0.655
4323770,RS,WESTFALIA,2793,59.54171142141067,0.0,3.07,1136.67,50.15,2.06,0.72,0.752
4323804,RS,XANGRI-LÁ,12434,0.4423355316068843,0.66,13.22,798.62,1.64,3.51,8.03,0.735
5000203,MS,ÁGUA CLARA,14424,33.45812534664448,1.27,27.9,642.97,33.54,9.66,8.48,0.67
5000252,MS,ALCINÓPOLIS,4569,31.36353687896695,1.63,24.37,764.03,36.75,11.78,15.1,0.711
5000609,MS,AMAMBAI,34730,35.57443132738267,10.58,40.97,561.14,20.35,12.03,11.15,0.673
5000708,MS,ANASTÁCIO,23835,17.457520453115166,4.54,38.42,495.48,20.86,12.4,8.59,0.663
5000807,MS,ANAURILÂNDIA,8493,49.111032615094786,5.83,38.99,538.13,39.35,12.81,15.98,0.67
5000856,MS,ANGÉLICA,9185,16.265650517147524,2.07,23.13,592.27,40.77,12.86,9.9,0.697
5000906,MS,ANTÔNIO JOÃO,8208,16.81286549707602,11.57,51.88,411.49,36.81,14.78,8.22,0.643
5001003,MS,APARECIDA DO TABOADO,22320,9.96415770609319,2.95,19.54,692.79,14.75,10.67,5.45,0.697
5001102,MS,AQUIDAUANA,45614,21.23909326084097,6.86,40.94,585.62,19.72,9.15,12.98,0.688
5001243,MS,ARAL MOREIRA,10251,47.741683738171886,11.89,54.63,398.5,37.52,15.56,5.66,0.633
5001508,MS,BANDEIRANTES,6609,31.426842184899378,3.89,33.6,602.02,34.25,12.88,7.58,0.681
5001904,MS,BATAGUASSU,19839,23.18665255305207,2.13,25.87,614.34,15.83,10.99,8.46,0.71
5002001,MS,BATAYPORÃ,10936,23.82040965618142,3.65,34.35,631.47,22.99,13.44,10.42,0.684
5002100,MS,BELA VISTA,23181,18.351235925973857,5.25,46.66,621.23,30.33,9.98,13.3,0.698
5002159,MS,BODOQUENA,7985,27.65184721352536,6.57,41.26,500.13,24.18,11.76,10.24,0.666
5002209,MS,BONITO,19587,17.50140399244397,1.33,32.0,679.03,24.6,9.99,8.11,0.67
5002308,MS,BRASILÂNDIA,11826,32.242516489091834,0.81,23.93,709.29,31.66,11.29,10.41,0.701
5002407,MS,CAARAPÓ,25767,28.94399813715217,10.46,34.45,537.01,26.69,13.15,10.49,0.692
5002605,MS,CAMAPUÃ,13625,28.095412844036698,2.2,23.68,685.77,31.28,11.37,8.26,0.703
5002704,MS,CAMPO GRANDE,786797,1.3415150286541508,0.99,17.26,1089.37,3.2,4.16,9.87,0.784
5002803,MS,CARACOL,5398,40.01482030381623,3.06,43.51,399.46,47.94,9.26,12.62,0.647
5002902,MS,CASSILÂNDIA,20966,9.338929695697797,1.2,21.16,885.1,17.03,12.27,9.01,0.727
5002951,MS,CHAPADÃO DO SUL,19648,14.612174267100977,0.93,13.91,896.92,18.33,4.91,5.74,0.754
5003108,MS,CORGUINHO,4862,61.49732620320856,5.47,36.15,566.09,40.12,12.42,13.75,0.671
5003157,MS,CORONEL SAPUCAIA,14064,27.417519908987487,16.87,57.56,350.37,27.51,19.41,11.67,0.589
5003207,MS,CORUMBÁ,103703,9.884959933656692,4.34,37.51,627.1,13.2,6.76,11.47,0.7
5003256,MS,COSTA RICA,19695,14.455445544554456,1.58,19.41,693.05,25.95,9.91,7.04,0.706
5003306,MS,COXIM,32159,9.372181970832427,1.7,28.02,703.01,19.56,11.24,10.42,0.703
5003454,MS,DEODÁPOLIS,12139,17.23370953126287,1.47,25.34,596.5,30.36,13.98,10.48,0.694
5003488,MS,DOIS IRMÃOS DO BURITI,10363,54.598089356363985,12.38,55.92,429.18,36.05,13.69,9.26,0.639
5003504,MS,DOURADINA,5364,38.73974645786726,11.24,35.96,648.98,30.14,11.29,16.88,0.699
5003702,MS,DOURADOS,196035,7.666998240110185,1.57,19.88,866.4,6.88,5.92,8.68,0.747
5003751,MS,ELDORADO,11694,20.061570035915853,5.91,35.56,530.89,24.22,15.4,6.59,0.684
5003801,MS,FÁTIMA DO SUL,19035,10.864197530864198,1.81,25.72,701.87,17.48,12.53,10.26,0.714
5003900,MS,FIGUEIRÃO,2928,47.74590163934426,0.58,28.35,541.93,46.99,11.39,11.81,0.66
5004007,MS,GLÓRIA DE DOURADOS,9927,22.735972599979853,1.72,23.96,644.1,28.14,11.9,11.14,0.721
5004106,MS,GUIA LOPES DA LAGUNA,10366,15.25178468068686,7.71,42.83,541.87,28.69,14.62,8.2,0.675
5004304,MS,IGUATEMI,14875,26.010084033613445,5.94,38.15,519.03,30.09,13.76,12.54,0.662
5004403,MS,INOCÊNCIA,7669,36.4845481809884,0.88,26.39,633.12,40.74,14.43,12.06,0.681
5004502,MS,ITAPORÃ,20865,36.30481667864846,9.29,45.75,487.51,22.62,12.91,11.29,0.654
5004601,MS,ITAQUIRAÍ,18614,59.17051681530031,9.44,44.35,442.57,46.0,18.25,8.47,0.62
5004700,MS,IVINHEMA,22341,22.68027393581308,1.07,23.03,685.17,32.4,10.62,7.79,0.72
5004809,MS,JAPORÃ,7731,81.89108782822403,42.15,72.04,241.32,56.35,25.57,9.97,0.526
5004908,MS,JARAGUARI,6341,71.83409556852232,3.35,37.44,511.64,64.52,9.94,6.7,0.664
5005004,MS,JARDIM,24346,6.5924587201182945,4.45,30.16,697.92,16.92,8.54,10.05,0.712
5005103,MS,JATEÍ,4011,53.353278484168534,5.43,38.22,690.71,43.87,13.51,18.55,0.708
5005152,MS,JUTI,5900,33.47457627118644,12.47,41.08,446.17,23.04,20.29,12.16,0.623
5005202,MS,LADÁRIO,19617,5.250547994086761,5.2,37.86,575.16,11.76,7.2,21.9,0.704
5005251,MS,LAGUNA CARAPÃ,6491,57.833923894623325,9.45,38.64,536.02,45.03,13.26,8.55,0.672
5005400,MS,MARACAJU,37405,13.851089426547253,3.81,22.82,819.6,21.18,7.79,5.79,0.736
5005608,MS,MIRANDA,25595,39.17952725141629,9.41,52.85,424.44,30.86,13.51,6.42,0.632
5005681,MS,MUNDO NOVO,17043,10.397230534530305,3.69,29.41,652.56,15.51,12.65,11.6,0.686
5005707,MS,NAVIRAÍ,46424,7.687833879028089,2.29,21.48,683.86,11.07,10.82,7.81,0.7
5005806,MS,NIOAQUE,14391,50.96240705996804,12.72,49.78,480.75,44.1,13.19,12.33,0.639
5006002,MS,NOVA ALVORADA DO SUL,16432,25.231256085686464,3.84,24.29,830.08,27.6,10.04,6.73,0.694
5006200,MS,NOVA ANDRADINA,45585,14.914993967313809,2.54,23.87,688.15,17.43,9.11,9.06,0.721
5006259,MS,NOVO HORIZONTE DO SUL,4940,46.15384615384615,1.71,31.52,472.75,46.62,14.11,10.29,0.649
5006309,MS,PARANAÍBA,40192,11.041998407643312,1.36,21.79,738.58,17.24,11.52,6.7,0.721
5006358,MS,PARANHOS,12350,49.28744939271255,33.54,69.58,271.52,26.34,19.63,6.68,0.588
5006408,MS,PEDRO GOMES,7967,22.831680682816618,2.84,39.9,524.83,37.65,18.3,7.48,0.671
5006606,MS,PONTA PORÃ,77872,20.296126977604274,5.94,40.1,653.36,20.97,9.93,9.35,0.701
5006903,MS,PORTO MURTINHO,15372,34.56284153005465,9.25,46.95,539.19,36.12,11.7,11.94,0.666
5007109,MS,RIBAS DO RIO PARDO,20946,38.10274038002483,3.51,32.58,552.58,45.22,11.15,5.33,0.664
5007208,MS,RIO BRILHANTE,30663,19.913250497342073,2.74,26.3,705.6,22.75,8.71,5.43,0.715
5007307,MS,RIO NEGRO,5036,27.223987291501192,3.5,34.15,631.11,32.73,13.75,14.5,0.709
5007406,MS,RIO VERDE DE MATO GROSSO,18890,13.726839597670725,3.06,27.37,570.74,29.25,12.69,8.28,0.673
5007505,MS,ROCHEDO,4928,41.375811688311686,2.03,38.31,538.26,42.21,8.01,9.26,0.651
5007554,MS,SANTA RITA DO PARDO,7259,51.480920236947235,4.94,36.5,471.42,55.41,13.47,11.25,0.642
5007695,MS,SÃO GABRIEL DO OESTE,22203,13.074809710399496,1.58,21.19,855.21,23.4,6.08,5.28,0.729
5007703,MS,SETE QUEDAS,10780,16.753246753246753,9.48,45.32,487.0,29.96,19.87,7.87,0.614
5007802,MS,SELVÍRIA,6287,24.09734372514713,4.13,32.22,510.94,31.07,12.51,8.08,0.682
5007901,MS,SIDROLÂNDIA,42132,34.057248647109084,7.89,37.88,599.76,33.82,9.56,6.39,0.686
5007935,MS,SONORA,14833,9.654149531450145,2.99,27.32,648.07,24.54,13.42,7.34,0.681
5007950,MS,TACURU,10215,63.12285854136074,23.07,57.54,367.68,39.64,21.49,11.72,0.593
5007976,MS,TAQUARUSSU,3518,30.244457077885162,5.47,32.74,478.38,19.43,17.01,19.88,0.651
5008008,MS,TERENOS,17146,57.57027878222326,7.53,44.11,460.32,38.22,8.7,8.08,0.658
5008305,MS,TRÊS LAGOAS,101791,4.638916996591054,1.33,17.0,863.66,8.06,6.83,6.69,0.744
5008404,MS,VICENTINA,5901,28.096932723267244,1.58,30.3,583.56,31.61,15.62,10.32,0.711
5100102,MT,ACORIZAL,5516,46.9361856417694,14.91,58.87,321.58,34.41,25.51,5.37,0.628
5100201,MT,ÁGUA BOA,20856,19.64422708093594,1.45,20.78,720.74,21.8,8.18,8.12,0.729
5100250,MT,ALTA FLORESTA,49164,13.111219591571068,1.86,25.2,660.84,21.63,9.54,8.06,0.714
5100300,MT,ALTO ARAGUAIA,15644,11.653029915622604,3.66,22.84,671.99,17.28,9.19,11.08,0.704
5100359,MT,ALTO BOA VISTA,5247,39.43205641318849,25.18,52.8,362.66,38.95,12.56,16.89,0.651
5100409,MT,ALTO GARÇAS,10350,8.647342995169081,2.15,24.34,651.91,32.47,9.91,8.03,0.701
5100508,MT,ALTO PARAGUAI,10066,36.588515795748066,12.45,47.59,360.06,27.9,15.71,15.43,0.638
5100607,MT,ALTO TAQUARI,8072,9.278989098116947,1.15,16.83,781.26,10.88,7.06,8.81,0.705
5100805,MT,APIACÁS,8567,25.5632076572896,6.82,31.29,504.04,37.84,14.56,7.03,0.675
5101001,MT,ARAGUAIANA,3197,31.52955896152643,3.77,32.83,519.03,46.27,13.42,19.11,0.687
5101209,MT,ARAGUAINHA,1096,13.86861313868613,1.32,31.87,456.43,27.19,15.86,40.95,0.701
5101258,MT,ARAPUTANGA,15342,20.57749967409725,3.56,29.03,639.18,20.27,11.94,6.73,0.725
5101308,MT,ARENÁPOLIS,10316,5.486622721985266,2.51,31.72,540.59,17.1,13.34,7.13,0.704
5101407,MT,ARIPUANÃ,18656,37.387435677530014,14.66,37.22,558.26,22.73,10.8,7.7,0.675
5101605,MT,BARÃO DE MELGAÇO,7591,54.92030035568436,13.62,59.24,330.46,60.84,18.48,12.85,0.6
5101704,MT,BARRA DO BUGRES,31793,18.233573428113107,6.96,34.71,563.98,21.89,14.25,8.11,0.693
5101803,MT,BARRA DO GARÇAS,56560,9.923974540311175,4.09,27.08,789.99,11.97,7.72,11.17,0.748
5101852,MT,BOM JESUS DO ARAGUAIA,5314,50.169363944298084,3.91,37.92,500.5,44.21,11.34,11.8,0.661
5101902,MT,BRASNORTE,15357,34.63567102949795,9.04,33.23,602.75,36.04,10.01,8.94,0.696
5102504,MT,CÁCERES,87942,12.933524368333675,4.69,37.01,590.43,14.08,10.93,10.59,0.708
5102603,MT,CAMPINÁPOLIS,14305,66.30548759175113,37.82,66.27,328.15,49.67,25.88,5.84,0.538
5102637,MT,CAMPO NOVO DO PARECIS,27577,7.227037023606629,0.73,13.98,823.32,22.91,6.01,5.62,0.734
5102678,MT,CAMPO VERDE,31589,19.36433568647314,1.51,17.25,878.37,28.82,6.79,5.71,0.75
5102686,MT,CAMPOS DE JÚLIO,5154,22.11874272409779,0.46,14.82,1162.4,30.79,6.18,11.89,0.744
5102694,MT,CANABRAVA DO NORTE,4786,43.77350605933974,14.85,51.83,370.81,46.45,12.23,6.03,0.667
5102702,MT,CANARANA,18754,21.05684120720913,5.08,24.94,774.65,23.26,10.66,6.75,0.693
5102793,MT,CARLINDA,10990,58.3712465878071,9.26,40.43,474.83,53.14,17.09,10.38,0.665
5102850,MT,CASTANHEIRA,8231,52.36301785931236,5.54,41.73,520.54,47.57,14.25,14.62,0.665
5103007,MT,CHAPADA DOS GUIMARÃES,17821,38.067448515795974,9.09,38.08,540.98,26.1,13.6,9.55,0.688
5103056,MT,CLÁUDIA,11028,23.449401523394993,5.32,30.76,700.38,26.8,10.24,8.2,0.699
5103106,MT,COCALINHO,5490,33.57012750455373,3.84,33.59,531.41,37.34,17.01,9.09,0.66
5103205,MT,COLÍDER,30766,18.695963076122993,3.91,26.31,758.67,20.25,10.77,6.28,0.713
5103254,MT,COLNIZA,26381,43.19017474697699,22.95,51.48,411.69,34.46,11.72,5.67,0.611
5103304,MT,COMODORO,18178,30.784464737594895,8.44,36.93,573.89,28.07,13.67,10.32,0.689
5103353,MT,CONFRESA,25124,43.36491004617099,14.24,48.55,484.89,31.08,12.49,6.97,0.668
5103361,MT,CONQUISTA D'OESTE,3385,39.35007385524372,4.0,28.35,650.3,32.86,12.83,9.42,0.718
5103379,MT,COTRIGUAÇU,14983,65.74784756056864,21.39,52.37,387.24,55.72,9.95,5.71,0.601
5103403,MT,CUIABÁ,551098,1.8660927820460245,1.33,17.21,1161.49,2.4,4.47,9.77,0.785
5103437,MT,CURVELÂNDIA,4866,40.52609946568023,2.92,40.5,480.92,33.79,16.27,4.37,0.69
5103452,MT,DENISE,8523,14.443271148656576,1.85,27.39,524.91,24.25,15.37,8.69,0.683
5103502,MT,DIAMANTINO,20341,21.857332481195616,2.98,23.28,681.66,22.71,7.44,9.64,0.718
5103601,MT,DOM AQUINO,8171,19.7405458328234,7.43,35.79,575.47,34.57,14.99,8.74,0.69
5103700,MT,FELIZ NATAL,10933,25.70200310985091,5.96,18.26,786.26,34.93,9.41,4.73,0.692
5103809,MT,FIGUEIRÓPOLIS D'OESTE,3796,47.0495258166491,2.27,32.9,502.34,45.47,13.75,15.1,0.679
5103858,MT,GAÚCHA DO NORTE,6293,65.10408390274908,34.95,50.51,481.01,43.11,23.28,10.1,0.615
5103908,MT,GENERAL CARNEIRO,5027,53.09329620051721,15.13,54.26,441.94,41.77,13.23,7.68,0.67
5103957,MT,GLÓRIA D'OESTE,3135,31.515151515151516,2.51,32.46,564.35,41.91,13.97,8.06,0.71
5104104,MT,GUARANTÃ DO NORTE,32216,25.68909858455426,3.46,30.4,594.14,29.92,8.13,7.48,0.703
5104203,MT,GUIRATINGA,13934,17.704894502655375,6.27,33.1,542.02,34.04,13.57,8.43,0.705
5104500,MT,INDIAVAÍ,2397,25.698790154359617,3.24,45.96,443.9,38.52,15.21,4.59,0.661
5104526,MT,IPIRANGA DO NORTE,5123,32.168651180948665,2.0,15.99,812.25,38.55,5.61,9.27,0.727
5104542,MT,ITANHANGÁ,5276,39.89764973464746,5.38,29.39,620.06,34.86,8.59,4.21,0.71
5104559,MT,ITAÚBA,4575,18.81967213114754,3.53,32.93,680.94,34.63,13.92,7.97,0.69
5104609,MT,ITIQUIRA,11478,61.29987802753093,2.99,28.41,602.03,40.3,7.71,14.7,0.693
5104807,MT,JACIARA,25647,7.891761219635825,3.2,23.71,742.81,11.47,10.69,6.47,0.735
5104906,MT,JANGADA,7696,61.72037422037422,25.4,63.34,271.99,32.01,22.15,10.32,0.63
5105002,MT,JAURU,10455,40.97560975609756,9.92,42.08,511.39,38.19,18.64,7.31,0.673
5105101,MT,JUARA,32791,20.64895855570126,3.01,28.13,619.81,28.02,10.62,5.52,0.682
5105150,MT,JUÍNA,39255,13.488727550630493,4.3,29.94,763.35,26.29,10.52,6.12,0.716
5105176,MT,JURUENA,11201,39.28220694580841,5.57,36.48,448.89,35.1,10.69,7.06,0.662
5105200,MT,JUSCIMEIRA,11430,25.62554680664917,3.33,28.28,542.77,26.03,15.9,8.1,0.714
5105234,MT,LAMBARI D'OESTE,5431,46.69489965015651,3.44,35.53,516.75,22.43,16.84,8.91,0.627
5105259,MT,LUCAS DO RIO VERDE,45556,6.807006760909649,1.45,11.36,938.65,12.82,3.45,3.16,0.768
5105309,MT,LUCIARA,2224,8.767985611510792,6.9,46.17,371.24,24.04,14.65,11.61,0.676
5105507,MT,VILA BELA DA SANTÍSSIMA TRINDADE,14493,64.35520596149865,15.1,50.57,439.15,47.13,11.55,6.64,0.645
5105580,MT,MARCELÂNDIA,12006,38.14759287023155,5.62,33.87,621.76,29.16,12.88,7.35,0.701
5105606,MT,MATUPÁ,14174,22.90814166784253,7.25,35.62,649.23,26.2,9.81,7.66,0.716
5105622,MT,MIRASSOL D'OESTE,25299,15.134985572552274,2.79,29.33,718.18,15.3,12.38,4.98,0.704
5105903,MT,NOBRES,15002,16.984402079722702,3.82,33.42,533.53,16.57,12.92,9.69,0.699
5106000,MT,NORTELÂNDIA,6436,18.132380360472343,7.6,36.78,466.17,29.02,13.63,10.74,0.702
5106109,MT,NOSSA SENHORA DO LIVRAMENTO,11609,63.45938495994487,13.7,53.55,335.56,41.7,24.62,5.7,0.638
5106158,MT,NOVA BANDEIRANTES,11643,65.11208451430043,15.75,42.82,608.32,38.43,8.48,4.87,0.65
5106174,MT,NOVA NAZARÉ,3029,63.057114559260484,16.24,53.9,381.54,34.27,23.86,20.23,0.595
5106182,MT,NOVA LACERDA,5436,45.18027961736571,12.9,42.79,437.33,34.36,12.39,9.3,0.636
5106190,MT,NOVA SANTA HELENA,3468,42.67589388696655,2.89,33.94,824.04,38.8,13.09,10.54,0.714
5106208,MT,NOVA BRASILÂNDIA,4587,20.231087856987138,18.13,46.24,526.35,38.97,21.59,15.55,0.651
5106216,MT,NOVA CANAÃ DO NORTE,12127,43.794837964871775,6.22,36.85,591.9,49.57,13.53,8.74,0.686
5106224,MT,NOVA MUTUM,31649,18.27545894025088,0.62,14.31,982.9,20.13,4.09,5.59,0.758
5106232,MT,NOVA OLÍMPIA,17515,9.586069083642592,3.78,35.67,639.03,16.4,14.03,5.99,0.682
5106240,MT,NOVA UBIRATÃ,9218,35.66934259058364,6.26,32.51,599.32,47.93,9.12,10.55,0.669
5106257,MT,NOVA XAVANTINA,19643,19.839128442702236,2.64,28.16,674.44,30.24,11.56,7.29,0.704
5106265,MT,NOVO MUNDO,7332,60.679214402618655,7.22,44.64,461.47,50.46,12.25,7.13,0.674
5106273,MT,NOVO HORIZONTE DO NORTE,3749,52.60069351827154,14.74,37.42,463.77,55.43,16.03,13.37,0.664
5106281,MT,NOVO SÃO JOAQUIM,6042,38.48063555114201,5.2,39.29,480.73,47.75,16.54,2.01,0.649
5106299,MT,PARANAÍTA,10684,47.09846499438412,6.63,39.64,540.22,49.35,12.14,8.53,0.672
5106307,MT,PARANATINGA,19290,23.19854847071021,8.27,34.87,547.43,26.73,12.21,7.8,0.667
5106315,MT,NOVO SANTO ANTÔNIO,2005,32.86783042394015,5.75,48.87,428.26,48.35,13.55,15.64,0.653
5106372,MT,PEDRA PRETA,15755,27.749920660107904,3.99,30.58,523.92,35.3,14.12,6.42,0.679
5106422,MT,PEIXOTO DE AZEVEDO,30812,35.72634038686226,14.18,47.44,589.21,27.7,16.04,4.66,0.649
5106455,MT,PLANALTO DA SERRA,2726,24.651504035216433,6.3,49.1,366.39,35.28,15.06,14.0,0.656
5106505,MT,POCONÉ,31779,27.43006387866201,9.42,48.84,436.83,21.88,19.25,6.86,0.652
5106653,MT,PONTAL DO ARAGUAIA,5395,17.479147358665433,3.38,29.75,589.32,24.32,9.51,12.94,0.734
5106703,MT,PONTE BRANCA,1768,14.649321266968325,1.35,33.45,565.09,34.82,14.25,15.83,0.686
5106752,MT,PONTES E LACERDA,41408,16.291537867078826,2.46,26.47,665.92,18.45,10.7,5.04,0.703
5106778,MT,PORTO ALEGRE DO NORTE,10748,51.81429103088947,10.75,44.93,449.5,35.89,11.42,9.29,0.673
5106802,MT,PORTO DOS GAÚCHOS,5449,49.275096347953756,3.79,25.24,635.97,30.75,12.65,15.37,0.685
5106828,MT,PORTO ESPERIDIÃO,11031,61.89828664672287,7.78,49.22,504.99,40.15,15.59,10.83,0.652
5106851,MT,PORTO ESTRELA,3649,59.82460948204988,20.61,61.92,280.21,42.28,27.9,4.5,0.599
5107008,MT,POXORÉO,17599,32.251832490482414,8.2,43.15,463.98,43.29,17.98,7.59,0.678
5107040,MT,PRIMAVERA DO LESTE,52066,5.368186532478009,1.11,10.91,990.05,16.74,5.05,5.78,0.752
5107065,MT,QUERÊNCIA,13033,54.177856211156296,9.22,28.83,628.89,28.59,8.55,8.86,0.692
5107107,MT,SÃO JOSÉ DOS QUATRO MARCOS,18998,23.639330455837456,2.53,29.21,653.02,24.91,12.93,8.21,0.719
5107156,MT,RESERVA DO CABAÇAL,2572,36.93623639191291,5.86,34.9,434.88,38.31,19.4,19.4,0.676
5107180,MT,RIBEIRÃO CASCALHEIRA,8881,37.338137597117445,14.18,40.26,512.31,35.41,12.7,7.05,0.67
5107198,MT,RIBEIRÃOZINHO,2199,29.331514324693043,1.95,28.72,599.35,32.83,12.48,20.72,0.692
5107206,MT,RIO BRANCO,5070,18.244575936883628,3.21,27.68,626.09,27.19,15.12,15.74,0.707
5107248,MT,SANTA CARMEM,4085,24.577723378212973,0.69,24.46,635.43,42.7,8.71,5.72,0.715
5107263,MT,SANTO AFONSO,2991,48.47876964226011,4.98,30.31,472.29,46.73,18.53,14.75,0.689
5107297,MT,SÃO JOSÉ DO POVO,3592,51.7260579064588,9.03,40.61,402.85,43.27,15.94,19.34,0.661
5107305,MT,SÃO JOSÉ DO RIO CLARO,17124,23.102078953515534,3.85,28.4,580.99,31.17,12.88,8.05,0.682
5107354,MT,SÃO JOSÉ DO XINGU,5240,27.80534351145038,6.66,41.18,635.63,43.87,15.69,11.16,0.657
5107404,MT,SÃO PEDRO DA CIPA,4158,10.942760942760943,4.14,27.37,469.27,23.87,17.58,9.58,0.66
5107578,MT,RONDOLÂNDIA,3604,73.64039955604883,13.96,56.03,375.85,49.93,16.89,11.7,0.64
5107602,MT,RONDONÓPOLIS,195476,3.810186416746813,1.35,18.98,843.62,7.67,7.68,7.6,0.755
5107701,MT,ROSÁRIO OESTE,17679,39.736410430454214,7.75,42.09,465.66,36.5,18.21,10.39,0.65
5107743,MT,SANTA CRUZ DO XINGU,1900,34.1578947368421,7.89,34.18,639.44,40.24,9.68,23.08,0.684
5107750,MT,SALTO DO CÉU,3908,44.114636642784035,3.79,39.96,488.7,46.67,16.68,15.97,0.666
5107768,MT,SANTA RITA DO TRIVELATO,2491,45.1224407868326,2.41,20.1,790.41,54.78,5.6,14.8,0.735
5107776,MT,SANTA TEREZINHA,7397,59.79451128836015,18.24,65.64,326.47,49.58,16.85,11.67,0.609
5107792,MT,SANTO ANTÔNIO DO LESTE,3754,43.55354288758657,14.53,34.41,481.45,46.82,10.38,4.42,0.655
5107800,MT,SANTO ANTÔNIO DO LEVERGER,18463,61.21973677083898,8.16,42.34,460.13,38.13,17.61,9.24,0.656
5107859,MT,SÃO FÉLIX DO ARAGUAIA,10625,41.85411764705882,21.51,49.97,461.47,30.92,13.3,12.53,0.668
5107875,MT,SAPEZAL,18094,16.414280977119486,2.35,13.47,892.71,31.1,6.0,6.56,0.732
5107883,MT,SERRA NOVA DOURADA,1365,40.43956043956044,6.24,40.65,422.66,32.27,13.1,17.72,0.664
5107909,MT,SINOP,113099,17.10536786355317,0.82,15.19,877.68,13.53,5.44,7.01,0.754
5107925,MT,SORRISO,66521,12.262293110446326,1.77,18.27,988.74,15.75,5.31,4.27,0.744
5107941,MT,TABAPORÃ,9932,47.21103503826017,5.54,28.05,546.51,37.71,8.83,6.3,0.695
5107958,MT,TANGARÁ DA SERRA,83431,9.00145030024811,2.25,21.97,846.59,13.93,8.7,5.37,0.729
5108006,MT,TAPURAH,10392,37.20169361046959,2.91,18.65,789.61,36.48,5.51,6.09,0.714
5108055,MT,TERRA NOVA DO NORTE,11291,55.01727039234789,5.95,32.75,594.53,47.32,11.98,6.36,0.698
5108105,MT,TESOURO,3418,29.78349912229374,10.62,46.66,415.93,39.63,12.46,18.51,0.655
5108204,MT,TORIXORÉU,4071,23.556865634979122,5.84,36.79,564.83,36.96,13.51,16.09,0.716
5108303,MT,UNIÃO DO SUL,3760,37.819148936170215,5.15,37.84,501.56,38.11,12.88,8.26,0.665
5108352,MT,VALE DE SÃO DOMINGOS,3052,76.63826998689385,4.75,37.56,479.66,48.96,15.08,5.83,0.656
5108402,MT,VÁRZEA GRANDE,252596,1.540800329379721,2.01,23.21,668.86,2.77,6.26,6.64,0.734
5108501,MT,VERA,10235,28.197361993160722,3.95,31.09,494.23,36.05,9.51,3.1,0.68
5108600,MT,VILA RICA,21382,34.702085866616784,3.06,33.88,658.27,41.67,9.96,5.99,0.688
5108808,MT,NOVA GUARITA,4932,60.66504460665045,5.42,38.97,520.94,49.65,12.21,9.57,0.688
5108857,MT,NOVA MARILÂNDIA,2951,33.68349711962047,4.08,29.22,550.29,33.74,12.37,6.58,0.704
5108907,MT,NOVA MARINGÁ,6590,48.08801213960546,2.39,26.93,629.46,36.59,10.6,12.66,0.663
5108956,MT,NOVA MONTE VERDE,8093,50.9081922649203,4.9,33.41,586.65,33.78,9.26,9.88,0.691
5200050,GO,ABADIA DE GOIÁS,6876,26.105293775450843,1.97,23.27,574.96,13.47,8.36,8.65,0.708
5200100,GO,ABADIÂNIA,15757,31.598654566224536,2.0,31.19,519.87,26.03,11.67,7.05,0.689
5200134,GO,ACREÚNA,20279,12.737314463237832,3.51,28.21,664.09,22.81,15.57,4.91,0.686
5200159,GO,ADELÂNDIA,2477,10.900282599919256,0.73,34.05,497.31,29.98,15.35,10.94,0.702
5200175,GO,ÁGUA FRIA DE GOIÁS,5090,58.015717092337916,9.8,46.74,525.2,55.26,15.98,8.72,0.671
5200209,GO,ÁGUA LIMPA,2013,29.160457029309487,2.35,29.37,591.23,34.51,10.79,16.87,0.722
5200258,GO,ÁGUAS LINDAS DE GOIÁS,159378,0.15058540074539772,3.17,36.45,449.38,1.57,7.58,3.33,0.686
5200308,GO,ALEXÂNIA,23814,17.376333249349123,5.14,35.35,498.09,17.24,12.56,7.06,0.682
5200506,GO,ALOÂNDIA,2051,13.749390541199414,1.78,24.44,599.9,41.37,15.65,13.38,0.697
5200555,GO,ALTO HORIZONTE,4505,14.250832408435071,1.38,28.05,661.19,14.36,13.29,7.59,0.719
5200605,GO,ALTO PARAÍSO DE GOIÁS,6885,24.19753086419753,5.27,42.77,719.11,22.9,12.09,10.54,0.713
5200803,GO,ALVORADA DO NORTE,8084,14.980207817911925,5.13,48.27,429.63,29.8,18.81,6.61,0.66
5200829,GO,AMARALINA,3434,67.93826441467677,26.47,58.71,276.05,61.6,16.85,12.09,0.609
5200852,GO,AMERICANO DO BRASIL,5508,14.342774146695715,1.66,28.25,512.95,20.67,16.63,7.76,0.7
5200902,GO,AMORINÓPOLIS,3609,39.84483236353561,2.67,28.89,523.25,49.68,19.36,10.53,0.681
5201108,GO,ANÁPOLIS,334613,1.7506791427709025,1.0,21.26,785.17,3.64,6.14,5.63,0.737
5201207,GO,ANHANGUERA,1020,6.372549019607843,0.4,13.84,721.84,11.83,4.0,31.74,0.725
5201306,GO,ANICUNS,20239,14.467117940609715,2.15,25.97,604.97,15.84,11.02,6.75,0.714
5201405,GO,APARECIDA DE GOIÂNIA,455657,0.10183098251535695,0.99,21.21,689.3,1.44,5.65,4.78,0.718
5201454,GO,APARECIDA DO RIO DOCE,2427,19.65389369592089,7.26,26.97,623.58,26.53,13.79,3.45,0.693
5201504,GO,APORÉ,3803,33.18432816197738,1.8,27.79,595.05,36.89,13.63,11.47,0.693
5201603,GO,ARAÇU,3802,11.70436612309311,5.44,37.77,571.55,19.24,17.47,12.57,0.693
5201702,GO,ARAGARÇAS,18305,3.7585359191477736,1.19,25.83,600.03,7.52,9.72,12.33,0.732
5201801,GO,ARAGOIÂNIA,8365,33.915122534369395,3.76,27.44,560.22,19.96,10.79,10.09,0.684
5202155,GO,ARAGUAPAZ,7510,30.77230359520639,2.72,33.86,608.17,32.09,19.05,5.28,0.674
5202353,GO,ARENÓPOLIS,3277,41.44034177601465,2.5,34.98,531.91,40.62,16.55,11.85,0.687
5202502,GO,ARUANÃ,7496,17.582710779082177,2.46,27.76,654.67,19.3,13.68,7.51,0.675
5202601,GO,AURILÂNDIA,3650,23.28767123287671,2.66,35.98,489.23,34.2,16.36,5.95,0.7
5202809,GO,AVELINÓPOLIS,2450,23.387755102040817,7.55,37.67,556.03,25.05,14.39,3.42,0.66
5203104,GO,BALIZA,3714,70.54388799138395,24.35,54.46,365.35,53.73,18.74,7.96,0.655
5203203,GO,BARRO ALTO,8716,28.28132170720514,0.78,22.64,628.55,16.26,13.59,14.09,0.742
5203302,GO,BELA VISTA DE GOIÁS,24554,26.875458173820967,1.78,23.63,708.62,24.78,9.91,5.88,0.716
5203401,GO,BOM JARDIM DE GOIÁS,8423,24.62305591831889,3.71,35.68,551.54,33.83,17.5,5.26,0.67
5203500,GO,BOM JESUS DE GOIÁS,20727,7.111497081101945,2.76,27.06,618.62,14.59,11.78,4.87,0.701
5203559,GO,BONFINÓPOLIS,7536,6.833864118895966,2.0,31.46,520.02,14.36,11.47,7.92,0.683
5203575,GO,BONÓPOLIS,3503,62.86040536682843,5.08,45.19,403.94,55.78,20.55,18.97,0.63
5203609,GO,BRAZABRANTES,3232,32.85891089108911,1.12,25.93,541.9,20.83,11.75,13.32,0.701
5203807,GO,BRITÂNIA,5509,17.534942820838626,4.83,35.94,594.38,31.92,16.59,10.1,0.672
5203906,GO,BURITI ALEGRE,9054,7.090788601722996,2.49,22.61,625.26,15.66,10.5,4.74,0.71
5203939,GO,BURITI DE GOIÁS,2560,32.2265625,1.13,22.83,650.67,25.57,14.66,14.13,0.687
5203962,GO,BURITINÓPOLIS,3321,43.23998795543511,18.72,57.65,735.72,44.87,20.35,13.05,0.704
5204003,GO,CABECEIRAS,7354,25.142779439760673,5.79,49.08,420.47,36.72,14.08,12.59,0.668
5204102,GO,CACHOEIRA ALTA,10553,20.572349095044064,0.69,14.82,853.32,27.1,11.66,6.24,0.71
5204201,GO,CACHOEIRA DE GOIÁS,1417,17.3606210303458,3.18,37.48,549.16,28.67,15.18,0.35,0.727
5204250,GO,CACHOEIRA DOURADA,8254,35.09813423794524,3.3,25.7,636.17,20.62,15.95,11.32,0.698
5204300,GO,CAÇU,13283,19.18241361138297,0.21,14.91,987.3,23.12,9.48,5.52,0.73
5204409,GO,CAIAPÔNIA,16757,26.78283702333353,4.46,29.9,628.14,37.85,15.83,5.62,0.693
5204508,GO,CALDAS NOVAS,70473,3.914974529252338,1.03,17.43,794.78,4.66,5.93,6.26,0.733
5204557,GO,CALDAZINHA,3325,42.31578947368421,4.71,33.52,515.56,14.65,11.12,14.29,0.685
5204607,GO,CAMPESTRE DE GOIÁS,3387,29.849424269264837,8.0,41.31,398.5,31.58,13.77,6.2,0.653
5204656,GO,CAMPINAÇU,3656,40.56345733041576,7.26,45.88,438.93,45.95,14.29,12.23,0.631
5204706,GO,CAMPINORTE,11111,19.04419044190442,1.86,34.71,567.41,15.65,12.5,7.98,0.688
5204805,GO,CAMPO ALEGRE DE GOIÁS,6060,26.056105610561055,1.03,25.29,632.7,31.06,11.41,11.27,0.694
5204854,GO,CAMPO LIMPO DE GOIÁS,6241,15.253965710623298,3.45,34.73,467.42,27.75,14.82,6.91,0.661
5204904,GO,CAMPOS BELOS,18410,11.971754481260184,8.95,46.62,487.96,15.55,16.46,10.89,0.692
5204953,GO,CAMPOS VERDES,5020,10.836653386454183,10.62,48.65,351.52,28.61,21.02,15.95,0.654
5205000,GO,CARMO DO RIO VERDE,8928,20.990143369175627,2.24,28.68,541.99,23.07,11.57,8.58,0.713
5205059,GO,CASTELÂNDIA,3638,8.081363386476086,3.04,32.22,724.42,24.33,26.82,12.99,0.701
5205109,GO,CATALÃO,86647,6.443385229725207,1.04,13.63,959.4,7.37,5.83,4.95,0.766
5205208,GO,CATURAÍ,4686,21.809645753307723,1.34,35.55,500.32,29.5,13.51,9.23,0.664
5205307,GO,CAVALCANTE,9392,49.51022146507666,28.11,66.59,324.92,29.62,29.33,16.38,0.584
5205406,GO,CERES,20722,4.497635363381913,0.71,18.01,865.23,8.55,8.08,8.55,0.775
5205455,GO,CEZARINA,7545,25.84493041749503,2.46,32.32,564.44,18.37,11.88,10.1,0.711
5205471,GO,CHAPADÃO DO CÉU,7001,16.04056563348093,0.36,7.84,841.5,22.57,4.76,9.44,0.742
5205497,GO,CIDADE OCIDENTAL,55915,21.92792631673075,2.54,28.12,647.64,3.1,5.83,7.22,0.717
5205513,GO,COCALZINHO DE GOIÁS,17407,62.98041017981272,5.91,42.62,450.47,16.49,13.47,7.8,0.657
5205521,GO,COLINAS DO SUL,3523,28.328129435140504,8.59,49.76,410.83,32.73,17.32,17.02,0.658
5205703,GO,CÓRREGO DO OURO,2632,37.95592705167173,5.6,26.52,608.31,33.86,12.01,11.26,0.686
5205802,GO,CORUMBÁ DE GOIÁS,10361,38.07547534021813,4.04,41.98,503.01,39.46,16.5,8.44,0.68
5205901,GO,CORUMBAÍBA,8181,22.90673511795624,0.94,20.19,635.98,19.79,10.66,11.7,0.698
5206206,GO,CRISTALINA,46580,17.516101331043366,4.08,32.92,686.9,30.73,9.81,4.36,0.699
5206305,GO,CRISTIANÓPOLIS,2932,15.688949522510232,1.58,31.12,635.46,26.14,7.81,20.77,0.688
5206404,GO,CRIXÁS,15760,21.84010152284264,8.18,33.01,645.4,18.11,12.82,6.69,0.708
5206503,GO,CROMÍNIA,3555,24.753867791842474,1.76,24.93,592.36,30.05,11.79,14.96,0.706
5206602,GO,CUMARI,2964,18.387314439946017,1.83,28.82,819.81,27.65,9.4,4.73,0.737
5206701,GO,DAMIANÓPOLIS,3292,43.71202916160389,14.2,55.6,364.51,55.35,20.91,16.43,0.654
5206800,GO,DAMOLÂNDIA,2747,20.56789224608664,1.91,30.06,578.93,34.29,13.87,12.57,0.697
5206909,GO,DAVINÓPOLIS,2056,31.90661478599222,1.64,18.81,632.22,44.33,15.69,22.23,0.716
5207105,GO,DIORAMA,2479,39.24969745865268,3.69,29.1,494.6,45.21,13.69,7.92,0.729
5207253,GO,DOVERLÂNDIA,7892,37.7090724784592,2.2,30.66,563.89,45.03,16.21,5.29,0.668
5207352,GO,EDEALINA,3733,31.181355478167692,1.49,24.0,715.8,43.94,13.07,13.15,0.702
5207402,GO,EDÉIA,11266,15.338185691461033,0.29,17.41,876.15,27.27,13.3,7.67,0.739
5207501,GO,ESTRELA DO NORTE,3320,11.716867469879517,2.61,25.84,636.54,21.83,16.58,10.7,0.707
5207535,GO,FAINA,6983,44.880423886581696,6.51,39.27,441.39,43.9,19.59,7.25,0.65
5207600,GO,FAZENDA NOVA,6322,35.49509648845302,3.03,33.38,519.87,42.93,16.11,7.63,0.685
5207808,GO,FIRMINÓPOLIS,11580,24.196891191709845,1.8,24.96,552.43,22.5,11.49,7.75,0.732
5207907,GO,FLORES DE GOIÁS,12066,73.72783026686557,29.23,67.38,301.92,46.71,18.61,11.7,0.597
5208004,GO,FORMOSA,100085,8.055153119848129,4.1,31.85,732.24,13.17,9.24,12.03,0.744
5208103,GO,FORMOSO,4883,26.13147655130043,5.59,41.6,569.96,30.25,14.13,10.78,0.715
5208152,GO,GAMELEIRA DE GOIÁS,3275,66.59541984732824,3.6,34.8,594.56,51.9,13.11,9.66,0.659
5208301,GO,DIVINÓPOLIS DE GOIÁS,4962,29.645304312777107,16.03,56.66,388.34,27.55,22.9,13.08,0.653
5208400,GO,GOIANÁPOLIS,10695,9.387564282374942,6.87,39.04,543.48,37.19,17.55,6.56,0.703
5208509,GO,GOIANDIRA,5265,13.808167141500475,0.82,21.37,667.11,21.32,8.83,9.62,0.76
5208608,GO,GOIANÉSIA,59549,6.5307561839829384,1.09,20.05,701.38,13.19,10.68,6.36,0.727
5208707,GO,GOIÂNIA,1302001,0.37826391838408724,0.54,12.7,1348.55,1.44,3.46,8.22,0.799
5208806,GO,GOIANIRA,34060,1.7880211391661773,1.03,27.04,529.59,5.3,8.83,3.8,0.694
5208905,GO,GOIÁS,24727,24.62490395114652,4.22,32.04,674.54,22.63,13.94,9.09,0.709
5209101,GO,GOIATUBA,32492,7.851163363289425,1.18,19.32,785.84,14.43,10.0,8.19,0.725
5209150,GO,GOUVELÂNDIA,4949,21.297231763992727,2.89,30.09,549.9,22.02,19.22,10.25,0.674
5209200,GO,GUAPÓ,13976,18.910990269032627,3.13,31.46,657.02,16.82,11.51,5.86,0.697
5209291,GO,GUARAÍTA,2376,39.30976430976431,6.99,38.02,421.71,38.83,11.4,20.12,0.687
5209408,GO,GUARANI DE GOIÁS,4258,58.5955847815876,21.0,60.74,276.13,52.0,24.46,14.0,0.637
5209457,GO,GUARINOS,2299,50.804697694649846,12.31,50.51,343.74,46.31,14.9,0.93,0.652
5209606,GO,HEITORAÍ,3571,25.93111173340801,3.0,42.31,487.99,43.51,14.0,8.52,0.694
5209705,GO,HIDROLÂNDIA,17398,39.82066904241867,0.84,25.75,651.41,20.87,7.54,8.48,0.706
5209804,GO,HIDROLINA,4029,26.036237279722016,3.41,37.32,461.13,32.49,12.0,13.15,0.677
5209903,GO,IACIARA,12427,25.16295163756337,11.81,56.11,368.39,33.0,21.2,12.79,0.644
5209937,GO,INACIOLÂNDIA,5699,15.511493244428847,2.44,28.76,560.52,22.47,20.78,5.39,0.692
5209952,GO,INDIARA,13687,14.853510630525316,1.8,25.54,598.96,15.64,13.11,6.57,0.701
5210000,GO,INHUMAS,48246,6.514529701944203,0.66,19.71,697.81,8.82,10.54,6.43,0.72
5210109,GO,IPAMERI,24735,13.741661613098847,2.29,27.81,666.96,27.89,10.37,9.63,0.701
5210158,GO,IPIRANGA DE GOIÁS,2844,55.27426160337553,4.35,39.82,436.1,53.82,13.4,9.01,0.696
5210208,GO,IPORÁ,31274,8.726098356462238,2.04,21.5,757.39,20.29,12.67,7.47,0.743
5210307,GO,ISRAELÂNDIA,2887,22.099064773120887,3.04,34.9,498.82,25.48,13.78,15.87,0.711
5210406,GO,ITABERAÍ,35371,15.795425631166776,2.15,24.64,773.67,19.88,11.08,6.48,0.719
5210562,GO,ITAGUARI,4513,12.07622424108132,1.12,20.65,560.17,27.62,15.97,9.02,0.693
5210604,GO,ITAGUARU,5437,16.847526209306604,2.05,27.73,580.67,38.01,15.0,6.97,0.718
5210802,GO,ITAJÁ,5062,26.11615962070328,2.88,24.3,592.1,26.78,11.6,15.86,0.691
5210901,GO,ITAPACI,18458,9.659768122223426,2.36,28.9,705.2,27.41,13.88,9.08,0.725
5211008,GO,ITAPIRAPUÃ,7835,29.342693044033183,3.33,33.22,518.21,39.59,17.73,10.5,0.677
5211206,GO,ITAPURANGA,26125,18.717703349282296,3.06,26.61,621.79,23.62,15.17,5.71,0.726
5211305,GO,ITARUMÃ,6300,35.26984126984127,2.48,20.79,960.55,34.82,13.22,12.23,0.693
5211404,GO,ITAUÇU,8575,24.653061224489797,2.43,25.59,611.99,24.08,12.92,7.48,0.718
5211503,GO,ITUMBIARA,92883,4.2429723415479685,0.81,16.37,821.43,8.51,8.31,6.31,0.752
5211602,GO,IVOLÂNDIA,2663,42.35824258355238,3.54,29.32,551.05,46.43,14.92,4.66,0.704
5211701,GO,JANDAIA,6164,32.608695652173914,3.42,25.62,586.84,31.37,14.11,12.56,0.707
5211800,GO,JARAGUÁ,41870,15.624552185335563,2.84,26.47,595.02,14.38,10.34,4.82,0.699
5211909,GO,JATAÍ,88006,7.949457991500579,0.91,16.54,987.04,14.27,7.59,7.31,0.757
5212006,GO,JAUPACI,3000,21.4,3.98,30.92,479.14,30.78,17.52,17.32,0.689
5212055,GO,JESÚPOLIS,2300,20.26086956521739,4.0,44.81,433.41,34.97,16.83,9.12,0.649
5212105,GO,JOVIÂNIA,7118,9.075583028940713,1.96,25.16,679.21,25.96,12.08,9.83,0.706
5212204,GO,JUSSARA,19153,20.60251657703754,3.0,26.72,951.07,21.87,13.39,6.35,0.743
5212253,GO,LAGOA SANTA,1254,38.11802232854865,0.27,26.3,765.86,32.31,7.03,19.16,0.74
5212303,GO,LEOPOLDO DE BULHÕES,7882,38.55620400913474,2.7,31.55,502.85,47.67,14.49,6.41,0.659
5212501,GO,LUZIÂNIA,174531,6.717431287278478,3.05,33.91,580.88,6.91,8.61,6.1,0.701
5212600,GO,MAIRIPOTABA,2374,33.86689132266218,9.08,36.52,842.23,26.63,12.2,8.98,0.745
5212709,GO,MAMBAÍ,6871,30.112065201571824,11.23,59.03,357.12,37.86,21.98,9.06,0.626
5212808,GO,MARA ROSA,10649,25.24180674241713,3.51,32.12,548.96,29.34,16.88,11.16,0.691
5212907,GO,MARZAGÃO,2072,12.934362934362934,1.07,28.35,594.43,17.29,11.38,15.52,0.699
5212956,GO,MATRINCHÃ,4414,32.147711826008155,3.14,31.74,458.45,41.28,18.74,10.06,0.679
5213004,GO,MAURILÂNDIA,11521,3.4806006423053555,0.99,24.18,557.51,16.67,16.03,5.93,0.677
5213053,GO,MIMOSO DE GOIÁS,2685,53.74301675977654,14.03,50.85,474.44,42.96,20.16,17.74,0.665
5213087,GO,MINAÇU,31154,14.76535918341144,6.88,35.76,590.7,18.89,14.58,8.92,0.707
5213103,GO,MINEIROS,52935,8.782469065835459,2.38,20.22,869.04,18.01,8.07,5.21,0.718
5213400,GO,MOIPORÁ,1763,35.73454339194555,2.45,39.69,461.94,41.49,16.65,9.24,0.696
5213509,GO,MONTE ALEGRE DE GOIÁS,7730,59.06856403622251,24.06,65.05,317.66,48.7,26.79,12.14,0.615
5213707,GO,MONTES CLAROS DE GOIÁS,7987,33.32915988481282,2.04,27.7,637.58,43.54,12.62,13.51,0.707
5213756,GO,MONTIVIDIU,10572,18.804388951948543,1.34,16.18,791.6,28.67,10.13,6.1,0.733
5213772,GO,MONTIVIDIU DO NORTE,4122,67.3216885007278,23.81,59.19,291.78,47.02,18.37,21.88,0.613
5213806,GO,MORRINHOS,41460,13.268210323203087,0.47,17.44,792.66,19.61,8.55,6.68,0.734
5213855,GO,MORRO AGUDO DE GOIÁS,2356,30.00848896434635,1.83,39.18,441.44,50.36,14.34,17.61,0.695
5213905,GO,MOSSÂMEDES,5007,34.591571799480725,4.0,30.19,607.34,31.87,15.76,10.03,0.706
5214002,GO,MOZARLÂNDIA,13404,9.273351238436288,2.42,23.92,562.97,16.16,14.11,6.24,0.683
5214051,GO,MUNDO NOVO,6438,41.48803976390183,8.86,43.77,434.73,52.53,22.54,11.77,0.634
5214101,GO,MUTUNÓPOLIS,3849,34.0088334632372,4.81,42.29,512.49,47.01,19.28,9.17,0.68
5214408,GO,NAZÁRIO,7874,21.4249428498857,2.13,26.54,631.12,15.02,13.55,8.95,0.71
5214507,GO,NERÓPOLIS,24210,4.052044609665428,0.55,25.98,555.47,8.33,9.02,4.57,0.721
5214606,GO,NIQUELÂNDIA,42361,21.288449281178444,4.77,30.84,659.49,16.7,13.32,2.09,0.715
5214705,GO,NOVA AMÉRICA,2259,27.09163346613546,1.37,31.02,447.78,26.33,17.46,21.36,0.678
5214804,GO,NOVA AURORA,2062,9.165858389912707,2.86,20.55,635.99,28.77,10.71,6.1,0.747
5214838,GO,NOVA CRIXÁS,11927,35.20583549928733,4.97,33.7,531.22,39.43,20.42,6.97,0.643
5214861,GO,NOVA GLÓRIA,8508,32.65162200282087,3.87,42.13,476.52,22.31,16.23,7.2,0.681
5214879,GO,NOVA IGUAÇU DE GOIÁS,2826,28.3793347487615,1.42,37.57,435.91,29.56,11.31,12.88,0.655
5214903,GO,NOVA ROMA,3471,58.91673869201959,14.05,51.79,323.19,43.62,21.59,11.51,0.634
5215009,GO,NOVA VENEZA,8129,13.568704637716817,1.41,29.48,521.4,22.74,9.1,10.4,0.718
5215207,GO,NOVO BRASIL,3519,35.37936913895993,1.88,22.97,588.85,38.55,13.98,9.62,0.699
5215231,GO,NOVO GAMA,95018,1.1018964827716853,3.99,37.24,498.44,2.57,7.3,4.58,0.684
5215256,GO,NOVO PLANALTO,3956,34.6056622851365,14.87,45.63,387.14,35.14,19.82,11.35,0.658
5215306,GO,ORIZONA,14300,44.23076923076923,2.11,28.07,714.39,36.89,8.63,5.9,0.715
5215405,GO,OURO VERDE DE GOIÁS,4034,33.49033217649975,4.27,35.31,525.12,43.67,12.67,10.43,0.719
5215504,GO,OUVIDOR,5467,12.017559904883848,1.52,17.18,710.38,15.65,7.19,7.68,0.747
5215603,GO,PADRE BERNARDO,27671,61.02056304434245,7.54,44.41,518.12,23.95,15.38,5.46,0.651
5215652,GO,PALESTINA DE GOIÁS,3371,35.33076238504895,1.35,27.24,473.62,47.29,9.86,4.3,0.713
5215702,GO,PALMEIRAS DE GOIÁS,23338,17.876424715056988,1.75,22.18,616.59,19.64,10.38,4.58,0.698
5215801,GO,PALMELO,2335,5.0963597430406855,1.16,23.29,769.47,19.56,11.52,7.66,0.73
5215900,GO,PALMINÓPOLIS,3557,24.121450660669105,1.3,25.63,695.63,30.18,13.81,9.37,0.722
5216007,GO,PANAMÁ,2682,24.12378821774795,1.71,24.18,579.89,31.47,16.52,17.86,0.686
5216304,GO,PARANAIGUARA,9100,7.824175824175824,0.77,20.83,631.89,20.22,14.64,3.79,0.711
5216403,GO,PARAÚNA,10863,26.475191015373287,3.12,30.22,575.52,32.37,12.51,6.35,0.672
5216452,GO,PEROLÂNDIA,2950,36.983050847457626,3.11,34.55,588.01,27.99,14.42,20.49,0.676
5216809,GO,PETROLINA DE GOIÁS,10283,35.00923854906156,1.33,29.18,530.37,29.02,10.52,7.74,0.712
5216908,GO,PILAR DE GOIÁS,2773,56.689505950234405,12.44,47.15,467.97,47.72,13.0,15.34,0.684
5217104,GO,PIRACANJUBA,24026,26.94997086489636,1.63,21.92,707.83,29.98,10.63,8.62,0.721
5217203,GO,PIRANHAS,11266,19.48340138469732,2.12,28.27,621.14,27.88,15.52,11.07,0.721
5217302,GO,PIRENÓPOLIS,23006,32.3524298009215,1.88,34.44,544.78,21.36,11.57,5.14,0.693
5217401,GO,PIRES DO RIO,28762,5.79931854530283,1.29,18.23,702.46,15.14,8.13,7.67,0.744
5217609,GO,PLANALTINA,81649,4.98107753922277,3.99,36.45,466.69,5.54,10.96,6.39,0.669
5217708,GO,PONTALINA,17121,18.83067577828398,8.23,27.86,663.44,28.25,14.9,7.42,0.687
5218003,GO,PORANGATU,42355,15.639239759178373,5.2,33.55,658.39,14.87,11.34,8.93,0.727
5218052,GO,PORTEIRÃO,3347,12.488795936659695,0.41,13.46,688.68,15.75,13.77,13.58,0.684
5218102,GO,PORTELÂNDIA,3839,18.98932013545194,0.47,25.35,550.39,28.32,14.75,7.87,0.654
5218300,GO,POSSE,31419,23.80725038989147,8.68,47.18,481.68,24.5,16.54,8.37,0.659
5218391,GO,PROFESSOR JAMIL,3239,30.194504476690337,2.65,28.63,526.65,35.21,16.36,12.91,0.684
5218508,GO,QUIRINÓPOLIS,43220,11.700601573345674,1.03,16.9,761.68,15.62,10.51,3.12,0.74
5218607,GO,RIALMA,10523,6.8896702461275305,0.44,25.63,616.74,7.37,8.84,4.83,0.727
5218706,GO,RIANÁPOLIS,4566,10.621988611476128,1.23,29.08,529.17,14.16,16.62,11.28,0.693
5218789,GO,RIO QUENTE,3312,14.281400966183575,0.67,22.46,649.71,16.92,5.2,12.39,0.731
5218805,GO,RIO VERDE,176424,7.3028612887135536,1.15,18.06,936.75,12.52,6.84,5.03,0.754
5218904,GO,RUBIATABA,18915,14.43827650013217,1.86,25.76,573.0,18.61,10.75,7.52,0.719
5219001,GO,SANCLERLÂNDIA,7550,19.629139072847682,1.63,23.39,727.33,23.18,13.61,9.25,0.736
5219100,GO,SANTA BÁRBARA DE GOIÁS,5751,9.476612762997739,1.71,23.96,508.41,11.99,13.7,11.61,0.706
5219209,GO,SANTA CRUZ DE GOIÁS,3142,68.7778485041375,1.96,29.02,624.37,57.77,15.18,13.57,0.688
5219258,GO,SANTA FÉ DE GOIÁS,4762,19.97060058798824,0.95,21.13,635.23,25.23,13.67,11.72,0.713
5219308,GO,SANTA HELENA DE GOIÁS,36469,4.535358797883133,1.6,23.12,769.09,13.72,13.18,2.19,0.724
5219357,GO,SANTA ISABEL,3686,62.91372761801411,2.57,33.16,480.67,39.92,14.98,19.08,0.683
5219407,GO,SANTA RITA DO ARAGUAIA,6924,11.048526863084922,2.63,28.47,634.76,19.46,10.66,12.42,0.714
5219456,GO,SANTA RITA DO NOVO DESTINO,3173,64.9227860069335,6.7,41.35,425.3,46.09,24.79,10.39,0.634
5219506,GO,SANTA ROSA DE GOIÁS,2909,25.16328635269852,4.42,43.3,438.54,35.55,15.98,8.44,0.701
5219605,GO,SANTA TEREZA DE GOIÁS,3995,16.020025031289112,8.69,48.07,416.11,24.35,15.11,7.81,0.665
5219704,GO,SANTA TEREZINHA DE GOIÁS,10302,24.59716559891283,8.87,43.93,447.39,27.46,15.5,6.86,0.701
5219712,GO,SANTO ANTÔNIO DA BARRA,4423,23.762152385258872,4.63,30.02,502.83,35.75,19.93,15.72,0.691
5219738,GO,SANTO ANTÔNIO DE GOIÁS,4703,9.185626196045078,2.25,28.28,574.63,10.26,9.31,9.86,0.723
5219753,GO,SANTO ANTÔNIO DO DESCOBERTO,63248,10.182140146724008,5.19,39.29,449.39,5.12,9.83,7.86,0.665
5219803,GO,SÃO DOMINGOS,11272,48.775727466288146,31.02,65.51,288.36,40.84,25.19,7.07,0.597
5219902,GO,SÃO FRANCISCO DE GOIÁS,6120,27.058823529411764,4.26,38.05,479.13,34.77,15.77,2.41,0.651
5220009,GO,SÃO JOÃO D'ALIANÇA,10257,34.44476942575802,9.35,46.09,457.89,39.24,15.46,7.04,0.685
5220058,GO,SÃO JOÃO DA PARAÚNA,1689,24.39313203078745,2.95,30.39,619.67,28.06,12.75,18.57,0.724
5220108,GO,SÃO LUÍS DE MONTES BELOS,30034,11.483651861223946,0.71,21.91,712.23,14.66,10.35,6.56,0.731
5220157,GO,SÃO LUÍZ DO NORTE,4617,15.3562919644791,2.33,35.57,435.99,34.32,17.51,13.66,0.669
5220207,GO,SÃO MIGUEL DO ARAGUAIA,22283,20.7422698918458,4.67,35.38,507.02,26.66,13.17,6.69,0.664
5220264,GO,SÃO MIGUEL DO PASSA QUATRO,3757,44.796380090497735,1.72,26.87,553.79,38.21,13.19,11.41,0.697
5220280,GO,SÃO PATRÍCIO,1991,41.18533400301356,2.73,37.17,509.66,39.43,12.83,21.68,0.693
5220405,GO,SÃO SIMÃO,17088,4.55875468164794,1.03,18.89,883.78,10.72,12.45,5.78,0.72
5220454,GO,SENADOR CANEDO,84443,0.3931646199211302,1.59,27.88,537.58,2.15,7.0,6.98,0.701
5220504,GO,SERRANÓPOLIS,7481,26.025932361983692,1.57,25.2,677.06,30.94,13.34,12.16,0.681
5220603,GO,SILVÂNIA,19089,33.63193462203363,1.22,24.61,708.82,30.64,9.09,7.46,0.709
5220686,GO,SIMOLÂNDIA,6514,17.439361375498926,11.11,58.96,324.26,23.05,19.25,7.76,0.645
5220702,GO,SÍTIO D'ABADIA,2825,64.8141592920354,19.1,66.43,314.05,48.08,26.08,16.53,0.617
5221007,GO,TAQUARAL DE GOIÁS,3541,18.63880259813612,0.69,20.15,622.79,25.29,12.17,7.53,0.716
5221080,GO,TERESINA DE GOIÁS,3016,29.244031830238725,9.59,51.29,394.33,32.65,17.62,13.93,0.661
5221197,GO,TEREZÓPOLIS DE GOIÁS,6561,13.473555860387137,2.25,35.38,472.43,17.79,13.43,6.56,0.685
5221304,GO,TRÊS RANCHOS,2819,11.741752394466122,0.81,21.22,723.26,13.7,6.81,12.0,0.745
5221403,GO,TRINDADE,104488,4.193783018145624,1.56,25.75,558.61,3.82,8.38,7.06,0.699
5221452,GO,TROMBAS,3452,36.44264194669757,14.58,50.06,398.01,52.73,19.31,14.89,0.653
5221502,GO,TURVÂNIA,4839,19.590824550526968,2.87,32.09,545.83,29.87,13.04,12.08,0.697
5221551,GO,TURVELÂNDIA,4399,28.66560581950443,4.3,32.38,519.75,27.9,18.42,13.96,0.691
5221577,GO,UIRAPURU,2933,50.08523695874531,6.91,43.61,409.38,45.35,19.34,16.22,0.67
5221601,GO,URUAÇU,36929,8.483847382815673,0.89,25.03,797.52,12.79,11.82,7.56,0.737
5221700,GO,URUANA,13826,18.761753218573702,3.15,35.88,500.27,35.52,13.63,5.33,0.703
5221809,GO,URUTAÍ,3074,29.66818477553676,2.89,28.28,624.55,39.3,9.15,17.29,0.732
5221858,GO,VALPARAÍSO DE GOIÁS,132982,0.0,1.54,24.31,764.73,0.99,3.84,8.15,0.746
5221908,GO,VARJÃO,3659,38.699098114238865,1.38,25.26,614.8,38.39,16.37,10.66,0.687
5222005,GO,VIANÓPOLIS,12548,26.92062480076506,0.7,23.73,664.33,24.67,8.52,9.09,0.712
5222054,GO,VICENTINÓPOLIS,7371,14.245014245014245,2.62,23.14,651.07,32.41,13.51,11.75,0.684
5222203,GO,VILA BOA,4735,26.04012671594509,9.16,52.51,376.72,26.76,17.07,14.75,0.647
5222302,GO,VILA PROPÍCIO,5145,70.76773566569484,9.72,45.09,401.84,47.74,20.75,7.23,0.634
5300108,DF,BRASÍLIA,2570160,3.421965947645283,1.19,16.0,1715.11,1.84,3.66,13.9,0.824
