code_muni,uf,municipality,adoption_year,resolution
1200054,AC,Assis Brasil,2026,Nº 26 - 26/07/2026
1200203,AC,Cruzeiro do Sul,2024,Nº 4 - 07/05/2024
1200302,AC,Feijó,2026,Nº 26 - 26/07/2026
1200336,AC,Mâncio Lima,2026,Nº 19 - 26/02/2026
1200385,AC,Plácido de Castro,2024,Nº 4 - 07/05/2024
1200401,AC,Rio Branco,2014,Nº 8 - 27/11/2014
1200427,AC,Rodrigues Alves,2025,Nº 14 - 16/10/2025
2700102,AL,Água Branca,2024,Nº 6 - 29/05/2024
2700300,AL,Arapiraca,2024,Nº 4 - 07/05/2024
2700409,AL,Atalaia,2025,Nº 4 - 20/03/2025
2700706,AL,Batalha,2024,Nº 7 - 21/06/2024
2700904,AL,Belo Monte,2024,Nº 9 - 20/08/2024
2701001,AL,Boca da Mata,2024,Nº 7 - 21/06/2024
2701100,AL,Branquinha,2024,Nº 7 - 21/06/2024
2701209,AL,Cacimbinhas,2025,Nº 4 - 20/03/2025
2701308,AL,Cajueiro,2025,Nº 17 - 31/12/2025
2701357,AL,Campestre,2025,Nº 14 - 16/10/2025
2701407,AL,Campo Alegre,2024,Nº 4 - 07/05/2024
2701704,AL,Capela,2024,Nº 7 - 21/06/2024
2701803,AL,Carneiros,2026,Nº 23 - 26/05/2026
2701902,AL,Chã Preta,2025,Nº 3 - 28/02/2025
2702108,AL,Colônia Leopoldina,2024,Nº 9 - 20/08/2024
2702207,AL,Coqueiro Seco,2024,Nº 7 - 21/06/2024
2702306,AL,Coruripe,2024,Nº 9 - 20/08/2024
2702355,AL,Craíbas,2024,Nº 7 - 21/06/2024
2702405,AL,Delmiro Gouveia,2025,Nº 3 - 28/02/2025
2702553,AL,Estrela de Alagoas,2024,Nº 2 - 08/03/2024
2702603,AL,Feira Grande,2025,Nº 9 - 30/06/2025
2702801,AL,Flexeiras,2024,Nº 4 - 07/05/2024
2703007,AL,Ibateguara,2026,Nº 23 - 26/05/2026
2703106,AL,Igaci,2025,Nº 14 - 16/10/2025
2703205,AL,Igreja Nova,2024,Nº 7 - 21/06/2024
2703304,AL,Inhapi,2025,Nº 17 - 31/12/2025
2703403,AL,Jacaré dos Homens,2024,Nº 7 - 21/06/2024
2703502,AL,Jacuípe,2025,Nº 7 - 28/04/2025
2703759,AL,Jequiá da Praia,2024,Nº 8 - 03/07/2024
2703809,AL,Joaquim Gomes,2026,Nº 23 - 26/05/2026
2703908,AL,Jundiá,2025,Nº 4 - 20/03/2025
2704005,AL,Junqueiro,2024,Nº 2 - 08/03/2024
2704104,AL,Lagoa da Canoa,2024,Nº 2 - 08/03/2024
2704203,AL,Limoeiro de Anadia,2024,Nº 7 - 21/06/2024
2704302,AL,Maceió,2024,Nº 4 - 07/05/2024
2704401,AL,Major Isidoro,2026,Nº 21 - 30/03/2026
2704500,AL,Maragogi,2026,Nº 19 - 26/02/2026
2704609,AL,Maravilha,2024,Nº 8 - 03/07/2024
2704807,AL,Maribondo,2026,N° 28 - 26/08/2026
2705101,AL,Matriz de Camaragibe,2024,Nº 7 - 21/06/2024
2705309,AL,Minador do Negrão,2024,Nº 2 - 08/03/2024
2705408,AL,Monteirópolis,2026,Nº 19 - 26/02/2026
2705507,AL,Murici,2024,Nº 5 - 09/05/2024
2705606,AL,Novo Lino,2024,Nº 4 - 07/05/2024
2705705,AL,Olho d'Água das Flores,2024,Nº 7 - 21/06/2024
2706000,AL,Olivença,2024,Nº 7 - 21/06/2024
2706208,AL,Palestina,2024,Nº 7 - 21/06/2024
2706307,AL,Palmeira dos Índios,2024,Nº 2 - 08/03/2024
2706406,AL,Pão de Açúcar,2024,Nº 2 - 08/03/2024
2706422,AL,Pariconha,2024,Nº 9 - 20/08/2024
2706505,AL,Passo de Camaragibe,2024,Nº 8 - 03/07/2024
2706703,AL,Penedo,2025,Nº 2 - 24/02/2025
2706802,AL,Piaçabuçu,2024,Nº 4 - 07/05/2024
2706901,AL,Pilar,2024,Nº 7 - 21/06/2024
2707107,AL,Piranhas,2024,Nº 7 - 21/06/2024
2707305,AL,Porto Calvo,2024,Nº 7 - 21/06/2024
2707404,AL,Porto de Pedras,2026,Nº 26 - 26/07/2026
2707503,AL,Porto Real do Colégio,2025,Nº 3 - 28/02/2025
2707701,AL,Rio Largo,2026,Nº 23 - 26/05/2026
2707909,AL,Santa Luzia do Norte,2024,Nº 7 - 21/06/2024
2708105,AL,Santana do Mundaú,2024,Nº 7 - 21/06/2024
2708402,AL,São José da Tapera,2024,Nº 4 - 07/05/2024
2708501,AL,São Luís do Quitunde,2024,Nº 7 - 21/06/2024
2708600,AL,São Miguel dos Campos,2024,Nº 8 - 03/07/2024
2708709,AL,São Miguel dos Milagres,2025,Nº 12 - 03/09/2025
2708808,AL,São Sebastião,2024,Nº 7 - 21/06/2024
2708907,AL,Satuba,2025,Nº 3 - 28/02/2025
2708956,AL,Senador Rui Palmeira,2026,Nº 19 - 26/02/2026
2709152,AL,Teotônio Vilela,2024,Nº 9 - 20/08/2024
2709202,AL,Traipu,2026,Nº 23 - 26/05/2026
2709301,AL,União dos Palmares,2024,Nº 7 - 21/06/2024
2709400,AL,Viçosa,2026,Nº 25 - 26/06/2026
1300060,AM,Amaturá,2024,Nº 03 - 05/04/2024
1300086,AM,Anamã,2026,Nº 19 - 26/02/2026
1300300,AM,Autazes,2026,N° 28 - 26/08/2026
1300508,AM,Barreirinha,2024,Nº 6 - 29/05/2024
1300607,AM,Benjamin Constant,2026,Nº 19 - 26/02/2026
1300631,AM,Beruri,2025,Nº 17 - 31/12/2025
1300680,AM,Boa Vista do Ramos,2024,Nº 03 - 05/04/2024
1300706,AM,Boca do Acre,2026,N° 28 - 26/08/2026
1300805,AM,Borba,2025,Nº 14 - 16/10/2025
1300904,AM,Canutama,2026,Nº 26 - 26/07/2026
1301001,AM,Carauari,2026,Nº 21 - 30/03/2026
1301100,AM,Careiro,2024,Nº 2 - 08/03/2024
1301209,AM,Coari,2024,Nº 03 - 05/04/2024
1301605,AM,Fonte Boa,2026,Nº 23 - 26/05/2026
1301902,AM,Itacoatiara,2026,Nº 25 - 26/06/2026
1302009,AM,Itapiranga,2026,N° 28 - 26/08/2026
1302207,AM,Juruá,2026,Nº 26 - 26/07/2026
1302504,AM,Manacapuru,2021,Nº 2 - 25/11/2021
1302553,AM,Manaquiri,2024,Nº 8 - 03/07/2024
1302603,AM,Manaus,2024,Nº 4 - 07/05/2024
1302702,AM,Manicoré,2024,Nº 8 - 03/07/2024
1303007,AM,Nhamundá,2021,Nº 2 - 25/11/2021
1303106,AM,Nova Olinda do Norte,2026,N° 28 - 26/08/2026
1303205,AM,Novo Airão,2024,Nº 2 - 08/03/2024
1303304,AM,Novo Aripuanã,2026,Nº 26 - 26/07/2026
1303403,AM,Parintins,2026,Nº 19 - 26/02/2026
1303700,AM,Santo Antônio do Içá,2024,Nº 7 - 21/06/2024
1303809,AM,São Gabriel da Cachoeira,2026,N° 28 - 26/08/2026
1303908,AM,São Paulo de Olivença,2024,Nº 03 - 05/04/2024
1304062,AM,Tabatinga,2026,N° 28 - 26/08/2026
1304104,AM,Tapauá,2026,Nº 23 - 26/05/2026
1304203,AM,Tefé,2025,Nº 17 - 31/12/2025
1304237,AM,Tonantins,2020,Nº 1 - 23/01/2020
1304260,AM,Uarini,2025,Nº 13 - 17/09/2025
1304302,AM,Urucará,2026,Nº 23 - 26/05/2026
1304401,AM,Urucurituba,2026,N° 28 - 26/08/2026
1600154,AP,Pedra Branca do Amapari,2024,Nº 4 - 07/05/2024
1600303,AP,Macapá,2024,Nº 12 - 19/11/2024
1600808,AP,Vitória do Jari,2024,Nº 5 - 09/05/2024
2900108,BA,Abaíra,2025,Nº 13 - 17/09/2025
2900207,BA,Abaré,2025,Nº 15 - 31/10/2025
2900405,BA,Água Fria,2025,Nº 13 - 17/09/2025
2900504,BA,Érico Cardoso,2025,Nº 9 - 30/06/2025
2900603,BA,Aiquara,2025,Nº 9 - 30/06/2025
2900702,BA,Alagoinhas,2026,Nº 19 - 26/02/2026
2900801,BA,Alcobaça,2026,Nº 23 - 26/05/2026
2900900,BA,Almadina,2025,Nº 14 - 16/10/2025
2901007,BA,Amargosa,2024,Nº 2 - 08/03/2024
2901106,BA,Amélia Rodrigues,2026,Nº 26 - 26/07/2026
2901155,BA,América Dourada,2025,Nº 15 - 31/10/2025
2901205,BA,Anagé,2025,Nº 2 - 24/02/2025
2901304,BA,Andaraí,2024,Nº 7 - 21/06/2024
2901353,BA,Andorinha,2025,Nº 14 - 16/10/2025
2901403,BA,Angical,2026,Nº 22 - 29/04/2026
2901502,BA,Anguera,2026,Nº 21 - 30/03/2026
2901700,BA,Antônio Cardoso,2025,Nº 13 - 17/09/2025
2901908,BA,Aporá,2024,Nº 9 - 20/08/2024
2901957,BA,Apuarema,2024,Nº 9 - 20/08/2024
2902104,BA,Araci,2026,Nº 22 - 29/04/2026
2902252,BA,Arataca,2024,Nº 4 - 07/05/2024
2902302,BA,Aratuípe,2026,N° 28 - 26/08/2026
2902401,BA,Aurelino Leal,2024,Nº 8 - 03/07/2024
2902609,BA,Baixa Grande,2024,Nº 13 - 13/12/2024
2902807,BA,Barra da Estiva,2025,Nº 14 - 16/10/2025
2902906,BA,Barra do Choça,2026,Nº 25 - 26/06/2026
2903102,BA,Barra do Rocha,2025,Nº 14 - 16/10/2025
2903235,BA,Barro Alto,2024,Nº 9 - 20/08/2024
2903276,BA,Barrocas,2026,Nº 23 - 26/05/2026
2903300,BA,Barro Preto,2025,Nº 2 - 24/02/2025
2903409,BA,Belmonte,2026,N° 28 - 26/08/2026
2903607,BA,Biritinga,2024,Nº 7 - 21/06/2024
2903706,BA,Boa Nova,2025,Nº 4 - 20/03/2025
2903805,BA,Boa Vista do Tupim,2026,Nº 21 - 30/03/2026
2903904,BA,Bom Jesus da Lapa,2024,Nº 9 - 20/08/2024
2904001,BA,Boninal,2024,Nº 2 - 08/03/2024
2904050,BA,Bonito,2025,Nº 8 - 30/04/2025
2904100,BA,Boquira,2025,Nº 17 - 31/12/2025
2904209,BA,Botuporã,2025,Nº 12 - 03/09/2025
2904308,BA,Brejões,2025,Nº 7 - 28/04/2025
2904506,BA,Brotas de Macaúbas,2024,Nº 9 - 20/08/2024
2904803,BA,Caatiba,2025,Nº 13 - 17/09/2025
2904852,BA,Cabaceiras do Paraguaçu,2024,Nº 2 - 08/03/2024
2905206,BA,Caetité,2025,Nº 14 - 16/10/2025
2905305,BA,Cafarnaum,2025,Nº 14 - 16/10/2025
2905404,BA,Cairu,2026,Nº 25 - 26/06/2026
2905701,BA,Camaçari,2025,Nº 9 - 30/06/2025
2905909,BA,Campo Alegre de Lourdes,2026,Nº 21 - 30/03/2026
2906204,BA,Canarana,2025,Nº 14 - 16/10/2025
2906303,BA,Canavieiras,2026,N° 28 - 26/08/2026
2906402,BA,Candeal,2025,Nº 12 - 03/09/2025
2906808,BA,Cansanção,2025,Nº 14 - 16/10/2025
2906824,BA,Canudos,2025,Nº 9 - 30/06/2025
2906857,BA,Capela do Alto Alegre,2026,Nº 21 - 30/03/2026
2906873,BA,Capim Grosso,2024,Nº 4 - 07/05/2024
2906907,BA,Caravelas,2024,Nº 2 - 08/03/2024
2907103,BA,Carinhanha,2024,Nº 2 - 08/03/2024
2907202,BA,Casa Nova,2024,Nº 13 - 13/12/2024
2907301,BA,Castro Alves,2024,Nº 9 - 20/08/2024
2907509,BA,Catu,2026,Nº 19 - 26/02/2026
2907558,BA,Caturama,2024,Nº 7 - 21/06/2024
2907905,BA,Cipó,2024,Nº 2 - 08/03/2024
2908101,BA,Cocos,2024,Nº 7 - 21/06/2024
2908200,BA,Conceição da Feira,2024,Nº 03 - 05/04/2024
2908309,BA,Conceição do Almeida,2025,Nº 9 - 30/06/2025
2908507,BA,Conceição do Jacuípe,2026,N° 28 - 26/08/2026
2908606,BA,Conde,2024,Nº 4 - 07/05/2024
2908705,BA,Condeúba,2025,Nº 9 - 30/06/2025
2908903,BA,Coração de Maria,2017,Nº 5 - 11/10/2017
2909000,BA,Cordeiros,2026,Nº 21 - 30/03/2026
2909307,BA,Correntina,2024,Nº 2 - 08/03/2024
2909406,BA,Cotegipe,2026,Nº 19 - 26/02/2026
2909505,BA,Cravolândia,2025,Nº 13 - 17/09/2025
2909604,BA,Crisópolis,2026,Nº 20 - 04/03/2026
2909703,BA,Cristópolis,2026,Nº 19 - 26/02/2026
2909802,BA,Cruz das Almas,2026,N° 28 - 26/08/2026
2909901,BA,Curaçá,2017,Nº 5 - 11/10/2017
2910008,BA,Dário Meira,2025,Nº 4 - 20/03/2025
2910057,BA,Dias d'Ávila,2024,Nº 03 - 05/04/2024
2910107,BA,Dom Basílio,2024,Nº 03 - 05/04/2024
2910206,BA,Dom Macedo Costa,2024,Nº 4 - 07/05/2024
2910305,BA,Elísio Medrado,2024,Nº 13 - 13/12/2024
2910727,BA,Eunápolis,2024,Nº 2 - 08/03/2024
2910776,BA,Feira da Mata,2025,Nº 12 - 03/09/2025
2910800,BA,Feira de Santana,2026,Nº 23 - 26/05/2026
2911006,BA,Floresta Azul,2024,Nº 10 - 30/09/2024
2911105,BA,Formosa do Rio Preto,2026,Nº 19 - 26/02/2026
2911253,BA,Gavião,2025,Nº 17 - 31/12/2025
2911402,BA,Glória,2024,Nº 13 - 13/12/2024
2911501,BA,Gongogi,2024,Nº 13 - 13/12/2024
2911808,BA,Guaratinga,2025,Nº 9 - 30/06/2025
2911907,BA,Iaçu,2025,Nº 17 - 31/12/2025
2912004,BA,Ibiassucê,2025,Nº 17 - 31/12/2025
2912202,BA,Ibicoara,2025,Nº 9 - 30/06/2025
2912301,BA,Ibicuí,2025,Nº 17 - 31/12/2025
2912400,BA,Ibipeba,2025,Nº 13 - 17/09/2025
2912509,BA,Ibipitanga,2026,Nº 22 - 29/04/2026
2912707,BA,Ibirapitanga,2025,Nº 12 - 03/09/2025
2912905,BA,Ibirataia,2026,Nº 21 - 30/03/2026
2913002,BA,Ibitiara,2026,Nº 21 - 30/03/2026
2913101,BA,Ibititá,2026,Nº 23 - 26/05/2026
2913200,BA,Ibotirama,2024,Nº 4 - 07/05/2024
2913309,BA,Ichu,2025,Nº 13 - 17/09/2025
2913408,BA,Igaporã,2025,Nº 9 - 30/06/2025
2913457,BA,Igrapiúna,2024,Nº 12 - 19/11/2024
2913507,BA,Iguaí,2024,Nº 11 - 09/10/2024
2913705,BA,Inhambupe,2024,Nº 2 - 08/03/2024
2913804,BA,Ipecaetá,2024,Nº 7 - 21/06/2024
2913903,BA,Ipiaú,2025,Nº 15 - 31/10/2025
2914000,BA,Ipirá,2026,Nº 19 - 26/02/2026
2914406,BA,Iraquara,2025,Nº 15 - 31/10/2025
2914604,BA,Irecê,2024,Nº 9 - 20/08/2024
2914703,BA,Itaberaba,2025,Nº 9 - 30/06/2025
2914802,BA,Itabuna,2025,Nº 16 - 08/12/2025
2915106,BA,Itagi,2025,Nº 9 - 30/06/2025
2915205,BA,Itagibá,2025,Nº 8 - 30/04/2025
2915353,BA,Itaguaçu da Bahia,2025,Nº 17 - 31/12/2025
2915403,BA,Itaju do Colônia,2024,Nº 4 - 07/05/2024
2915502,BA,Itajuípe,2024,Nº 9 - 20/08/2024
2915601,BA,Itamaraju,2026,Nº 23 - 26/05/2026
2915700,BA,Itamari,2024,Nº 10 - 30/09/2024
2915809,BA,Itambé,2017,Nº 5 - 11/10/2017
2916302,BA,Itapebi,2026,Nº 22 - 29/04/2026
2916401,BA,Itapetinga,2025,Nº 17 - 31/12/2025
2916500,BA,Itapicuru,2026,Nº 25 - 26/06/2026
2916708,BA,Itaquara,2026,Nº 25 - 26/06/2026
2916807,BA,Itarantim,2026,Nº 22 - 29/04/2026
2916906,BA,Itiruçu,2026,Nº 26 - 26/07/2026
2917003,BA,Itiúba,2023,Nº 4 - 21/12/2023
2917334,BA,Iuiu,2026,N° 28 - 26/08/2026
2917508,BA,Jacobina,2024,Nº 4 - 07/05/2024
2917607,BA,Jaguaquara,2016,Nº 1 - 21/03/2016
2917706,BA,Jaguarari,2024,Nº 2 - 08/03/2024
2917805,BA,Jaguaripe,2026,Nº 21 - 30/03/2026
2918001,BA,Jequié,2024,Nº 8 - 03/07/2024
2918100,BA,Jeremoabo,2026,N° 28 - 26/08/2026
2918209,BA,Jiquiriçá,2025,Nº 9 - 30/06/2025
2918308,BA,Jitaúna,2025,Nº 13 - 17/09/2025
2918357,BA,João Dourado,2024,Nº 2 - 08/03/2024
2918407,BA,Juazeiro,2017,Nº 5 - 11/10/2017
2918555,BA,Jussari,2025,Nº 17 - 31/12/2025
2918605,BA,Jussiape,2026,Nº 25 - 26/06/2026
2918704,BA,Lafaiete Coutinho,2025,Nº 14 - 16/10/2025
2919009,BA,Lajedinho,2025,Nº 9 - 30/06/2025
2919058,BA,Lajedo do Tabocal,2026,Nº 21 - 30/03/2026
2919108,BA,Lamarão,2024,Nº 4 - 07/05/2024
2919157,BA,Lapão,2025,Nº 13 - 17/09/2025
2919207,BA,Lauro de Freitas,2024,Nº 7 - 21/06/2024
2919306,BA,Lençóis,2024,Nº 4 - 07/05/2024
2919504,BA,Livramento de Nossa Senhora,2026,Nº 21 - 30/03/2026
2919702,BA,Macarani,2025,Nº 14 - 16/10/2025
2919801,BA,Macaúbas,2025,Nº 12 - 03/09/2025
2920007,BA,Maiquinique,2025,Nº 9 - 30/06/2025
2920106,BA,Mairi,2025,Nº 17 - 31/12/2025
2920205,BA,Malhada,2024,Nº 10 - 30/09/2024
2920304,BA,Malhada de Pedras,2025,Nº 7 - 28/04/2025
2920403,BA,Manoel Vitorino,2025,Nº 6 - 02/04/2025
2920452,BA,Mansidão,2026,Nº 25 - 26/06/2026
2920502,BA,Maracás,2025,Nº 9 - 30/06/2025
2920601,BA,Maragogipe,2024,Nº 03 - 05/04/2024
2920700,BA,Maraú,2025,Nº 13 - 17/09/2025
2920809,BA,Marcionílio Souza,2024,Nº 9 - 20/08/2024
2920908,BA,Mascote,2024,Nº 10 - 30/09/2024
2921005,BA,Mata de São João,2026,Nº 26 - 26/07/2026
2921054,BA,Matina,2024,Nº 9 - 20/08/2024
2921203,BA,Miguel Calmon,2026,Nº 25 - 26/06/2026
2921302,BA,Milagres,2024,Nº 7 - 21/06/2024
2921401,BA,Mirangaba,2024,Nº 2 - 08/03/2024
2921450,BA,Mirante,2025,Nº 9 - 30/06/2025
2921500,BA,Monte Santo,2026,Nº 21 - 30/03/2026
2921609,BA,Morpará,2024,Nº 8 - 03/07/2024
2921708,BA,Morro do Chapéu,2026,Nº 23 - 26/05/2026
2921906,BA,Mucugê,2026,Nº 23 - 26/05/2026
2922102,BA,Mundo Novo,2026,Nº 19 - 26/02/2026
2922201,BA,Muniz Ferreira,2025,Nº 17 - 31/12/2025
2922300,BA,Muritiba,2024,Nº 7 - 21/06/2024
2922409,BA,Mutuípe,2025,Nº 14 - 16/10/2025
2922656,BA,Nordestina,2025,Nº 14 - 16/10/2025
2922730,BA,Nova Fátima,2025,Nº 15 - 31/10/2025
2922755,BA,Nova Ibiá,2024,Nº 4 - 07/05/2024
2922854,BA,Nova Redenção,2026,Nº 23 - 26/05/2026
2922904,BA,Nova Soure,2026,Nº 22 - 29/04/2026
2923100,BA,Olindina,2025,Nº 4 - 20/03/2025
2923407,BA,Palmas de Monte Alto,2024,Nº 03 - 05/04/2024
2923605,BA,Paramirim,2025,Nº 7 - 28/04/2025
2923704,BA,Paratinga,2024,Nº 03 - 05/04/2024
2923803,BA,Paripiranga,2025,Nº 14 - 16/10/2025
2923902,BA,Pau Brasil,2024,Nº 4 - 07/05/2024
2924009,BA,Paulo Afonso,2026,Nº 22 - 29/04/2026
2924058,BA,Pé de Serra,2024,Nº 7 - 21/06/2024
2924207,BA,Pedro Alexandre,2026,Nº 23 - 26/05/2026
2924306,BA,Piatã,2023,Nº 4 - 21/12/2023
2924504,BA,Pindaí,2025,Nº 9 - 30/06/2025
2924603,BA,Pindobaçu,2024,Nº 03 - 05/04/2024
2924702,BA,Piripá,2026,Nº 21 - 30/03/2026
2924801,BA,Piritiba,2026,Nº 22 - 29/04/2026
2925105,BA,Poções,2024,Nº 6 - 29/05/2024
2925303,BA,Porto Seguro,2023,Nº 1 - 30/06/2023
2925402,BA,Potiraguá,2024,Nº 9 - 20/08/2024
2925709,BA,Presidente Jânio Quadros,2024,Nº 9 - 20/08/2024
2925758,BA,Presidente Tancredo Neves,2025,Nº 2 - 24/02/2025
2925808,BA,Queimadas,2025,Nº 14 - 16/10/2025
2925931,BA,Quixabeira,2026,Nº 21 - 30/03/2026
2926004,BA,Remanso,2024,Nº 03 - 05/04/2024
2926301,BA,Riachão do Jacuípe,2025,Nº 15 - 31/10/2025
2926400,BA,Riacho de Santana,2024,Nº 2 - 08/03/2024
2926509,BA,Ribeira do Amparo,2026,Nº 19 - 26/02/2026
2926707,BA,Rio de Contas,2024,Nº 03 - 05/04/2024
2926806,BA,Rio do Antônio,2026,Nº 26 - 26/07/2026
2926905,BA,Rio do Pires,2025,Nº 17 - 31/12/2025
2927002,BA,Rio Real,2024,Nº 2 - 08/03/2024
2927101,BA,Rodelas,2026,Nº 19 - 26/02/2026
2927507,BA,Santa Bárbara,2025,Nº 12 - 03/09/2025
2927804,BA,Santa Cruz da Vitória,2025,Nº 9 - 30/06/2025
2927903,BA,Santa Inês,2025,Nº 17 - 31/12/2025
2928000,BA,Santaluz,2026,Nº 25 - 26/06/2026
2928059,BA,Santa Luzia,2026,Nº 26 - 26/07/2026
2928109,BA,Santa Maria da Vitória,2024,Nº 9 - 20/08/2024
2928604,BA,Santo Amaro,2026,N° 28 - 26/08/2026
2928703,BA,Santo Antônio de Jesus,2024,Nº 2 - 08/03/2024
2928950,BA,São Domingos,2025,Nº 9 - 30/06/2025
2929057,BA,São Félix do Coribe,2025,Nº 14 - 16/10/2025
2929255,BA,São Gabriel,2025,Nº 17 - 31/12/2025
2929354,BA,São José da Vitória,2025,Nº 9 - 30/06/2025
2929602,BA,Sapeaçu,2024,Nº 2 - 08/03/2024
2929750,BA,Saubara,2024,Nº 03 - 05/04/2024
2929800,BA,Saúde,2024,Nº 7 - 21/06/2024
2929909,BA,Seabra,2026,N° 28 - 26/08/2026
2930105,BA,Senhor do Bonfim,2024,Nº 9 - 20/08/2024
2930154,BA,Serra do Ramalho,2024,Nº 9 - 20/08/2024
2930204,BA,Sento Sé,2025,Nº 13 - 17/09/2025
2930402,BA,Serra Preta,2018,Nº 8 - 19/11/2018
2930501,BA,Serrinha,2024,Nº 7 - 21/06/2024
2930600,BA,Serrolândia,2026,Nº 19 - 26/02/2026
2930758,BA,Sítio do Mato,2024,Nº 9 - 20/08/2024
2930808,BA,Souto Soares,2025,Nº 9 - 30/06/2025
2931053,BA,Tanque Novo,2025,Nº 17 - 31/12/2025
2931103,BA,Tanquinho,2025,Nº 9 - 30/06/2025
2931202,BA,Taperoá,2026,Nº 25 - 26/06/2026
2931350,BA,Teixeira de Freitas,2026,Nº 25 - 26/06/2026
2931400,BA,Teodoro Sampaio,2024,Nº 03 - 05/04/2024
2931509,BA,Teofilândia,2026,Nº 19 - 26/02/2026
2931608,BA,Teolândia,2025,Nº 14 - 16/10/2025
2931707,BA,Terra Nova,2024,Nº 03 - 05/04/2024
2932002,BA,Uauá,2024,Nº 7 - 21/06/2024
2932101,BA,Ubaíra,2025,Nº 12 - 03/09/2025
2932200,BA,Ubaitaba,2024,Nº 10 - 30/09/2024
2932309,BA,Ubatã,2025,Nº 12 - 03/09/2025
2932408,BA,Uibaí,2025,Nº 13 - 17/09/2025
2932804,BA,Utinga,2026,Nº 25 - 26/06/2026
2932903,BA,Valença,2024,Nº 03 - 05/04/2024
2933000,BA,Valente,2024,Nº 8 - 03/07/2024
2933109,BA,Várzea do Poço,2026,Nº 22 - 29/04/2026
2933257,BA,Vereda,2025,Nº 17 - 31/12/2025
2933307,BA,Vitória da Conquista,2018,Nº 9 - 18/12/2018
2933505,BA,Wenceslau Guimarães,2025,Nº 14 - 16/10/2025
2933604,BA,Xique-Xique,2024,Nº 2 - 08/03/2024
2300101,CE,Abaiara,2024,Nº 7 - 21/06/2024
2300150,CE,Acarape,2024,Nº 10 - 30/09/2024
2300200,CE,Acaraú,2025,Nº 13 - 17/09/2025
2300309,CE,Acopiara,2024,Nº 2 - 08/03/2024
2300408,CE,Aiuaba,2024,Nº 2 - 08/03/2024
2300507,CE,Alcântaras,2016,Nº 4 - 07/06/2016
2300606,CE,Altaneira,2026,Nº 26 - 26/07/2026
2300754,CE,Amontada,2026,Nº 19 - 26/02/2026
2300804,CE,Antonina do Norte,2025,Nº 13 - 17/09/2025
2300903,CE,Apuiarés,2024,Nº 10 - 30/09/2024
2301109,CE,Aracati,2026,Nº 26 - 26/07/2026
2301257,CE,Ararendá,2014,Nº 8 - 27/11/2014
2301307,CE,Araripe,2013,Nº 1 - 20/11/2013
2301406,CE,Aratuba,2024,Nº 12 - 19/11/2024
2301505,CE,Arneiroz,2017,Nº 2 - 10/02/2017
2301604,CE,Assaré,2024,Nº 7 - 21/06/2024
2301802,CE,Baixio,2025,Nº 2 - 24/02/2025
2301851,CE,Banabuiú,2026,Nº 26 - 26/07/2026
2301901,CE,Barbalha,2026,Nº 25 - 26/06/2026
2301950,CE,Barreira,2025,Nº 17 - 31/12/2025
2302107,CE,Baturité,2024,Nº 2 - 08/03/2024
2302206,CE,Beberibe,2024,Nº 03 - 05/04/2024
2302305,CE,Bela Cruz,2021,Nº 1 - 12/01/2021
2302404,CE,Boa Viagem,2016,Nº 4 - 07/06/2016
2302503,CE,Brejo Santo,2017,Nº 2 - 10/02/2017
2302602,CE,Camocim,2026,Nº 23 - 26/05/2026
2302701,CE,Campos Sales,2025,Nº 17 - 31/12/2025
2302800,CE,Canindé,2026,Nº 25 - 26/06/2026
2302909,CE,Capistrano,2026,Nº 25 - 26/06/2026
2303105,CE,Cariré,2014,Nº 8 - 27/11/2014
2303204,CE,Caririaçu,2024,Nº 9 - 20/08/2024
2303303,CE,Cariús,2016,Nº 7 - 13/12/2016
2303402,CE,Carnaubal,2024,Nº 7 - 21/06/2024
2303501,CE,Cascavel,2026,Nº 22 - 29/04/2026
2303600,CE,Catarina,2025,Nº 17 - 31/12/2025
2303659,CE,Catunda,2024,Nº 7 - 21/06/2024
2303709,CE,Caucaia,2014,Nº 8 - 27/11/2014
2303808,CE,Cedro,2025,Nº 13 - 17/09/2025
2303907,CE,Chaval,2024,Nº 10 - 30/09/2024
2303931,CE,Choró,2025,Nº 17 - 31/12/2025
2303956,CE,Chorozinho,2024,Nº 12 - 19/11/2024
2304004,CE,Coreaú,2024,Nº 2 - 08/03/2024
2304103,CE,Crateús,2014,Nº 4 - 20/03/2014
2304202,CE,Crato,2024,Nº 13 - 13/12/2024
2304236,CE,Croatá,2026,Nº 25 - 26/06/2026
2304251,CE,Cruz,2016,Nº 4 - 07/06/2016
2304269,CE,Deputado Irapuan Pinheiro,2024,Nº 2 - 08/03/2024
2304301,CE,Farias Brito,2025,Nº 9 - 30/06/2025
2304350,CE,Forquilha,2025,Nº 17 - 31/12/2025
2304400,CE,Fortaleza,2017,Nº 4 - 10/07/2017
2304459,CE,Fortim,2024,Nº 7 - 21/06/2024
2304509,CE,Frecheirinha,2025,Nº 2 - 24/02/2025
2304608,CE,General Sampaio,2026,Nº 25 - 26/06/2026
2304657,CE,Graça,2025,Nº 2 - 24/02/2025
2304707,CE,Granja,2026,Nº 23 - 26/05/2026
2304806,CE,Granjeiro,2024,Nº 2 - 08/03/2024
2304905,CE,Groaíras,2024,Nº 03 - 05/04/2024
2304954,CE,Guaiúba,2026,Nº 22 - 29/04/2026
2305001,CE,Guaraciaba do Norte,2026,Nº 21 - 30/03/2026
2305100,CE,Guaramiranga,2026,Nº 18 - 13/01/2026
2305209,CE,Hidrolândia,2025,Nº 9 - 30/06/2025
2305233,CE,Horizonte,2026,Nº 23 - 26/05/2026
2305266,CE,Ibaretama,2025,Nº 9 - 30/06/2025
2305308,CE,Ibiapina,2024,Nº 13 - 13/12/2024
2305332,CE,Ibicuitinga,2025,Nº 13 - 17/09/2025
2305357,CE,Icapuí,2026,Nº 26 - 26/07/2026
2305407,CE,Icó,2018,Nº 9 - 18/12/2018
2305506,CE,Iguatu,2014,Nº 8 - 27/11/2014
2305605,CE,Independência,2024,Nº 7 - 21/06/2024
2305654,CE,Ipaporanga,2024,Nº 7 - 21/06/2024
2305704,CE,Ipaumirim,2024,Nº 13 - 13/12/2024
2305803,CE,Ipu,2026,Nº 21 - 30/03/2026
2305902,CE,Ipueiras,2014,Nº 8 - 27/11/2014
2306009,CE,Iracema,2026,Nº 23 - 26/05/2026
2306108,CE,Irauçuba,2020,Nº 2 - 08/07/2020
2306306,CE,Itapajé,2026,Nº 18 - 13/01/2026
2306405,CE,Itapipoca,2014,Nº 8 - 27/11/2014
2306504,CE,Itapiúna,2026,Nº 19 - 26/02/2026
2306553,CE,Itarema,2025,Nº 13 - 17/09/2025
2306603,CE,Itatira,2025,Nº 17 - 31/12/2025
2306702,CE,Jaguaretama,2024,Nº 2 - 08/03/2024
2306801,CE,Jaguaribara,2024,Nº 2 - 08/03/2024
2306900,CE,Jaguaribe,2020,Nº 2 - 08/07/2020
2307007,CE,Jaguaruana,2024,Nº 9 - 20/08/2024
2307106,CE,Jardim,2026,Nº 22 - 29/04/2026
2307205,CE,Jati,2024,Nº 9 - 20/08/2024
2307254,CE,Jijoca de Jericoacoara,2025,Nº 14 - 16/10/2025
2307304,CE,Juazeiro do Norte,2024,Nº 2 - 08/03/2024
2307403,CE,Jucás,2018,Nº 9 - 18/12/2018
2307502,CE,Lavras da Mangabeira,2014,Nº 8 - 27/11/2014
2307601,CE,Limoeiro do Norte,2026,Nº 18 - 13/01/2026
2307635,CE,Madalena,2026,Nº 26 - 26/07/2026
2307650,CE,Maracanaú,2014,Nº 4 - 20/03/2014
2307700,CE,Maranguape,2025,Nº 2 - 24/02/2025
2307809,CE,Marco,2024,Nº 03 - 05/04/2024
2307908,CE,Martinópole,2024,Nº 7 - 21/06/2024
2308005,CE,Massapê,2024,Nº 13 - 13/12/2024
2308104,CE,Mauriti,2024,Nº 2 - 08/03/2024
2308203,CE,Meruoca,2024,Nº 03 - 05/04/2024
2308302,CE,Milagres,2024,Nº 7 - 21/06/2024
2308351,CE,Milhã,2014,Nº 8 - 27/11/2014
2308377,CE,Miraíma,2014,Nº 8 - 27/11/2014
2308401,CE,Missão Velha,2016,Nº 4 - 07/06/2016
2308500,CE,Mombaça,2025,Nº 14 - 16/10/2025
2308609,CE,Monsenhor Tabosa,2018,Nº 4 - 17/04/2018
2308708,CE,Morada Nova,2026,Nº 26 - 26/07/2026
2308807,CE,Moraújo,2025,Nº 2 - 24/02/2025
2308906,CE,Morrinhos,2026,Nº 22 - 29/04/2026
2309003,CE,Mucambo,2014,Nº 4 - 20/03/2014
2309102,CE,Mulungu,2026,Nº 19 - 26/02/2026
2309201,CE,Nova Olinda,2024,Nº 12 - 19/11/2024
2309300,CE,Nova Russas,2024,Nº 2 - 08/03/2024
2309409,CE,Novo Oriente,2014,Nº 8 - 27/11/2014
2309458,CE,Ocara,2026,Nº 18 - 13/01/2026
2309508,CE,Orós,2014,Nº 8 - 27/11/2014
2309607,CE,Pacajus,2024,Nº 13 - 13/12/2024
2309706,CE,Pacatuba,2018,Nº 9 - 18/12/2018
2309904,CE,Pacujá,2014,Nº 8 - 27/11/2014
2310001,CE,Palhano,2014,Nº 8 - 27/11/2014
2310258,CE,Paraipaba,2024,Nº 10 - 30/09/2024
2310308,CE,Parambu,2018,Nº 9 - 18/12/2018
2310407,CE,Paramoti,2026,Nº 25 - 26/06/2026
2310506,CE,Pedra Branca,2026,Nº 23 - 26/05/2026
2310704,CE,Pentecoste,2024,Nº 10 - 30/09/2024
2310803,CE,Pereiro,2026,Nº 21 - 30/03/2026
2310852,CE,Pindoretama,2021,Nº 1 - 12/01/2021
2310902,CE,Piquet Carneiro,2014,Nº 8 - 27/11/2014
2310951,CE,Pires Ferreira,2025,Nº 13 - 17/09/2025
2311009,CE,Poranga,2025,Nº 9 - 30/06/2025
2311108,CE,Porteiras,2026,Nº 18 - 13/01/2026
2311207,CE,Potengi,2026,Nº 21 - 30/03/2026
2311264,CE,Quiterianópolis,2024,Nº 13 - 13/12/2024
2311306,CE,Quixadá,2024,Nº 4 - 07/05/2024
2311355,CE,Quixelô,2025,Nº 14 - 16/10/2025
2311405,CE,Quixeramobim,2026,Nº 22 - 29/04/2026
2311504,CE,Quixeré,2026,Nº 18 - 13/01/2026
2311603,CE,Redenção,2025,Nº 13 - 17/09/2025
2311702,CE,Reriutaba,2025,Nº 13 - 17/09/2025
2311801,CE,Russas,2016,Nº 4 - 07/06/2016
2311900,CE,Saboeiro,2026,Nº 19 - 26/02/2026
2311959,CE,Salitre,2018,Nº 9 - 18/12/2018
2312007,CE,Santana do Acaraú,2025,Nº 2 - 24/02/2025
2312106,CE,Santana do Cariri,2024,Nº 03 - 05/04/2024
2312205,CE,Santa Quitéria,2024,Nº 7 - 21/06/2024
2312304,CE,São Benedito,2024,Nº 2 - 08/03/2024
2312403,CE,São Gonçalo do Amarante,2017,Nº 2 - 10/02/2017
2312502,CE,São João do Jaguaribe,2018,Nº 9 - 18/12/2018
2312601,CE,São Luís do Curu,2017,Nº 2 - 10/02/2017
2312700,CE,Senador Pompeu,2026,Nº 18 - 13/01/2026
2312809,CE,Senador Sá,2024,Nº 03 - 05/04/2024
2312908,CE,Sobral,2024,Nº 03 - 05/04/2024
2313005,CE,Solonópole,2025,Nº 13 - 17/09/2025
2313203,CE,Tamboril,2013,Nº 1 - 20/11/2013
2313252,CE,Tarrafas,2026,Nº 18 - 13/01/2026
2313302,CE,Tauá,2014,Nº 8 - 27/11/2014
2313351,CE,Tejuçuoca,2026,Nº 23 - 26/05/2026
2313401,CE,Tianguá,2026,Nº 21 - 30/03/2026
2313559,CE,Tururu,2025,Nº 13 - 17/09/2025
2313609,CE,Ubajara,2026,Nº 18 - 13/01/2026
2313708,CE,Umari,2025,Nº 14 - 16/10/2025
2313757,CE,Umirim,2025,Nº 13 - 17/09/2025
2313807,CE,Uruburetama,2026,Nº 23 - 26/05/2026
2313955,CE,Varjota,2014,Nº 8 - 27/11/2014
2314003,CE,Várzea Alegre,2026,Nº 18 - 13/01/2026
2314102,CE,Viçosa do Ceará,2025,Nº 13 - 17/09/2025
3200300,ES,Alfredo Chaves,2026,Nº 21 - 30/03/2026
3200805,ES,Baixo Guandu,2014,Nº 8 - 27/11/2014
3200904,ES,Barra de São Francisco,2025,Nº 12 - 03/09/2025
3201209,ES,Cachoeiro de Itapemirim,2018,Nº 4 - 17/04/2018
3201308,ES,Cariacica,2024,Nº 9 - 20/08/2024
3202306,ES,Guaçuí,2024,Nº 12 - 19/11/2024
3203007,ES,Iúna,2025,Nº 14 - 16/10/2025
3203205,ES,Linhares,2014,Nº 8 - 27/11/2014
3203403,ES,Mimoso do Sul,2024,Nº 7 - 21/06/2024
3203601,ES,Mucurici,2025,Nº 15 - 31/10/2025
3203809,ES,Muqui,2025,Nº 12 - 03/09/2025
3203908,ES,Nova Venécia,2014,Nº 4 - 20/03/2014
3204005,ES,Pancas,2025,Nº 15 - 31/10/2025
3204054,ES,Pedro Canário,2026,Nº 22 - 29/04/2026
3204252,ES,Ponto Belo,2026,Nº 22 - 29/04/2026
3204559,ES,Santa Maria de Jetibá,2014,Nº 8 - 27/11/2014
3205002,ES,Serra,2026,Nº 24 - 02/06/2026
3205010,ES,Sooretama,2025,Nº 12 - 03/09/2025
3205101,ES,Viana,2025,Nº 2 - 24/02/2025
3205200,ES,Vila Velha,2025,Nº 3 - 28/02/2025
3205309,ES,Vitória,2014,Nº 4 - 20/03/2014
5200308,GO,Alexânia,2026,N° 28 - 26/08/2026
5201108,GO,Anápolis,2025,Nº 11 - 15/08/2025
5201405,GO,Aparecida de Goiânia,2014,Nº 8 - 27/11/2014
5204953,GO,Campos Verdes,2026,Nº 23 - 26/05/2026
5205109,GO,Catalão,2026,Nº 18 - 13/01/2026
5205406,GO,Ceres,2026,Nº 23 - 26/05/2026
5205513,GO,Cocalzinho de Goiás,2024,Nº 2 - 08/03/2024
5206404,GO,Crixás,2025,Nº 14 - 16/10/2025
5207535,GO,Faina,2026,Nº 23 - 26/05/2026
5208004,GO,Formosa,2025,Nº 12 - 03/09/2025
5208707,GO,Goiânia,2024,Nº 13 - 13/12/2024
5210000,GO,Inhumas,2025,Nº 9 - 30/06/2025
5211909,GO,Jataí,2025,Nº 14 - 16/10/2025
5212204,GO,Jussara,2016,Nº 1 - 21/03/2016
5213087,GO,Minaçu,2013,Nº 1 - 20/11/2013
5218805,GO,Rio Verde,2026,Nº 24 - 02/06/2026
5220603,GO,Silvânia,2026,N° 28 - 26/08/2026
2100055,MA,Açailândia,2025,Nº 7 - 28/04/2025
2100105,MA,Afonso Cunha,2018,Nº 9 - 18/12/2018
2100154,MA,Água Doce do Maranhão,2024,Nº 12 - 19/11/2024
2100204,MA,Alcântara,2021,Nº 1 - 12/01/2021
2100303,MA,Aldeias Altas,2016,Nº 6 - 28/10/2016
2100402,MA,Altamira do Maranhão,2024,Nº 9 - 20/08/2024
2100436,MA,Alto Alegre do Maranhão,2025,Nº 7 - 28/04/2025
2100477,MA,Alto Alegre do Pindaré,2025,Nº 7 - 28/04/2025
2100501,MA,Alto Parnaíba,2014,Nº 8 - 27/11/2014
2100550,MA,Amapá do Maranhão,2026,Nº 18 - 13/01/2026
2100600,MA,Amarante do Maranhão,2025,Nº 15 - 31/10/2025
2100709,MA,Anajatuba,2025,Nº 2 - 24/02/2025
2100808,MA,Anapurus,2026,Nº 18 - 13/01/2026
2100832,MA,Apicum-Açu,2025,Nº 12 - 03/09/2025
2100873,MA,Araguanã,2025,Nº 8 - 30/04/2025
2100907,MA,Araioses,2020,Nº 03 - 15/10/2020
2100956,MA,Arame,2024,Nº 12 - 19/11/2024
2101004,MA,Arari,2020,Nº 03 - 15/10/2020
2101103,MA,Axixá,2025,Nº 15 - 31/10/2025
2101202,MA,Bacabal,2023,Nº 4 - 21/12/2023
2101251,MA,Bacabeira,2025,Nº 9 - 30/06/2025
2101301,MA,Bacuri,2025,Nº 9 - 30/06/2025
2101350,MA,Bacurituba,2024,Nº 12 - 19/11/2024
2101400,MA,Balsas,2020,Nº 2 - 08/07/2020
2101608,MA,Barra do Corda,2017,Nº 5 - 11/10/2017
2101707,MA,Barreirinhas,2024,Nº 4 - 07/05/2024
2101731,MA,Belágua,2020,Nº 03 - 15/10/2020
2101772,MA,Bela Vista do Maranhão,2025,Nº 8 - 30/04/2025
2101806,MA,Benedito Leite,2025,Nº 14 - 16/10/2025
2101905,MA,Bequimão,2018,Nº 8 - 19/11/2018
2101939,MA,Bernardo do Mearim,2026,Nº 22 - 29/04/2026
2101970,MA,Boa Vista do Gurupi,2024,Nº 9 - 20/08/2024
2102002,MA,Bom Jardim,2025,Nº 9 - 30/06/2025
2102036,MA,Bom Jesus das Selvas,2014,Nº 8 - 27/11/2014
2102077,MA,Bom Lugar,2026,Nº 22 - 29/04/2026
2102101,MA,Brejo,2025,Nº 13 - 17/09/2025
2102150,MA,Brejo de Areia,2025,Nº 7 - 28/04/2025
2102200,MA,Buriti,2025,Nº 7 - 28/04/2025
2102309,MA,Buriti Bravo,2017,Nº 4 - 10/07/2017
2102325,MA,Buriticupu,2014,Nº 8 - 27/11/2014
2102358,MA,Buritirana,2023,Nº 4 - 21/12/2023
2102408,MA,Cajapió,2024,Nº 9 - 20/08/2024
2102507,MA,Cajari,2026,Nº 22 - 29/04/2026
2102606,MA,Cândido Mendes,2013,Nº 1 - 20/11/2013
2102705,MA,Cantanhede,2024,Nº 2 - 08/03/2024
2102754,MA,Capinzal do Norte,2024,Nº 4 - 07/05/2024
2102804,MA,Carolina,2025,Nº 13 - 17/09/2025
2102903,MA,Carutapera,2026,Nº 18 - 13/01/2026
2103000,MA,Caxias,2017,Nº 5 - 11/10/2017
2103109,MA,Cedral,2025,Nº 9 - 30/06/2025
2103125,MA,Central do Maranhão,2025,Nº 13 - 17/09/2025
2103158,MA,Centro do Guilherme,2020,Nº 03 - 15/10/2020
2103174,MA,Centro Novo do Maranhão,2024,Nº 9 - 20/08/2024
2103208,MA,Chapadinha,2024,Nº 03 - 05/04/2024
2103257,MA,Cidelândia,2024,Nº 7 - 21/06/2024
2103307,MA,Codó,2017,Nº 5 - 11/10/2017
2103406,MA,Coelho Neto,2026,Nº 23 - 26/05/2026
2103505,MA,Colinas,2018,Nº 4 - 17/04/2018
2103554,MA,Conceição do Lago-Açu,2021,Nº 1 - 12/01/2021
2103604,MA,Coroatá,2024,Nº 10 - 30/09/2024
2103703,MA,Cururupu,2024,Nº 7 - 21/06/2024
2103752,MA,Davinópolis,2016,Nº 3 - 20/05/2016
2103802,MA,Dom Pedro,2024,Nº 03 - 05/04/2024
2103901,MA,Duque Bacelar,2024,Nº 7 - 21/06/2024
2104008,MA,Esperantinópolis,2024,Nº 10 - 30/09/2024
2104057,MA,Estreito,2018,Nº 8 - 19/11/2018
2104073,MA,Feira Nova do Maranhão,2025,Nº 9 - 30/06/2025
2104081,MA,Fernando Falcão,2017,Nº 5 - 11/10/2017
2104099,MA,Formosa da Serra Negra,2016,Nº 6 - 28/10/2016
2104107,MA,Fortaleza dos Nogueiras,2017,Nº 5 - 11/10/2017
2104206,MA,Fortuna,2024,Nº 7 - 21/06/2024
2104305,MA,Godofredo Viana,2025,Nº 12 - 03/09/2025
2104404,MA,Gonçalves Dias,2025,Nº 15 - 31/10/2025
2104552,MA,Governador Edison Lobão,2023,Nº 4 - 21/12/2023
2104628,MA,Governador Luiz Rocha,2024,Nº 12 - 19/11/2024
2104651,MA,Governador Newton Bello,2020,Nº 2 - 08/07/2020
2104677,MA,Governador Nunes Freire,2023,Nº 4 - 21/12/2023
2104701,MA,Graça Aranha,2024,Nº 10 - 30/09/2024
2104800,MA,Grajaú,2018,Nº 8 - 19/11/2018
2104909,MA,Guimarães,2024,Nº 7 - 21/06/2024
2105005,MA,Humberto de Campos,2023,Nº 4 - 21/12/2023
2105104,MA,Icatu,2025,Nº 13 - 17/09/2025
2105153,MA,Igarapé do Meio,2021,Nº 1 - 12/01/2021
2105203,MA,Igarapé Grande,2024,Nº 9 - 20/08/2024
2105302,MA,Imperatriz,2016,Nº 5 - 03/08/2016
2105351,MA,Itaipava do Grajaú,2022,Nº 1 - 24/02/2022
2105401,MA,Itapecuru Mirim,2024,Nº 7 - 21/06/2024
2105427,MA,Itinga do Maranhão,2024,Nº 03 - 05/04/2024
2105450,MA,Jatobá,2025,Nº 12 - 03/09/2025
2105476,MA,Jenipapo dos Vieiras,2017,Nº 5 - 11/10/2017
2105500,MA,João Lisboa,2026,Nº 18 - 13/01/2026
2105609,MA,Joselândia,2016,Nº 3 - 20/05/2016
2105658,MA,Junco do Maranhão,2020,Nº 03 - 15/10/2020
2105708,MA,Lago da Pedra,2024,Nº 03 - 05/04/2024
2105807,MA,Lago do Junco,2020,Nº 03 - 15/10/2020
2105906,MA,Lago Verde,2026,Nº 18 - 13/01/2026
2105922,MA,Lagoa do Mato,2018,Nº 8 - 19/11/2018
2105948,MA,Lago dos Rodrigues,2020,Nº 03 - 15/10/2020
2105963,MA,Lagoa Grande do Maranhão,2020,Nº 03 - 15/10/2020
2105989,MA,Lajeado Novo,2025,Nº 12 - 03/09/2025
2106003,MA,Lima Campos,2020,Nº 2 - 08/07/2020
2106102,MA,Loreto,2024,Nº 10 - 30/09/2024
2106201,MA,Luís Domingues,2025,Nº 9 - 30/06/2025
2106300,MA,Magalhães de Almeida,2024,Nº 4 - 07/05/2024
2106326,MA,Maracaçumé,2018,Nº 4 - 17/04/2018
2106359,MA,Marajá do Sena,2016,Nº 5 - 03/08/2016
2106375,MA,Maranhãozinho,2021,Nº 2 - 25/11/2021
2106409,MA,Mata Roma,2026,Nº 18 - 13/01/2026
2106508,MA,Matinha,2018,Nº 8 - 19/11/2018
2106607,MA,Matões,2020,Nº 03 - 15/10/2020
2106631,MA,Matões do Norte,2016,Nº 3 - 20/05/2016
2106672,MA,Milagres do Maranhão,2020,Nº 2 - 08/07/2020
2106706,MA,Mirador,2017,Nº 5 - 11/10/2017
2106755,MA,Miranda do Norte,2025,Nº 9 - 30/06/2025
2106805,MA,Mirinzal,2024,Nº 4 - 07/05/2024
2107001,MA,Montes Altos,2025,Nº 7 - 28/04/2025
2107100,MA,Morros,2025,Nº 15 - 31/10/2025
2107209,MA,Nina Rodrigues,2024,Nº 03 - 05/04/2024
2107258,MA,Nova Colinas,2022,Nº 1 - 24/02/2022
2107308,MA,Nova Iorque,2018,Nº 9 - 18/12/2018
2107357,MA,Nova Olinda do Maranhão,2025,Nº 2 - 24/02/2025
2107407,MA,Olho d'Água das Cunhãs,2025,Nº 9 - 30/06/2025
2107456,MA,Olinda Nova do Maranhão,2018,Nº 4 - 17/04/2018
2107506,MA,Paço do Lumiar,2016,Nº 5 - 03/08/2016
2107605,MA,Palmeirândia,2024,Nº 6 - 29/05/2024
2107704,MA,Paraibano,2024,Nº 12 - 19/11/2024
2107803,MA,Parnarama,2017,Nº 5 - 11/10/2017
2107902,MA,Passagem Franca,2020,Nº 2 - 08/07/2020
2108009,MA,Pastos Bons,2017,Nº 5 - 11/10/2017
2108058,MA,Paulino Neves,2024,Nº 03 - 05/04/2024
2108108,MA,Paulo Ramos,2024,Nº 4 - 07/05/2024
2108207,MA,Pedreiras,2024,Nº 9 - 20/08/2024
2108256,MA,Pedro do Rosário,2020,Nº 03 - 15/10/2020
2108306,MA,Penalva,2025,Nº 7 - 28/04/2025
2108454,MA,Peritoró,2017,Nº 5 - 11/10/2017
2108504,MA,Pindaré-Mirim,2018,Nº 8 - 19/11/2018
2108603,MA,Pinheiro,2024,Nº 03 - 05/04/2024
2108702,MA,Pio XII,2016,Nº 3 - 20/05/2016
2108801,MA,Pirapemas,2025,Nº 9 - 30/06/2025
2108900,MA,Poção de Pedras,2026,Nº 22 - 29/04/2026
2109007,MA,Porto Franco,2024,Nº 12 - 19/11/2024
2109106,MA,Presidente Dutra,2024,Nº 12 - 19/11/2024
2109205,MA,Presidente Juscelino,2024,Nº 9 - 20/08/2024
2109239,MA,Presidente Médici,2024,Nº 03 - 05/04/2024
2109270,MA,Presidente Sarney,2024,Nº 9 - 20/08/2024
2109304,MA,Presidente Vargas,2026,Nº 23 - 26/05/2026
2109403,MA,Primeira Cruz,2024,Nº 7 - 21/06/2024
2109452,MA,Raposa,2016,Nº 6 - 28/10/2016
2109502,MA,Riachão,2025,Nº 12 - 03/09/2025
2109601,MA,Rosário,2024,Nº 2 - 08/03/2024
2109700,MA,Sambaíba,2024,Nº 4 - 07/05/2024
2109759,MA,Santa Filomena do Maranhão,2018,Nº 4 - 17/04/2018
2109809,MA,Santa Helena,2018,Nº 8 - 19/11/2018
2109908,MA,Santa Inês,2016,Nº 6 - 28/10/2016
2110005,MA,Santa Luzia,2025,Nº 8 - 30/04/2025
2110039,MA,Santa Luzia do Paruá,2024,Nº 2 - 08/03/2024
2110104,MA,Santa Quitéria do Maranhão,2024,Nº 7 - 21/06/2024
2110203,MA,Santa Rita,2025,Nº 8 - 30/04/2025
2110237,MA,Santana do Maranhão,2023,Nº 1 - 30/06/2023
2110278,MA,Santo Amaro do Maranhão,2025,Nº 9 - 30/06/2025
2110302,MA,Santo Antônio dos Lopes,2025,Nº 9 - 30/06/2025
2110401,MA,São Benedito do Rio Preto,2025,Nº 9 - 30/06/2025
2110500,MA,São Bento,2023,Nº 4 - 21/12/2023
2110609,MA,São Bernardo,2026,Nº 21 - 30/03/2026
2110658,MA,São Domingos do Azeitão,2025,Nº 13 - 17/09/2025
2110708,MA,São Domingos do Maranhão,2018,Nº 9 - 18/12/2018
2110807,MA,São Félix de Balsas,2024,Nº 10 - 30/09/2024
2110856,MA,São Francisco do Brejão,2023,Nº 1 - 30/06/2023
2110906,MA,São Francisco do Maranhão,2020,Nº 03 - 15/10/2020
2111003,MA,São João Batista,2025,Nº 9 - 30/06/2025
2111029,MA,São João do Carú,2021,Nº 1 - 12/01/2021
2111078,MA,São João do Soter,2016,Nº 6 - 28/10/2016
2111201,MA,São José de Ribamar,2024,Nº 2 - 08/03/2024
2111250,MA,São José dos Basílios,2025,Nº 13 - 17/09/2025
2111300,MA,São Luís,2014,Nº 4 - 20/03/2014
2111508,MA,São Mateus do Maranhão,2018,Nº 8 - 19/11/2018
2111532,MA,São Pedro da Água Branca,2025,Nº 8 - 30/04/2025
2111573,MA,São Pedro dos Crentes,2016,Nº 5 - 03/08/2016
2111607,MA,São Raimundo das Mangabeiras,2018,Nº 9 - 18/12/2018
2111631,MA,São Raimundo do Doca Bezerra,2025,Nº 8 - 30/04/2025
2111672,MA,São Roberto,2021,Nº 1 - 12/01/2021
2111706,MA,São Vicente Ferrer,2024,Nº 9 - 20/08/2024
2111722,MA,Satubinha,2020,Nº 03 - 15/10/2020
2111763,MA,Senador La Rocque,2018,Nº 8 - 19/11/2018
2111789,MA,Serrano do Maranhão,2020,Nº 03 - 15/10/2020
2111805,MA,Sítio Novo,2025,Nº 2 - 24/02/2025
2111904,MA,Sucupira do Norte,2024,Nº 03 - 05/04/2024
2111953,MA,Sucupira do Riachão,2026,Nº 22 - 29/04/2026
2112100,MA,Timbiras,2023,Nº 4 - 21/12/2023
2112209,MA,Timon,2014,Nº 8 - 27/11/2014
2112233,MA,Trizidela do Vale,2025,Nº 7 - 28/04/2025
2112274,MA,Tufilândia,2017,Nº 5 - 11/10/2017
2112308,MA,Tuntum,2024,Nº 2 - 08/03/2024
2112407,MA,Turiaçu,2026,Nº 23 - 26/05/2026
2112456,MA,Turilândia,2025,Nº 15 - 31/10/2025
2112506,MA,Tutóia,2016,Nº 6 - 28/10/2016
2112704,MA,Vargem Grande,2017,Nº 5 - 11/10/2017
2112803,MA,Viana,2018,Nº 8 - 19/11/2018
2112852,MA,Vila Nova dos Martírios,2025,Nº 7 - 28/04/2025
2112902,MA,Vitória do Mearim,2025,Nº 2 - 24/02/2025
2113009,MA,Vitorino Freire,2024,Nº 03 - 05/04/2024
2114007,MA,Zé Doca,2024,Nº 13 - 13/12/2024
3100203,MG,Abaeté,2024,Nº 8 - 03/07/2024
3100302,MG,Abre Campo,2025,Nº 2 - 24/02/2025
3100401,MG,Acaiaca,2025,Nº 2 - 24/02/2025
3100500,MG,Açucena,2024,Nº 2 - 08/03/2024
3100609,MG,Água Boa,2024,Nº 7 - 21/06/2024
3100906,MG,Águas Formosas,2025,Nº 9 - 30/06/2025
3101706,MG,Almenara,2024,Nº 7 - 21/06/2024
3101904,MG,Alpinópolis,2026,Nº 26 - 26/07/2026
3102209,MG,Alvarenga,2023,Nº 1 - 30/06/2023
3102704,MG,Cachoeira de Pajeú,2024,Nº 10 - 30/09/2024
3102852,MG,Angelândia,2024,Nº 2 - 08/03/2024
3103504,MG,Araguari,2025,Nº 2 - 24/02/2025
3103702,MG,Araponga,2025,Nº 13 - 17/09/2025
3104205,MG,Arcos,2025,Nº 8 - 30/04/2025
3104304,MG,Areado,2025,Nº 2 - 24/02/2025
3104403,MG,Argirita,2026,Nº 22 - 29/04/2026
3104452,MG,Aricanduva,2025,Nº 2 - 24/02/2025
3105202,MG,Bandeira,2024,Nº 9 - 20/08/2024
3106200,MG,Belo Horizonte,2017,Nº 2 - 10/02/2017
3106507,MG,Berilo,2025,Nº 2 - 24/02/2025
3106705,MG,Betim,2026,Nº 26 - 26/07/2026
3107000,MG,Biquinhas,2024,Nº 6 - 29/05/2024
3107109,MG,Boa Esperança,2025,Nº 14 - 16/10/2025
3107307,MG,Bocaiúva,2024,Nº 2 - 08/03/2024
3107406,MG,Bom Despacho,2026,Nº 22 - 29/04/2026
3107802,MG,Bom Jesus do Galho,2025,Nº 2 - 24/02/2025
3108206,MG,Bonfinópolis de Minas,2025,Nº 2 - 24/02/2025
3108255,MG,Bonito de Minas,2025,Nº 2 - 24/02/2025
3108503,MG,Botumirim,2026,Nº 22 - 29/04/2026
3108602,MG,Brasília de Minas,2025,Nº 8 - 30/04/2025
3109006,MG,Brumadinho,2024,Nº 6 - 29/05/2024
3109253,MG,Bugre,2021,Nº 2 - 25/11/2021
3109303,MG,Buritis,2026,Nº 23 - 26/05/2026
3109402,MG,Buritizeiro,2025,Nº 7 - 28/04/2025
3109501,MG,Cabo Verde,2026,Nº 26 - 26/07/2026
3110806,MG,Campanário,2026,N° 28 - 26/08/2026
3111002,MG,Campestre,2026,Nº 23 - 26/05/2026
3111150,MG,Campo Azul,2026,N° 27 - 04/08/2026
3111200,MG,Campo Belo,2026,Nº 23 - 26/05/2026
3111309,MG,Campo do Meio,2025,Nº 2 - 24/02/2025
3112307,MG,Capelinha,2024,Nº 2 - 08/03/2024
3112653,MG,Capitão Andrade,2026,Nº 22 - 29/04/2026
3112703,MG,Capitão Enéas,2026,Nº 23 - 26/05/2026
3113008,MG,Caraí,2024,Nº 2 - 08/03/2024
3113305,MG,Carangola,2024,Nº 10 - 30/09/2024
3113404,MG,Caratinga,2017,Nº 2 - 10/02/2017
3113503,MG,Carbonita,2024,Nº 6 - 29/05/2024
3113800,MG,Carmésia,2025,Nº 2 - 24/02/2025
3114501,MG,Carmópolis de Minas,2024,Nº 2 - 08/03/2024
3115102,MG,Cássia,2025,Nº 17 - 31/12/2025
3115458,MG,Catuji,2024,Nº 2 - 08/03/2024
3115474,MG,Catuti,2025,Nº 2 - 24/02/2025
3116001,MG,Chalé,2026,Nº 22 - 29/04/2026
3116100,MG,Chapada do Norte,2024,Nº 12 - 19/11/2024
3116159,MG,Chapada Gaúcha,2025,Nº 7 - 28/04/2025
3116308,MG,Cipotânea,2025,Nº 7 - 28/04/2025
3116803,MG,Coluna,2026,Nº 22 - 29/04/2026
3117009,MG,Comercinho,2024,Nº 10 - 30/09/2024
3117306,MG,Conceição das Alagoas,2026,N° 27 - 04/08/2026
3117405,MG,Conceição de Ipanema,2025,Nº 17 - 31/12/2025
3117504,MG,Conceição do Mato Dentro,2026,N° 28 - 26/08/2026
3118403,MG,Conselheiro Pena,2021,Nº 2 - 25/11/2021
3118601,MG,Contagem,2014,Nº 4 - 20/03/2014
3119401,MG,Coronel Fabriciano,2022,Nº 1 - 24/02/2022
3119500,MG,Coronel Murta,2024,Nº 12 - 19/11/2024
3120003,MG,Córrego Novo,2021,Nº 2 - 25/11/2021
3120151,MG,Crisólita,2025,Nº 2 - 24/02/2025
3120870,MG,Curral de Dentro,2025,Nº 13 - 17/09/2025
3121605,MG,Diamantina,2024,Nº 5 - 09/05/2024
3121803,MG,Dionísio,2026,Nº 26 - 26/07/2026
3122207,MG,Divinolândia de Minas,2025,Nº 13 - 17/09/2025
3122306,MG,Divinópolis,2022,Nº 2 - 05/05/2022
3122504,MG,Dom Cavati,2025,Nº 8 - 30/04/2025
3122603,MG,Dom Joaquim,2025,Nº 2 - 24/02/2025
3123106,MG,Dores de Guanhães,2026,N° 28 - 26/08/2026
3123304,MG,Dores do Turvo,2026,Nº 26 - 26/07/2026
3123528,MG,Durandé,2025,Nº 9 - 30/06/2025
3123700,MG,Engenheiro Caldas,2022,Nº 4 - 20/07/2022
3123809,MG,Engenheiro Navarro,2024,Nº 9 - 20/08/2024
3123858,MG,Entre Folhas,2024,Nº 2 - 08/03/2024
3125408,MG,Felício dos Santos,2025,Nº 9 - 30/06/2025
3125507,MG,São Gonçalo do Rio Preto,2024,Nº 8 - 03/07/2024
3125606,MG,Felisburgo,2025,Nº 7 - 28/04/2025
3125952,MG,Fervedouro,2026,Nº 26 - 26/07/2026
3126109,MG,Formiga,2021,Nº 2 - 25/11/2021
3126208,MG,Formoso,2025,Nº 2 - 24/02/2025
3126505,MG,Francisco Badaró,2025,Nº 14 - 16/10/2025
3126802,MG,Frei Gaspar,2024,Nº 8 - 03/07/2024
3126950,MG,Frei Lagonegro,2024,Nº 2 - 08/03/2024
3127073,MG,Fruta de Leite,2024,Nº 2 - 08/03/2024
3127339,MG,Gameleiras,2024,Nº 4 - 07/05/2024
3127354,MG,Glaucilândia,2024,Nº 9 - 20/08/2024
3127503,MG,Gonzaga,2024,Nº 6 - 29/05/2024
3127701,MG,Governador Valadares,2022,Nº 5 - 09/09/2022
3128006,MG,Guanhães,2025,Nº 2 - 24/02/2025
3128204,MG,Guaraciaba,2024,Nº 10 - 30/09/2024
3128253,MG,Guaraciama,2024,Nº 4 - 07/05/2024
3128709,MG,Guaxupé,2024,Nº 9 - 20/08/2024
3129004,MG,Guiricema,2026,N° 27 - 04/08/2026
3129301,MG,Iapu,2021,Nº 2 - 25/11/2021
3129657,MG,Ibiracatu,2026,Nº 22 - 29/04/2026
3130101,MG,Igarapé,2024,Nº 9 - 20/08/2024
3130556,MG,Imbé de Minas,2022,Nº 2 - 05/05/2022
3130655,MG,Indaiabira,2024,Nº 10 - 30/09/2024
3130903,MG,Inhapim,2022,Nº 3 - 30/06/2022
3131158,MG,Ipaba,2021,Nº 2 - 25/11/2021
3131307,MG,Ipatinga,2023,Nº 4 - 21/12/2023
3131703,MG,Itabira,2022,Nº 4 - 20/07/2022
3132107,MG,Itacarambi,2024,Nº 8 - 03/07/2024
3132206,MG,Itaguara,2026,Nº 22 - 29/04/2026
3132305,MG,Itaipé,2024,Nº 12 - 19/11/2024
3132503,MG,Itamarandiba,2025,Nº 2 - 24/02/2025
3132602,MG,Itamarati de Minas,2025,Nº 7 - 28/04/2025
3132701,MG,Itambacuri,2025,Nº 17 - 31/12/2025
3133303,MG,Itaobim,2024,Nº 12 - 19/11/2024
3134004,MG,Itinga,2025,Nº 2 - 24/02/2025
3134103,MG,Itueta,2026,Nº 23 - 26/05/2026
3134608,MG,Jaboticatubas,2026,Nº 22 - 29/04/2026
3134707,MG,Jacinto,2025,Nº 9 - 30/06/2025
3135050,MG,Jaíba,2024,Nº 03 - 05/04/2024
3135076,MG,Jampruca,2025,Nº 5 - 25/03/2025
3135100,MG,Janaúba,2025,Nº 9 - 30/06/2025
3135209,MG,Januária,2026,N° 27 - 04/08/2026
3135357,MG,Japonvar,2024,Nº 4 - 07/05/2024
3135456,MG,Jenipapo de Minas,2026,Nº 23 - 26/05/2026
3135506,MG,Jequeri,2026,Nº 26 - 26/07/2026
3135803,MG,Jequitinhonha,2017,Nº 2 - 10/02/2017
3136009,MG,Joaíma,2024,Nº 5 - 09/05/2024
3136504,MG,Jordânia,2024,Nº 12 - 19/11/2024
3136520,MG,José Gonçalves de Minas,2026,Nº 26 - 26/07/2026
3136553,MG,José Raydan,2022,Nº 4 - 20/07/2022
3136579,MG,Josenópolis,2024,Nº 2 - 08/03/2024
3136702,MG,Juiz de Fora,2017,Nº 5 - 11/10/2017
3137007,MG,Ladainha,2024,Nº 4 - 07/05/2024
3138203,MG,Lavras,2026,Nº 22 - 29/04/2026
3138351,MG,Leme do Prado,2026,N° 27 - 04/08/2026
3138658,MG,Lontra,2024,Nº 9 - 20/08/2024
3138682,MG,Luislândia,2024,Nº 9 - 20/08/2024
3138906,MG,Machacalis,2025,Nº 13 - 17/09/2025
3139201,MG,Malacacheta,2025,Nº 2 - 24/02/2025
3139300,MG,Manga,2025,Nº 17 - 31/12/2025
3139409,MG,Manhuaçu,2021,Nº 2 - 25/11/2021
3140001,MG,Mariana,2026,N° 27 - 04/08/2026
3140506,MG,Martinho Campos,2026,N° 28 - 26/08/2026
3140555,MG,Mata Verde,2026,Nº 23 - 26/05/2026
3141702,MG,Mesquita,2023,Nº 4 - 21/12/2023
3141801,MG,Minas Novas,2025,Nº 9 - 30/06/2025
3142007,MG,Mirabela,2024,Nº 8 - 03/07/2024
3142106,MG,Miradouro,2025,Nº 5 - 25/03/2025
3142700,MG,Montalvânia,2026,N° 28 - 26/08/2026
3142908,MG,Monte Azul,2025,Nº 2 - 24/02/2025
3143450,MG,Montezuma,2025,Nº 14 - 16/10/2025
3143906,MG,Muriaé,2025,Nº 15 - 31/10/2025
3144656,MG,Ninheira,2025,Nº 17 - 31/12/2025
3144672,MG,Nova Belém,2026,Nº 22 - 29/04/2026
3144904,MG,Nova Módica,2025,Nº 13 - 17/09/2025
3145059,MG,Nova Porteirinha,2025,Nº 13 - 17/09/2025
3145307,MG,Novo Cruzeiro,2024,Nº 2 - 08/03/2024
3145356,MG,Novo Oriente de Minas,2024,Nº 9 - 20/08/2024
3145455,MG,Olhos-d'Água,2024,Nº 2 - 08/03/2024
3145851,MG,Oratórios,2026,Nº 26 - 26/07/2026
3146107,MG,Ouro Preto,2025,Nº 2 - 24/02/2025
3146206,MG,Ouro Verde de Minas,2024,Nº 2 - 08/03/2024
3146255,MG,Padre Carvalho,2026,Nº 26 - 26/07/2026
3146552,MG,Pai Pedro,2025,Nº 2 - 24/02/2025
3147006,MG,Paracatu,2024,Nº 2 - 08/03/2024
3147204,MG,Paraguaçu,2025,Nº 2 - 24/02/2025
3147907,MG,Passos,2024,Nº 13 - 13/12/2024
3148301,MG,Paula Cândido,2025,Nº 9 - 30/06/2025
3148608,MG,Peçanha,2022,Nº 4 - 20/07/2022
3148707,MG,Pedra Azul,2025,Nº 13 - 17/09/2025
3148806,MG,Pedra do Anta,2026,Nº 22 - 29/04/2026
3149150,MG,Pedras de Maria da Cruz,2026,Nº 22 - 29/04/2026
3149903,MG,Perdões,2025,Nº 14 - 16/10/2025
3149952,MG,Periquito,2026,N° 28 - 26/08/2026
3150000,MG,Pescador,2025,Nº 9 - 30/06/2025
3150158,MG,Piedade de Caratinga,2021,Nº 2 - 25/11/2021
3150539,MG,Pingo-d'Água,2021,Nº 2 - 25/11/2021
3150570,MG,Pintópolis,2025,Nº 14 - 16/10/2025
3151206,MG,Pirapora,2026,N° 28 - 26/08/2026
3151503,MG,Piumhi,2023,Nº 4 - 21/12/2023
3151800,MG,Poços de Caldas,2014,Nº 4 - 20/03/2014
3151909,MG,Pocrane,2025,Nº 9 - 30/06/2025
3152006,MG,Pompéu,2024,Nº 2 - 08/03/2024
3152105,MG,Ponte Nova,2025,Nº 9 - 30/06/2025
3152131,MG,Ponto Chique,2024,Nº 8 - 03/07/2024
3152204,MG,Porteirinha,2024,Nº 9 - 20/08/2024
3153301,MG,Presidente Kubitschek,2025,Nº 2 - 24/02/2025
3154002,MG,Raul Soares,2024,Nº 6 - 29/05/2024
3154309,MG,Resplendor,2025,Nº 9 - 30/06/2025
3154606,MG,Ribeirão das Neves,2017,Nº 2 - 10/02/2017
3154903,MG,Rio Casca,2025,Nº 14 - 16/10/2025
3155009,MG,Rio Doce,2026,N° 27 - 04/08/2026
3155108,MG,Rio do Prado,2025,Nº 9 - 30/06/2025
3155603,MG,Rio Pardo de Minas,2025,Nº 8 - 30/04/2025
3156007,MG,Rio Vermelho,2024,Nº 12 - 19/11/2024
3156502,MG,Rubelita,2025,Nº 13 - 17/09/2025
3156601,MG,Rubim,2024,Nº 8 - 03/07/2024
3156700,MG,Sabará,2026,Nº 23 - 26/05/2026
3156809,MG,Sabinópolis,2026,Nº 23 - 26/05/2026
3156908,MG,Sacramento,2026,Nº 26 - 26/07/2026
3157005,MG,Salinas,2024,Nº 9 - 20/08/2024
3157377,MG,Santa Cruz de Salinas,2025,Nº 9 - 30/06/2025
3157658,MG,Santa Helena de Minas,2025,Nº 13 - 17/09/2025
3157807,MG,Santa Luzia,2025,Nº 9 - 30/06/2025
3158102,MG,Santa Maria do Salto,2025,Nº 7 - 28/04/2025
3158201,MG,Santa Maria do Suaçuí,2022,Nº 7 - 29/11/2022
3158904,MG,Santana do Manhuaçu,2026,Nº 23 - 26/05/2026
3158953,MG,Santana do Paraíso,2021,Nº 2 - 25/11/2021
3159001,MG,Santana do Riacho,2024,Nº 7 - 21/06/2024
3159357,MG,Santa Rita de Minas,2024,Nº 9 - 20/08/2024
3159506,MG,Santa Rita do Itueto,2026,Nº 26 - 26/07/2026
3159605,MG,Santa Rita do Sapucaí,2026,Nº 23 - 26/05/2026
3159902,MG,Santo Antônio do Amparo,2026,Nº 23 - 26/05/2026
3160207,MG,Santo Antônio do Itambé,2024,Nº 10 - 30/09/2024
3160306,MG,Santo Antônio do Jacinto,2025,Nº 9 - 30/06/2025
3160959,MG,São Domingos das Dores,2024,Nº 2 - 08/03/2024
3161056,MG,São Félix de Minas,2025,Nº 9 - 30/06/2025
3161601,MG,São Geraldo da Piedade,2026,Nº 22 - 29/04/2026
3162104,MG,São Gotardo,2025,Nº 9 - 30/06/2025
3162401,MG,São João da Ponte,2024,Nº 03 - 05/04/2024
3162450,MG,São João das Missões,2024,Nº 13 - 13/12/2024
3162500,MG,São João del Rei,2024,Nº 8 - 03/07/2024
3162609,MG,São João do Oriente,2024,Nº 9 - 20/08/2024
3162708,MG,São João do Paraíso,2024,Nº 9 - 20/08/2024
3163508,MG,São José do Jacuri,2024,Nº 12 - 19/11/2024
3164001,MG,São Pedro dos Ferros,2025,Nº 7 - 28/04/2025
3164100,MG,São Pedro do Suaçuí,2026,Nº 26 - 26/07/2026
3164209,MG,São Romão,2024,Nº 8 - 03/07/2024
3164472,MG,São Sebastião do Anta,2022,Nº 4 - 20/07/2022
3164506,MG,São Sebastião do Maranhão,2025,Nº 14 - 16/10/2025
3165503,MG,Sardoá,2026,N° 28 - 26/08/2026
3165552,MG,Setubinha,2024,Nº 8 - 03/07/2024
3165560,MG,Sem-Peixe,2026,Nº 22 - 29/04/2026
3165701,MG,Senador Firmino,2025,Nº 17 - 31/12/2025
3165909,MG,Senador Modestino Gonçalves,2024,Nº 9 - 20/08/2024
3166501,MG,Serra Azul de Minas,2025,Nº 2 - 24/02/2025
3167103,MG,Serro,2025,Nº 2 - 24/02/2025
3167202,MG,Sete Lagoas,2026,N° 27 - 04/08/2026
3167608,MG,Simonésia,2022,Nº 4 - 20/07/2022
3168002,MG,Taiobeiras,2026,Nº 22 - 29/04/2026
3168051,MG,Taparuba,2023,Nº 1 - 30/06/2023
3168705,MG,Timóteo,2026,Nº 22 - 29/04/2026
3169307,MG,Três Corações,2024,Nº 9 - 20/08/2024
3169356,MG,Três Marias,2024,Nº 2 - 08/03/2024
3169505,MG,Tumiritinga,2025,Nº 5 - 25/03/2025
3169703,MG,Turmalina,2025,Nº 2 - 24/02/2025
3169901,MG,Ubá,2024,Nº 9 - 20/08/2024
3170057,MG,Ubaporanga,2021,Nº 2 - 25/11/2021
3170107,MG,Uberaba,2017,Nº 2 - 10/02/2017
3170206,MG,Uberlândia,2024,Nº 8 - 03/07/2024
3170404,MG,Unaí,2025,Nº 7 - 28/04/2025
3170503,MG,Urucânia,2024,Nº 10 - 30/09/2024
3170578,MG,Vargem Alegre,2021,Nº 2 - 25/11/2021
3170651,MG,Vargem Grande do Rio Pardo,2026,Nº 22 - 29/04/2026
3170701,MG,Varginha,2025,Nº 2 - 24/02/2025
3170909,MG,Varzelândia,2025,Nº 2 - 24/02/2025
3171071,MG,Veredinha,2024,Nº 6 - 29/05/2024
3171154,MG,Vermelho Novo,2021,Nº 2 - 25/11/2021
3171303,MG,Viçosa,2025,Nº 8 - 30/04/2025
3171501,MG,Mathias Lobato,2025,Nº 13 - 17/09/2025
3171600,MG,Virgem da Lapa,2025,Nº 13 - 17/09/2025
5000609,MS,Amambai,2025,Nº 8 - 30/04/2025
5000708,MS,Anastácio,2025,Nº 9 - 30/06/2025
5000807,MS,Anaurilândia,2025,Nº 7 - 28/04/2025
5000906,MS,Antônio João,2026,Nº 25 - 26/06/2026
5001102,MS,Aquidauana,2025,Nº 9 - 30/06/2025
5001243,MS,Aral Moreira,2025,Nº 9 - 30/06/2025
5002159,MS,Bodoquena,2025,Nº 7 - 28/04/2025
5002308,MS,Brasilândia,2025,Nº 10 - 10/07/2025
5002407,MS,Caarapó,2025,Nº 8 - 30/04/2025
5002704,MS,Campo Grande,2024,Nº 4 - 07/05/2024
5002951,MS,Chapadão do Sul,2025,Nº 8 - 30/04/2025
5003207,MS,Corumbá,2024,Nº 4 - 07/05/2024
5003504,MS,Douradina,2025,Nº 9 - 30/06/2025
5003702,MS,Dourados,2024,Nº 9 - 20/08/2024
5003751,MS,Eldorado,2024,Nº 12 - 19/11/2024
5003801,MS,Fátima do Sul,2025,Nº 7 - 28/04/2025
5004007,MS,Glória de Dourados,2025,Nº 8 - 30/04/2025
5004304,MS,Iguatemi,2024,Nº 12 - 19/11/2024
5004403,MS,Inocência,2025,Nº 9 - 30/06/2025
5004601,MS,Itaquiraí,2025,Nº 8 - 30/04/2025
5004809,MS,Japorã,2025,Nº 5 - 25/03/2025
5005004,MS,Jardim,2025,Nº 7 - 28/04/2025
5005152,MS,Juti,2025,Nº 9 - 30/06/2025
5005400,MS,Maracaju,2025,Nº 9 - 30/06/2025
5005707,MS,Naviraí,2025,Nº 7 - 28/04/2025
5006002,MS,Nova Alvorada do Sul,2025,Nº 9 - 30/06/2025
5006358,MS,Paranhos,2025,Nº 9 - 30/06/2025
5006606,MS,Ponta Porã,2025,Nº 9 - 30/06/2025
5007208,MS,Rio Brilhante,2024,Nº 13 - 13/12/2024
5007554,MS,Santa Rita do Pardo,2025,Nº 6 - 02/04/2025
5007950,MS,Tacuru,2024,Nº 12 - 19/11/2024
5008008,MS,Terenos,2026,Nº 25 - 26/06/2026
5008404,MS,Vicentina,2026,Nº 25 - 26/06/2026
5100201,MT,Água Boa,2025,Nº 8 - 30/04/2025
5100250,MT,Alta Floresta,2026,Nº 25 - 26/06/2026
5100359,MT,Alto Boa Vista,2025,Nº 8 - 30/04/2025
5100607,MT,Alto Taquari,2025,Nº 9 - 30/06/2025
5100805,MT,Apiacás,2025,Nº 8 - 30/04/2025
5101704,MT,Barra do Bugres,2025,Nº 12 - 03/09/2025
5101803,MT,Barra do Garças,2026,Nº 25 - 26/06/2026
5101837,MT,Bom Jesus do Araguaia,2025,Nº 8 - 30/04/2025
5101902,MT,Brasnorte,2025,Nº 8 - 30/04/2025
5102702,MT,Canarana,2025,Nº 8 - 30/04/2025
5103403,MT,Cuiabá,2026,Nº 25 - 26/06/2026
5103700,MT,Feliz Natal,2025,Nº 12 - 03/09/2025
5103809,MT,Figueirópolis D'Oeste,2025,Nº 8 - 30/04/2025
5103858,MT,Gaúcha do Norte,2025,Nº 13 - 17/09/2025
5104559,MT,Itaúba,2026,Nº 26 - 26/07/2026
5104807,MT,Jaciara,2026,Nº 25 - 26/06/2026
5105101,MT,Juara,2026,Nº 25 - 26/06/2026
5105176,MT,Juruena,2025,Nº 4 - 20/03/2025
5105259,MT,Lucas do Rio Verde,2025,Nº 8 - 30/04/2025
5105309,MT,Luciara,2026,Nº 25 - 26/06/2026
5105580,MT,Marcelândia,2025,Nº 2 - 24/02/2025
5105606,MT,Matupá,2026,Nº 25 - 26/06/2026
5106109,MT,Nossa Senhora do Livramento,2025,Nº 8 - 30/04/2025
5106182,MT,Nova Lacerda,2025,Nº 8 - 30/04/2025
5106224,MT,Nova Mutum,2026,N° 28 - 26/08/2026
5106265,MT,Novo Mundo,2026,Nº 25 - 26/06/2026
5106299,MT,Paranaíta,2026,Nº 26 - 26/07/2026
5106455,MT,Planalto da Serra,2026,Nº 25 - 26/06/2026
5106505,MT,Poconé,2025,Nº 8 - 30/04/2025
5107065,MT,Querência,2026,Nº 25 - 26/06/2026
5107107,MT,São José dos Quatro Marcos,2026,Nº 25 - 26/06/2026
5107602,MT,Rondonópolis,2026,Nº 26 - 26/07/2026
5107800,MT,Santo Antônio do Leverger,2025,Nº 8 - 30/04/2025
5107883,MT,Serra Nova Dourada,2026,Nº 25 - 26/06/2026
5107909,MT,Sinop,2026,N° 28 - 26/08/2026
5107925,MT,Sorriso,2025,Nº 7 - 28/04/2025
5107958,MT,Tangará da Serra,2025,Nº 14 - 16/10/2025
5108303,MT,União do Sul,2025,Nº 8 - 30/04/2025
5108501,MT,Vera,2026,Nº 25 - 26/06/2026
5108956,MT,Nova Monte Verde,2025,Nº 8 - 30/04/2025
1500107,PA,Abaetetuba,2023,Nº 1 - 30/06/2023
1500206,PA,Acará,2023,Nº 4 - 21/12/2023
1500305,PA,Afuá,2025,Nº 6 - 02/04/2025
1500347,PA,Água Azul do Norte,2026,Nº 18 - 13/01/2026
1500404,PA,Alenquer,2024,Nº 4 - 07/05/2024
1500503,PA,Almeirim,2024,Nº 2 - 08/03/2024
1500602,PA,Altamira,2024,Nº 12 - 19/11/2024
1500701,PA,Anajás,2024,Nº 03 - 05/04/2024
1500800,PA,Ananindeua,2024,Nº 2 - 08/03/2024
1500859,PA,Anapu,2026,Nº 25 - 26/06/2026
1500909,PA,Augusto Corrêa,2014,Nº 4 - 20/03/2014
1500958,PA,Aurora do Pará,2024,Nº 03 - 05/04/2024
1501105,PA,Bagre,2025,Nº 3 - 28/02/2025
1501204,PA,Baião,2024,Nº 2 - 08/03/2024
1501303,PA,Barcarena,2023,Nº 4 - 21/12/2023
1501402,PA,Belém,2024,Nº 2 - 08/03/2024
1501451,PA,Belterra,2023,Nº 4 - 21/12/2023
1501501,PA,Benevides,2023,Nº 4 - 21/12/2023
1501576,PA,Bom Jesus do Tocantins,2024,Nº 9 - 20/08/2024
1501600,PA,Bonito,2026,Nº 22 - 29/04/2026
1501709,PA,Bragança,2014,Nº 4 - 20/03/2014
1501725,PA,Brasil Novo,2023,Nº 4 - 21/12/2023
1501758,PA,Brejo Grande do Araguaia,2024,Nº 12 - 19/11/2024
1501782,PA,Breu Branco,2023,Nº 4 - 21/12/2023
1501808,PA,Breves,2023,Nº 4 - 21/12/2023
1501907,PA,Bujaru,2018,Nº 9 - 18/12/2018
1501956,PA,Cachoeira do Piriá,2023,Nº 4 - 21/12/2023
1502004,PA,Cachoeira do Arari,2024,Nº 9 - 20/08/2024
1502103,PA,Cametá,2024,Nº 9 - 20/08/2024
1502152,PA,Canaã dos Carajás,2026,N° 28 - 26/08/2026
1502202,PA,Capanema,2025,Nº 3 - 28/02/2025
1502301,PA,Capitão Poço,2024,Nº 2 - 08/03/2024
1502400,PA,Castanhal,2024,Nº 9 - 20/08/2024
1502509,PA,Chaves,2023,Nº 4 - 21/12/2023
1502608,PA,Colares,2024,Nº 12 - 19/11/2024
1502756,PA,Concórdia do Pará,2022,Nº 6 - 04/10/2022
1502772,PA,Curionópolis,2025,Nº 12 - 03/09/2025
1502806,PA,Curralinho,2024,Nº 03 - 05/04/2024
1502905,PA,Curuçá,2025,Nº 9 - 30/06/2025
1502939,PA,Dom Eliseu,2024,Nº 12 - 19/11/2024
1502954,PA,Eldorado do Carajás,2023,Nº 1 - 30/06/2023
1503002,PA,Faro,2024,Nº 2 - 08/03/2024
1503044,PA,Floresta do Araguaia,2023,Nº 1 - 30/06/2023
1503077,PA,Garrafão do Norte,2024,Nº 2 - 08/03/2024
1503093,PA,Goianésia do Pará,2025,Nº 12 - 03/09/2025
1503101,PA,Gurupá,2024,Nº 2 - 08/03/2024
1503200,PA,Igarapé-Açu,2024,Nº 9 - 20/08/2024
1503309,PA,Igarapé-Miri,2024,Nº 03 - 05/04/2024
1503408,PA,Inhangapi,2024,Nº 2 - 08/03/2024
1503457,PA,Ipixuna do Pará,2024,Nº 12 - 19/11/2024
1503507,PA,Irituia,2023,Nº 1 - 30/06/2023
1503606,PA,Itaituba,2023,Nº 4 - 21/12/2023
1503705,PA,Itupiranga,2024,Nº 03 - 05/04/2024
1503754,PA,Jacareacanga,2025,Nº 9 - 30/06/2025
1503804,PA,Jacundá,2025,Nº 2 - 24/02/2025
1503903,PA,Juruti,2025,Nº 14 - 16/10/2025
1504000,PA,Limoeiro do Ajuru,2023,Nº 4 - 21/12/2023
1504059,PA,Mãe do Rio,2024,Nº 2 - 08/03/2024
1504109,PA,Magalhães Barata,2024,Nº 12 - 19/11/2024
1504208,PA,Marabá,2024,Nº 2 - 08/03/2024
1504307,PA,Maracanã,2024,Nº 2 - 08/03/2024
1504406,PA,Marapanim,2024,Nº 2 - 08/03/2024
1504422,PA,Marituba,2025,Nº 9 - 30/06/2025
1504455,PA,Medicilândia,2024,Nº 03 - 05/04/2024
1504505,PA,Melgaço,2024,Nº 2 - 08/03/2024
1504604,PA,Mocajuba,2026,N° 28 - 26/08/2026
1504752,PA,Mojuí dos Campos,2024,Nº 2 - 08/03/2024
1504802,PA,Monte Alegre,2024,Nº 12 - 19/11/2024
1504901,PA,Muaná,2024,Nº 4 - 07/05/2024
1504950,PA,Nova Esperança do Piriá,2022,Nº 6 - 04/10/2022
1504976,PA,Nova Ipixuna,2023,Nº 4 - 21/12/2023
1505007,PA,Nova Timboteua,2023,Nº 4 - 21/12/2023
1505064,PA,Novo Repartimento,2026,N° 28 - 26/08/2026
1505106,PA,Óbidos,2024,Nº 4 - 07/05/2024
1505205,PA,Oeiras do Pará,2024,Nº 2 - 08/03/2024
1505304,PA,Oriximiná,2024,Nº 2 - 08/03/2024
1505403,PA,Ourém,2026,Nº 18 - 13/01/2026
1505437,PA,Ourilândia do Norte,2025,Nº 9 - 30/06/2025
1505486,PA,Pacajá,2024,Nº 2 - 08/03/2024
1505494,PA,Palestina do Pará,2024,Nº 4 - 07/05/2024
1505502,PA,Paragominas,2014,Nº 4 - 20/03/2014
1505536,PA,Parauapebas,2024,Nº 4 - 07/05/2024
1505551,PA,Pau D'Arco,2025,Nº 12 - 03/09/2025
1505601,PA,Peixe-Boi,2024,Nº 12 - 19/11/2024
1505635,PA,Piçarra,2024,Nº 2 - 08/03/2024
1505650,PA,Placas,2024,Nº 2 - 08/03/2024
1505700,PA,Ponta de Pedras,2023,Nº 4 - 21/12/2023
1505809,PA,Portel,2023,Nº 4 - 21/12/2023
1505908,PA,Porto de Moz,2024,Nº 03 - 05/04/2024
1506005,PA,Prainha,2024,Nº 9 - 20/08/2024
1506104,PA,Primavera,2025,Nº 5 - 25/03/2025
1506112,PA,Quatipuru,2025,Nº 4 - 20/03/2025
1506138,PA,Redenção,2026,N° 28 - 26/08/2026
1506187,PA,Rondon do Pará,2023,Nº 1 - 30/06/2023
1506195,PA,Rurópolis,2024,Nº 03 - 05/04/2024
1506203,PA,Salinópolis,2024,Nº 12 - 19/11/2024
1506302,PA,Salvaterra,2024,Nº 03 - 05/04/2024
1506351,PA,Santa Bárbara do Pará,2024,Nº 4 - 07/05/2024
1506401,PA,Santa Cruz do Arari,2024,Nº 4 - 07/05/2024
1506500,PA,Santa Izabel do Pará,2024,Nº 12 - 19/11/2024
1506559,PA,Santa Luzia do Pará,2024,Nº 9 - 20/08/2024
1506583,PA,Santa Maria das Barreiras,2026,Nº 26 - 26/07/2026
1506609,PA,Santa Maria do Pará,2024,Nº 13 - 13/12/2024
1506708,PA,Santana do Araguaia,2026,Nº 26 - 26/07/2026
1506807,PA,Santarém,2024,Nº 2 - 08/03/2024
1506906,PA,Santarém Novo,2022,Nº 7 - 29/11/2022
1507003,PA,Santo Antônio do Tauá,2026,Nº 18 - 13/01/2026
1507102,PA,São Caetano de Odivelas,2024,Nº 2 - 08/03/2024
1507151,PA,São Domingos do Araguaia,2022,Nº 7 - 29/11/2022
1507201,PA,São Domingos do Capim,2023,Nº 4 - 21/12/2023
1507300,PA,São Félix do Xingu,2024,Nº 2 - 08/03/2024
1507409,PA,São Francisco do Pará,2024,Nº 2 - 08/03/2024
1507458,PA,São Geraldo do Araguaia,2024,Nº 2 - 08/03/2024
1507466,PA,São João da Ponta,2022,Nº 7 - 29/11/2022
1507474,PA,São João de Pirabas,2024,Nº 03 - 05/04/2024
1507508,PA,São João do Araguaia,2023,Nº 4 - 21/12/2023
1507607,PA,São Miguel do Guamá,2023,Nº 1 - 30/06/2023
1507706,PA,São Sebastião da Boa Vista,2023,Nº 4 - 21/12/2023
1507805,PA,Senador José Porfírio,2026,Nº 18 - 13/01/2026
1507961,PA,Terra Alta,2025,Nº 9 - 30/06/2025
1507979,PA,Terra Santa,2026,Nº 26 - 26/07/2026
1508001,PA,Tomé-Açu,2024,Nº 4 - 07/05/2024
1508035,PA,Tracuateua,2023,Nº 4 - 21/12/2023
1508050,PA,Trairão,2024,Nº 2 - 08/03/2024
1508084,PA,Tucumã,2022,Nº 6 - 04/10/2022
1508100,PA,Tucuruí,2023,Nº 4 - 21/12/2023
1508126,PA,Ulianópolis,2020,Nº 2 - 08/07/2020
1508159,PA,Uruará,2025,Nº 9 - 30/06/2025
1508209,PA,Vigia,2024,Nº 4 - 07/05/2024
1508308,PA,Viseu,2026,Nº 21 - 30/03/2026
1508357,PA,Vitória do Xingu,2024,Nº 2 - 08/03/2024
1508407,PA,Xinguara,2023,Nº 4 - 21/12/2023
2500106,PB,Água Branca,2026,Nº 23 - 26/05/2026
2500205,PB,Aguiar,2024,Nº 10 - 30/09/2024
2500304,PB,Alagoa Grande,2025,Nº 9 - 30/06/2025
2500403,PB,Alagoa Nova,2026,Nº 18 - 13/01/2026
2500536,PB,Alcantil,2024,Nº 13 - 13/12/2024
2500577,PB,Algodão de Jandaíra,2025,Nº 7 - 28/04/2025
2500700,PB,São João do Rio do Peixe,2019,Nº 01 - 18/03/2019
2500734,PB,Amparo,2021,Nº 2 - 25/11/2021
2500775,PB,Aparecida,2024,Nº 4 - 07/05/2024
2500908,PB,Arara,2024,Nº 9 - 20/08/2024
2501104,PB,Areia,2019,Nº 01 - 18/03/2019
2501153,PB,Areia de Baraúnas,2024,Nº 9 - 20/08/2024
2501203,PB,Areial,2024,Nº 03 - 05/04/2024
2501302,PB,Aroeiras,2024,Nº 7 - 21/06/2024
2501351,PB,Assunção,2020,Nº 2 - 08/07/2020
2501401,PB,Baía da Traição,2025,Nº 12 - 03/09/2025
2501500,PB,Bananeiras,2024,Nº 12 - 19/11/2024
2501575,PB,Barra de Santana,2026,Nº 23 - 26/05/2026
2501609,PB,Barra de Santa Rosa,2024,Nº 7 - 21/06/2024
2501708,PB,Barra de São Miguel,2026,Nº 26 - 26/07/2026
2501807,PB,Bayeux,2021,Nº 2 - 25/11/2021
2502052,PB,Bernardino Batista,2024,Nº 4 - 07/05/2024
2502102,PB,Boa Ventura,2021,Nº 1 - 12/01/2021
2502151,PB,Boa Vista,2021,Nº 2 - 25/11/2021
2502201,PB,Bom Jesus,2024,Nº 10 - 30/09/2024
2502300,PB,Bom Sucesso,2019,Nº 2 - 11/06/2019
2502409,PB,Bonito de Santa Fé,2024,Nº 12 - 19/11/2024
2502508,PB,Boqueirão,2024,Nº 10 - 30/09/2024
2502607,PB,Igaracy,2025,Nº 7 - 28/04/2025
2502706,PB,Borborema,2024,Nº 10 - 30/09/2024
2502904,PB,Brejo dos Santos,2024,Nº 03 - 05/04/2024
2503001,PB,Caaporã,2024,Nº 4 - 07/05/2024
2503100,PB,Cabaceiras,2024,Nº 10 - 30/09/2024
2503209,PB,Cabedelo,2014,Nº 4 - 20/03/2014
2503407,PB,Cacimba de Areia,2024,Nº 10 - 30/09/2024
2503605,PB,Caiçara,2025,Nº 8 - 30/04/2025
2503704,PB,Cajazeiras,2019,Nº 01 - 18/03/2019
2503753,PB,Cajazeirinhas,2024,Nº 13 - 13/12/2024
2503803,PB,Caldas Brandão,2026,Nº 26 - 26/07/2026
2503902,PB,Camalaú,2021,Nº 2 - 25/11/2021
2504009,PB,Campina Grande,2024,Nº 12 - 19/11/2024
2504033,PB,Capim,2026,Nº 18 - 13/01/2026
2504074,PB,Caraúbas,2021,Nº 2 - 25/11/2021
2504108,PB,Carrapateira,2023,Nº 4 - 21/12/2023
2504157,PB,Casserengue,2024,Nº 9 - 20/08/2024
2504207,PB,Catingueira,2025,Nº 15 - 31/10/2025
2504306,PB,Catolé do Rocha,2024,Nº 10 - 30/09/2024
2504355,PB,Caturité,2024,Nº 9 - 20/08/2024
2504504,PB,Condado,2024,Nº 9 - 20/08/2024
2504603,PB,Conde,2024,Nº 03 - 05/04/2024
2504702,PB,Congo,2024,Nº 4 - 07/05/2024
2504801,PB,Coremas,2024,Nº 9 - 20/08/2024
2504850,PB,Coxixola,2024,Nº 7 - 21/06/2024
2505006,PB,Cubati,2024,Nº 11 - 09/10/2024
2505105,PB,Cuité,2025,Nº 7 - 28/04/2025
2505238,PB,Cuité de Mamanguape,2024,Nº 13 - 13/12/2024
2505279,PB,Curral de Cima,2026,Nº 23 - 26/05/2026
2505303,PB,Curral Velho,2024,Nº 9 - 20/08/2024
2505352,PB,Damião,2024,Nº 03 - 05/04/2024
2505501,PB,Vista Serrana,2024,Nº 7 - 21/06/2024
2505709,PB,Dona Inês,2022,Nº 5 - 09/09/2022
2506103,PB,Fagundes,2026,N° 28 - 26/08/2026
2506202,PB,Frei Martinho,2025,Nº 9 - 30/06/2025
2506251,PB,Gado Bravo,2026,Nº 26 - 26/07/2026
2506400,PB,Gurinhém,2020,Nº 2 - 08/07/2020
2506707,PB,Imaculada,2024,Nº 9 - 20/08/2024
2506806,PB,Ingá,2024,Nº 9 - 20/08/2024
2506905,PB,Itabaiana,2024,Nº 13 - 13/12/2024
2507002,PB,Itaporanga,2025,Nº 15 - 31/10/2025
2507101,PB,Itapororoca,2024,Nº 5 - 09/05/2024
2507200,PB,Itatuba,2024,Nº 4 - 07/05/2024
2507309,PB,Jacaraú,2026,Nº 26 - 26/07/2026
2507408,PB,Jericó,2026,Nº 26 - 26/07/2026
2507507,PB,João Pessoa,2014,Nº 4 - 20/03/2014
2507606,PB,Juarez Távora,2024,Nº 12 - 19/11/2024
2507804,PB,Junco do Seridó,2026,Nº 26 - 26/07/2026
2508000,PB,Juru,2024,Nº 7 - 21/06/2024
2508505,PB,Livramento,2024,Nº 7 - 21/06/2024
2508554,PB,Logradouro,2025,Nº 12 - 03/09/2025
2508604,PB,Lucena,2019,Nº 2 - 11/06/2019
2509057,PB,Marcação,2024,Nº 4 - 07/05/2024
2509107,PB,Mari,2025,Nº 8 - 30/04/2025
2509156,PB,Marizópolis,2024,Nº 12 - 19/11/2024
2509206,PB,Massaranduba,2025,Nº 12 - 03/09/2025
2509305,PB,Mataraca,2024,Nº 9 - 20/08/2024
2509602,PB,Monte Horebe,2026,Nº 18 - 13/01/2026
2509701,PB,Monteiro,2014,Nº 8 - 27/11/2014
2509800,PB,Mulungu,2020,Nº 2 - 08/07/2020
2509909,PB,Natuba,2025,Nº 9 - 30/06/2025
2510006,PB,Nazarezinho,2024,Nº 9 - 20/08/2024
2510303,PB,Nova Palmeira,2025,Nº 9 - 30/06/2025
2510501,PB,Olivedos,2024,Nº 10 - 30/09/2024
2510709,PB,Passagem,2019,Nº 2 - 11/06/2019
2510808,PB,Patos,2014,Nº 8 - 27/11/2014
2511103,PB,Pedra Lavrada,2024,Nº 7 - 21/06/2024
2511202,PB,Pedras de Fogo,2024,Nº 7 - 21/06/2024
2511301,PB,Piancó,2024,Nº 10 - 30/09/2024
2511400,PB,Picuí,2019,Nº 01 - 18/03/2019
2511608,PB,Pilões,2025,Nº 12 - 03/09/2025
2511806,PB,Pirpirituba,2024,Nº 13 - 13/12/2024
2511905,PB,Pitimbu,2021,Nº 1 - 12/01/2021
2512002,PB,Pocinhos,2024,Nº 9 - 20/08/2024
2512036,PB,Poço Dantas,2024,Nº 4 - 07/05/2024
2512077,PB,Poço de José de Moura,2025,Nº 9 - 30/06/2025
2512101,PB,Pombal,2019,Nº 01 - 18/03/2019
2512200,PB,Prata,2021,Nº 2 - 25/11/2021
2512309,PB,Princesa Isabel,2024,Nº 12 - 19/11/2024
2512408,PB,Puxinanã,2024,Nº 12 - 19/11/2024
2512507,PB,Queimadas,2024,Nº 9 - 20/08/2024
2512754,PB,Riachão do Bacamarte,2024,Nº 10 - 30/09/2024
2512762,PB,Riachão do Poço,2026,Nº 26 - 26/07/2026
2512903,PB,Rio Tinto,2024,Nº 10 - 30/09/2024
2513000,PB,Salgadinho,2025,Nº 8 - 30/04/2025
2513307,PB,Santa Helena,2019,Nº 01 - 18/03/2019
2513356,PB,Santa Inês,2024,Nº 7 - 21/06/2024
2513406,PB,Santa Luzia,2026,Nº 18 - 13/01/2026
2513505,PB,Santana de Mangueira,2024,Nº 10 - 30/09/2024
2513604,PB,Santana dos Garrotes,2024,Nº 10 - 30/09/2024
2513703,PB,Santa Rita,2025,Nº 12 - 03/09/2025
2513802,PB,Santa Teresinha,2024,Nº 7 - 21/06/2024
2513851,PB,Santo André,2024,Nº 12 - 19/11/2024
2513901,PB,São Bento,2019,Nº 01 - 18/03/2019
2513927,PB,São Bentinho,2024,Nº 10 - 30/09/2024
2513968,PB,São Domingos,2024,Nº 7 - 21/06/2024
2514008,PB,São João do Cariri,2021,Nº 2 - 25/11/2021
2514107,PB,São João do Tigre,2019,Nº 01 - 18/03/2019
2514206,PB,São José da Lagoa Tapada,2024,Nº 9 - 20/08/2024
2514305,PB,São José de Caiana,2024,Nº 7 - 21/06/2024
2514404,PB,São José de Espinharas,2025,Nº 7 - 28/04/2025
2514503,PB,São José de Piranhas,2025,Nº 12 - 03/09/2025
2514552,PB,São José de Princesa,2024,Nº 10 - 30/09/2024
2514602,PB,São José do Bonfim,2024,Nº 9 - 20/08/2024
2514651,PB,São José do Brejo do Cruz,2020,Nº 2 - 08/07/2020
2514800,PB,São José dos Cordeiros,2020,Nº 2 - 08/07/2020
2514909,PB,São Mamede,2024,Nº 10 - 30/09/2024
2515104,PB,São Sebastião de Lagoa de Roça,2024,Nº 7 - 21/06/2024
2515203,PB,São Sebastião do Umbuzeiro,2025,Nº 12 - 03/09/2025
2515302,PB,Sapé,2024,Nº 12 - 19/11/2024
2515401,PB,São Vicente do Seridó,2025,Nº 9 - 30/06/2025
2515500,PB,Serra Branca,2020,Nº 2 - 08/07/2020
2515906,PB,Serraria,2020,Nº 2 - 08/07/2020
2515971,PB,Sobrado,2025,Nº 9 - 30/06/2025
2516102,PB,Soledade,2025,Nº 9 - 30/06/2025
2516151,PB,Sossêgo,2024,Nº 12 - 19/11/2024
2516201,PB,Sousa,2026,Nº 26 - 26/07/2026
2516300,PB,Sumé,2014,Nº 8 - 27/11/2014
2516508,PB,Taperoá,2024,Nº 03 - 05/04/2024
2516706,PB,Teixeira,2024,Nº 12 - 19/11/2024
2516755,PB,Tenório,2024,Nº 7 - 21/06/2024
2516904,PB,Uiraúna,2019,Nº 01 - 18/03/2019
2517001,PB,Umbuzeiro,2024,Nº 10 - 30/09/2024
2517100,PB,Várzea,2024,Nº 9 - 20/08/2024
2517209,PB,Vieirópolis,2025,Nº 7 - 28/04/2025
2517407,PB,Zabelê,2023,Nº 4 - 21/12/2023
2600054,PE,Abreu e Lima,2024,Nº 9 - 20/08/2024
2600104,PE,Afogados da Ingazeira,2024,Nº 03 - 05/04/2024
2600203,PE,Afrânio,2025,Nº 12 - 03/09/2025
2600302,PE,Agrestina,2024,Nº 13 - 13/12/2024
2600401,PE,Água Preta,2025,Nº 12 - 03/09/2025
2600708,PE,Aliança,2026,Nº 25 - 26/06/2026
2600807,PE,Altinho,2025,Nº 5 - 25/03/2025
2600906,PE,Amaraji,2026,N° 28 - 26/08/2026
2601003,PE,Angelim,2025,Nº 15 - 31/10/2025
2601052,PE,Araçoiaba,2025,Nº 5 - 25/03/2025
2601102,PE,Araripina,2025,Nº 2 - 24/02/2025
2601201,PE,Arcoverde,2026,Nº 22 - 29/04/2026
2601300,PE,Barra de Guabiraba,2024,Nº 13 - 13/12/2024
2601409,PE,Barreiros,2024,Nº 9 - 20/08/2024
2601508,PE,Belém de Maria,2025,Nº 9 - 30/06/2025
2601607,PE,Belém do São Francisco,2025,Nº 3 - 28/02/2025
2601706,PE,Belo Jardim,2024,Nº 9 - 20/08/2024
2601805,PE,Betânia,2024,Nº 8 - 03/07/2024
2601904,PE,Bezerros,2025,Nº 9 - 30/06/2025
2602001,PE,Bodocó,2025,Nº 9 - 30/06/2025
2602100,PE,Bom Conselho,2025,Nº 15 - 31/10/2025
2602209,PE,Bom Jardim,2025,Nº 5 - 25/03/2025
2602308,PE,Bonito,2025,Nº 13 - 17/09/2025
2602407,PE,Brejão,2025,Nº 15 - 31/10/2025
2602506,PE,Brejinho,2024,Nº 10 - 30/09/2024
2602605,PE,Brejo da Madre de Deus,2024,Nº 11 - 09/10/2024
2602704,PE,Buenos Aires,2026,Nº 18 - 13/01/2026
2602803,PE,Buíque,2025,Nº 2 - 24/02/2025
2603009,PE,Cabrobó,2025,Nº 9 - 30/06/2025
2603108,PE,Cachoeirinha,2025,Nº 14 - 16/10/2025
2603207,PE,Caetés,2026,Nº 25 - 26/06/2026
2603306,PE,Calçado,2026,Nº 26 - 26/07/2026
2603405,PE,Calumbi,2024,Nº 13 - 13/12/2024
2603454,PE,Camaragibe,2026,Nº 21 - 30/03/2026
2603504,PE,Camocim de São Félix,2025,Nº 12 - 03/09/2025
2603702,PE,Canhotinho,2025,Nº 2 - 24/02/2025
2603801,PE,Capoeiras,2025,Nº 9 - 30/06/2025
2603900,PE,Carnaíba,2026,Nº 25 - 26/06/2026
2603926,PE,Carnaubeira da Penha,2024,Nº 4 - 07/05/2024
2604007,PE,Carpina,2026,Nº 26 - 26/07/2026
2604106,PE,Caruaru,2024,Nº 10 - 30/09/2024
2604205,PE,Catende,2024,Nº 13 - 13/12/2024
2604403,PE,Chã de Alegria,2025,Nº 9 - 30/06/2025
2604502,PE,Chã Grande,2024,Nº 13 - 13/12/2024
2604601,PE,Condado,2025,Nº 5 - 25/03/2025
2604700,PE,Correntes,2026,Nº 25 - 26/06/2026
2604809,PE,Cortês,2025,Nº 2 - 24/02/2025
2605004,PE,Cupira,2025,Nº 2 - 24/02/2025
2605103,PE,Custódia,2025,Nº 2 - 24/02/2025
2605152,PE,Dormentes,2024,Nº 13 - 13/12/2024
2605202,PE,Escada,2026,Nº 25 - 26/06/2026
2605301,PE,Exu,2024,Nº 13 - 13/12/2024
2605400,PE,Feira Nova,2025,Nº 14 - 16/10/2025
2605509,PE,Ferreiros,2026,Nº 22 - 29/04/2026
2605608,PE,Flores,2025,Nº 7 - 28/04/2025
2605707,PE,Floresta,2025,Nº 15 - 31/10/2025
2605806,PE,Frei Miguelinho,2026,Nº 18 - 13/01/2026
2605905,PE,Gameleira,2025,Nº 2 - 24/02/2025
2606002,PE,Garanhuns,2025,Nº 8 - 30/04/2025
2606101,PE,Glória do Goitá,2025,Nº 14 - 16/10/2025
2606200,PE,Goiana,2025,Nº 12 - 03/09/2025
2606309,PE,Granito,2025,Nº 5 - 25/03/2025
2606408,PE,Gravatá,2025,Nº 2 - 24/02/2025
2606507,PE,Iati,2026,Nº 26 - 26/07/2026
2606606,PE,Ibimirim,2025,Nº 7 - 28/04/2025
2607000,PE,Inajá,2025,Nº 7 - 28/04/2025
2607109,PE,Ingazeira,2025,Nº 12 - 03/09/2025
2607208,PE,Ipojuca,2026,Nº 25 - 26/06/2026
2607307,PE,Ipubi,2025,Nº 9 - 30/06/2025
2607406,PE,Itacuruba,2025,Nº 9 - 30/06/2025
2607505,PE,Itaíba,2025,Nº 7 - 28/04/2025
2607653,PE,Itambé,2025,Nº 9 - 30/06/2025
2607703,PE,Itapetim,2024,Nº 2 - 08/03/2024
2607752,PE,Itapissuma,2026,Nº 25 - 26/06/2026
2607901,PE,Jaboatão dos Guararapes,2013,Nº 1 - 20/11/2013
2608008,PE,Jataúba,2025,Nº 2 - 24/02/2025
2608057,PE,Jatobá,2024,Nº 9 - 20/08/2024
2608107,PE,João Alfredo,2024,Nº 11 - 09/10/2024
2608206,PE,Joaquim Nabuco,2026,Nº 26 - 26/07/2026
2608255,PE,Jucati,2025,Nº 9 - 30/06/2025
2608305,PE,Jupi,2025,Nº 2 - 24/02/2025
2608404,PE,Jurema,2026,N° 28 - 26/08/2026
2608503,PE,Lagoa de Itaenga,2025,Nº 15 - 31/10/2025
2608701,PE,Lagoa dos Gatos,2024,Nº 13 - 13/12/2024
2608750,PE,Lagoa Grande,2024,Nº 03 - 05/04/2024
2608800,PE,Lajedo,2026,Nº 22 - 29/04/2026
2608909,PE,Limoeiro,2026,Nº 22 - 29/04/2026
2609006,PE,Macaparana,2026,N° 28 - 26/08/2026
2609105,PE,Machados,2026,Nº 21 - 30/03/2026
2609303,PE,Mirandiba,2024,Nº 13 - 13/12/2024
2609600,PE,Olinda,2024,Nº 9 - 20/08/2024
2609709,PE,Orobó,2025,Nº 5 - 25/03/2025
2609808,PE,Orocó,2024,Nº 03 - 05/04/2024
2609907,PE,Ouricuri,2025,Nº 12 - 03/09/2025
2610004,PE,Palmares,2025,Nº 2 - 24/02/2025
2610103,PE,Palmeirina,2026,N° 28 - 26/08/2026
2610202,PE,Panelas,2024,Nº 13 - 13/12/2024
2610301,PE,Paranatama,2026,Nº 26 - 26/07/2026
2610400,PE,Parnamirim,2024,Nº 13 - 13/12/2024
2610509,PE,Passira,2024,Nº 9 - 20/08/2024
2610608,PE,Paudalho,2025,Nº 2 - 24/02/2025
2610707,PE,Paulista,2025,Nº 2 - 24/02/2025
2610806,PE,Pedra,2026,Nº 18 - 13/01/2026
2610905,PE,Pesqueira,2025,Nº 5 - 25/03/2025
2611002,PE,Petrolândia,2026,Nº 18 - 13/01/2026
2611101,PE,Petrolina,2024,Nº 4 - 07/05/2024
2611200,PE,Poção,2025,Nº 9 - 30/06/2025
2611309,PE,Pombos,2026,Nº 26 - 26/07/2026
2611408,PE,Primavera,2025,Nº 8 - 30/04/2025
2611507,PE,Quipapá,2024,Nº 03 - 05/04/2024
2611533,PE,Quixaba,2025,Nº 9 - 30/06/2025
2611606,PE,Recife,2014,Nº 8 - 27/11/2014
2611705,PE,Riacho das Almas,2024,Nº 13 - 13/12/2024
2611804,PE,Ribeirão,2025,Nº 2 - 24/02/2025
2611903,PE,Rio Formoso,2026,N° 28 - 26/08/2026
2612000,PE,Sairé,2025,Nº 12 - 03/09/2025
2612109,PE,Salgadinho,2025,Nº 12 - 03/09/2025
2612208,PE,Salgueiro,2026,Nº 25 - 26/06/2026
2612307,PE,Saloá,2025,Nº 9 - 30/06/2025
2612406,PE,Sanharó,2024,Nº 9 - 20/08/2024
2612455,PE,Santa Cruz,2025,Nº 9 - 30/06/2025
2612471,PE,Santa Cruz da Baixa Verde,2024,Nº 8 - 03/07/2024
2612554,PE,Santa Filomena,2025,Nº 14 - 16/10/2025
2612604,PE,Santa Maria da Boa Vista,2024,Nº 9 - 20/08/2024
2612802,PE,Santa Terezinha,2025,Nº 2 - 24/02/2025
2612901,PE,São Benedito do Sul,2025,Nº 5 - 25/03/2025
2613008,PE,São Bento do Una,2026,Nº 21 - 30/03/2026
2613107,PE,São Caitano,2026,Nº 22 - 29/04/2026
2613305,PE,São Joaquim do Monte,2026,Nº 22 - 29/04/2026
2613404,PE,São José da Coroa Grande,2024,Nº 9 - 20/08/2024
2613503,PE,São José do Belmonte,2025,Nº 7 - 28/04/2025
2613602,PE,São José do Egito,2024,Nº 03 - 05/04/2024
2613800,PE,São Vicente Férrer,2025,Nº 9 - 30/06/2025
2613909,PE,Serra Talhada,2024,Nº 9 - 20/08/2024
2614006,PE,Serrita,2024,Nº 9 - 20/08/2024
2614105,PE,Sertânia,2026,Nº 26 - 26/07/2026
2614204,PE,Sirinhaém,2025,Nº 9 - 30/06/2025
2614303,PE,Moreilândia,2025,Nº 9 - 30/06/2025
2614402,PE,Solidão,2025,Nº 12 - 03/09/2025
2614600,PE,Tabira,2025,Nº 14 - 16/10/2025
2614709,PE,Tacaimbó,2025,Nº 13 - 17/09/2025
2615003,PE,Taquaritinga do Norte,2025,Nº 7 - 28/04/2025
2615102,PE,Terezinha,2026,Nº 25 - 26/06/2026
2615201,PE,Terra Nova,2025,Nº 15 - 31/10/2025
2615300,PE,Timbaúba,2024,Nº 9 - 20/08/2024
2615409,PE,Toritama,2026,Nº 18 - 13/01/2026
2615508,PE,Tracunhaém,2026,N° 28 - 26/08/2026
2615607,PE,Trindade,2024,Nº 9 - 20/08/2024
2615706,PE,Triunfo,2026,Nº 25 - 26/06/2026
2615805,PE,Tupanatinga,2025,Nº 8 - 30/04/2025
2615904,PE,Tuparetama,2025,Nº 9 - 30/06/2025
2616001,PE,Venturosa,2025,Nº 9 - 30/06/2025
2616100,PE,Verdejante,2024,Nº 13 - 13/12/2024
2616183,PE,Vertente do Lério,2025,Nº 15 - 31/10/2025
2616209,PE,Vertentes,2025,Nº 5 - 25/03/2025
2616407,PE,Vitória de Santo Antão,2024,Nº 13 - 13/12/2024
2616506,PE,Xexéu,2025,Nº 9 - 30/06/2025
2200053,PI,Acauã,2014,Nº 4 - 20/03/2014
2200202,PI,Água Branca,2017,Nº 5 - 11/10/2017
2200251,PI,Alagoinha do Piauí,2014,Nº 8 - 27/11/2014
2200608,PI,Angical do Piauí,2024,Nº 8 - 03/07/2024
2201176,PI,Barra D'Alcântara,2014,Nº 8 - 27/11/2014
2201200,PI,Barras,2014,Nº 8 - 27/11/2014
2201556,PI,Bela Vista do Piauí,2014,Nº 8 - 27/11/2014
2201705,PI,Bertolínia,2017,Nº 5 - 11/10/2017
2201804,PI,Bocaina,2024,Nº 4 - 07/05/2024
2201945,PI,Boqueirão do Piauí,2024,Nº 10 - 30/09/2024
2201960,PI,Brasileira,2013,Nº 1 - 20/11/2013
2202059,PI,Cabeceiras do Piauí,2024,Nº 10 - 30/09/2024
2202174,PI,Campo Largo do Piauí,2024,Nº 10 - 30/09/2024
2202554,PI,Caridade do Piauí,2026,Nº 18 - 13/01/2026
2202604,PI,Castelo do Piauí,2024,Nº 10 - 30/09/2024
2202737,PI,Coivaras,2024,Nº 4 - 07/05/2024
2202802,PI,Conceição do Canindé,2026,N° 28 - 26/08/2026
2202901,PI,Corrente,2014,Nº 4 - 20/03/2014
2203107,PI,Cristino Castro,2026,N° 28 - 26/08/2026
2203255,PI,Curralinhos,2014,Nº 8 - 27/11/2014
2203420,PI,Domingos Mourão,2024,Nº 4 - 07/05/2024
2203503,PI,Elesbão Veloso,2014,Nº 4 - 20/03/2014
2204204,PI,Francisco Santos,2024,Nº 4 - 07/05/2024
2204600,PI,Hugo Napoleão,2016,Nº 1 - 21/03/2016
2204808,PI,Ipiranga do Piauí,2026,Nº 21 - 30/03/2026
2205003,PI,Itainópolis,2014,Nº 8 - 27/11/2014
2205276,PI,Jatobá do Piauí,2024,Nº 10 - 30/09/2024
2205458,PI,Joca Marques,2025,Nº 14 - 16/10/2025
2205557,PI,Lagoa Alegre,2025,Nº 14 - 16/10/2025
2205607,PI,Landri Sales,2024,Nº 8 - 03/07/2024
2205854,PI,Madeiro,2026,Nº 22 - 29/04/2026
2205904,PI,Manoel Emídio,2025,Nº 17 - 31/12/2025
2205953,PI,Marcolândia,2026,Nº 21 - 30/03/2026
2206407,PI,Monsenhor Gil,2026,Nº 26 - 26/07/2026
2206506,PI,Monsenhor Hipólito,2014,Nº 8 - 27/11/2014
2206654,PI,Morro Cabeça no Tempo,2024,Nº 4 - 07/05/2024
2206696,PI,Murici dos Portelas,2024,Nº 8 - 03/07/2024
2206704,PI,Nazaré do Piauí,2025,Nº 9 - 30/06/2025
2206720,PI,Nazária,2024,Nº 03 - 05/04/2024
2206753,PI,Nossa Senhora de Nazaré,2025,Nº 14 - 16/10/2025
2206803,PI,Nossa Senhora dos Remédios,2025,Nº 9 - 30/06/2025
2206902,PI,Novo Oriente do Piauí,2014,Nº 8 - 27/11/2014
2207009,PI,Oeiras,2024,Nº 03 - 05/04/2024
2207108,PI,Olho D'Água do Piauí,2014,Nº 8 - 27/11/2014
2207207,PI,Padre Marcos,2024,Nº 8 - 03/07/2024
2207504,PI,Palmeirais,2024,Nº 4 - 07/05/2024
2207751,PI,Passagem Franca do Piauí,2017,Nº 5 - 11/10/2017
2207801,PI,Paulistana,2024,Nº 11 - 09/10/2024
2207850,PI,Pavussu,2025,Nº 8 - 30/04/2025
2207900,PI,Pedro II,2013,Nº 1 - 20/11/2013
2208106,PI,Pimenteiras,2014,Nº 8 - 27/11/2014
2208403,PI,Piripiri,2013,Nº 1 - 20/11/2013
2208502,PI,Porto,2024,Nº 4 - 07/05/2024
2208650,PI,Queimada Nova,2014,Nº 4 - 20/03/2014
2209377,PI,Santa Rosa do Piauí,2014,Nº 8 - 27/11/2014
2209401,PI,Santo Antônio de Lisboa,2024,Nº 6 - 29/05/2024
2209450,PI,Santo Antônio dos Milagres,2017,Nº 5 - 11/10/2017
2209757,PI,São Gonçalo do Gurguéia,2026,Nº 19 - 26/02/2026
2209955,PI,São João da Varjota,2025,Nº 17 - 31/12/2025
2209971,PI,São João do Arraial,2026,Nº 21 - 30/03/2026
2210003,PI,São João do Piauí,2024,Nº 4 - 07/05/2024
2210201,PI,São José do Piauí,2024,Nº 6 - 29/05/2024
2210359,PI,São Lourenço do Piauí,2016,Nº 6 - 28/10/2016
2210375,PI,São Luis do Piauí,2025,Nº 14 - 16/10/2025
2210391,PI,São Miguel do Fidalgo,2025,Nº 9 - 30/06/2025
2210409,PI,São Miguel do Tapuio,2025,Nº 14 - 16/10/2025
2210607,PI,São Raimundo Nonato,2025,Nº 14 - 16/10/2025
2210623,PI,Sebastião Barros,2024,Nº 8 - 03/07/2024
2210631,PI,Sebastião Leal,2014,Nº 8 - 27/11/2014
2210656,PI,Sigefredo Pacheco,2024,Nº 2 - 08/03/2024
2210805,PI,Simplício Mendes,2024,Nº 4 - 07/05/2024
2211001,PI,Teresina,2016,Nº 2 - 03/05/2016
2211704,PI,Wall Ferraz,2026,N° 28 - 26/08/2026
4100103,PR,Abatiá,2026,Nº 21 - 30/03/2026
4100202,PR,Adrianópolis,2023,Nº 1 - 30/06/2023
4100301,PR,Agudos do Sul,2025,Nº 2 - 24/02/2025
4100400,PR,Almirante Tamandaré,2020,Nº 2 - 08/07/2020
4100459,PR,Altamira do Paraná,2025,Nº 2 - 24/02/2025
4100509,PR,Altônia,2017,Nº 5 - 11/10/2017
4100608,PR,Alto Paraná,2016,Nº 5 - 03/08/2016
4100707,PR,Alto Piquiri,2016,Nº 1 - 21/03/2016
4100806,PR,Alvorada do Sul,2017,Nº 4 - 10/07/2017
4100905,PR,Amaporã,2023,Nº 1 - 30/06/2023
4101002,PR,Ampére,2016,Nº 1 - 21/03/2016
4101101,PR,Andirá,2016,Nº 1 - 21/03/2016
4101150,PR,Ângulo,2020,Nº 2 - 08/07/2020
4101309,PR,Antônio Olinto,2020,Nº 2 - 08/07/2020
4101408,PR,Apucarana,2023,Nº 1 - 30/06/2023
4101507,PR,Arapongas,2020,Nº 2 - 08/07/2020
4101655,PR,Arapuã,2018,Nº 5 - 23/07/2018
4101705,PR,Araruna,2020,Nº 2 - 08/07/2020
4101804,PR,Araucária,2022,Nº 1 - 24/02/2022
4101853,PR,Ariranha do Ivaí,2024,Nº 10 - 30/09/2024
4101903,PR,Assaí,2016,Nº 1 - 21/03/2016
4102000,PR,Assis Chateaubriand,2024,Nº 10 - 30/09/2024
4102109,PR,Astorga,2020,Nº 2 - 08/07/2020
4102208,PR,Atalaia,2018,Nº 4 - 17/04/2018
4102307,PR,Balsa Nova,2024,Nº 03 - 05/04/2024
4102406,PR,Bandeirantes,2026,Nº 21 - 30/03/2026
4102505,PR,Barbosa Ferraz,2025,Nº 2 - 24/02/2025
4102604,PR,Barracão,2016,Nº 1 - 21/03/2016
4102703,PR,Barra do Jacaré,2024,Nº 10 - 30/09/2024
4102752,PR,Bela Vista da Caroba,2025,Nº 12 - 03/09/2025
4102802,PR,Bela Vista do Paraíso,2024,Nº 4 - 07/05/2024
4102901,PR,Bituruna,2026,Nº 21 - 30/03/2026
4103008,PR,Boa Esperança,2020,Nº 2 - 08/07/2020
4103024,PR,Boa Esperança do Iguaçu,2016,Nº 1 - 21/03/2016
4103040,PR,Boa Ventura de São Roque,2020,Nº 2 - 08/07/2020
4103057,PR,Boa Vista da Aparecida,2022,Nº 1 - 24/02/2022
4103107,PR,Bocaiúva do Sul,2025,Nº 2 - 24/02/2025
4103156,PR,Bom Jesus do Sul,2016,Nº 1 - 21/03/2016
4103206,PR,Bom Sucesso,2024,Nº 03 - 05/04/2024
4103222,PR,Bom Sucesso do Sul,2020,Nº 2 - 08/07/2020
4103305,PR,Borrazópolis,2017,Nº 5 - 11/10/2017
4103354,PR,Braganey,2020,Nº 2 - 08/07/2020
4103370,PR,Brasilândia do Sul,2018,Nº 4 - 17/04/2018
4103404,PR,Cafeara,2024,Nº 7 - 21/06/2024
4103453,PR,Cafelândia,2016,Nº 7 - 13/12/2016
4103479,PR,Cafezal do Sul,2016,Nº 1 - 21/03/2016
4103503,PR,Califórnia,2024,Nº 4 - 07/05/2024
4103701,PR,Cambé,2024,Nº 4 - 07/05/2024
4103800,PR,Cambira,2024,Nº 7 - 21/06/2024
4103958,PR,Campina do Simão,2020,Nº 03 - 15/10/2020
4104006,PR,Campina Grande do Sul,2024,Nº 4 - 07/05/2024
4104055,PR,Campo Bonito,2020,Nº 2 - 08/07/2020
4104105,PR,Campo do Tenente,2025,Nº 2 - 24/02/2025
4104204,PR,Campo Largo,2022,Nº 1 - 24/02/2022
4104253,PR,Campo Magro,2026,N° 28 - 26/08/2026
4104303,PR,Campo Mourão,2022,Nº 1 - 24/02/2022
4104402,PR,Cândido de Abreu,2024,Nº 10 - 30/09/2024
4104428,PR,Candói,2024,Nº 4 - 07/05/2024
4104451,PR,Cantagalo,2024,Nº 10 - 30/09/2024
4104501,PR,Capanema,2016,Nº 5 - 03/08/2016
4104600,PR,Capitão Leônidas Marques,2016,Nº 7 - 13/12/2016
4104659,PR,Carambeí,2024,Nº 10 - 30/09/2024
4104709,PR,Carlópolis,2020,Nº 2 - 08/07/2020
4104808,PR,Cascavel,2016,Nº 5 - 03/08/2016
4104907,PR,Castro,2017,Nº 5 - 11/10/2017
4105003,PR,Catanduvas,2020,Nº 2 - 08/07/2020
4105102,PR,Centenário do Sul,2016,Nº 1 - 21/03/2016
4105201,PR,Cerro Azul,2020,Nº 03 - 15/10/2020
4105300,PR,Céu Azul,2025,Nº 2 - 24/02/2025
4105409,PR,Chopinzinho,2018,Nº 5 - 23/07/2018
4105508,PR,Cianorte,2017,Nº 5 - 11/10/2017
4105607,PR,Cidade Gaúcha,2018,Nº 4 - 17/04/2018
4105706,PR,Clevelândia,2025,Nº 2 - 24/02/2025
4105805,PR,Colombo,2022,Nº 1 - 24/02/2022
4105904,PR,Colorado,2024,Nº 4 - 07/05/2024
4106001,PR,Congonhinhas,2016,Nº 7 - 13/12/2016
4106100,PR,Conselheiro Mairinck,2025,Nº 2 - 24/02/2025
4106209,PR,Contenda,2023,Nº 1 - 30/06/2023
4106308,PR,Corbélia,2016,Nº 1 - 21/03/2016
4106407,PR,Cornélio Procópio,2025,Nº 9 - 30/06/2025
4106555,PR,Corumbataí do Sul,2024,Nº 4 - 07/05/2024
4106571,PR,Cruzeiro do Iguaçu,2024,Nº 10 - 30/09/2024
4106605,PR,Cruzeiro do Oeste,2016,Nº 5 - 03/08/2016
4106704,PR,Cruzeiro do Sul,2016,Nº 1 - 21/03/2016
4106803,PR,Cruz Machado,2017,Nº 4 - 10/07/2017
4106852,PR,Cruzmaltina,2024,Nº 10 - 30/09/2024
4106902,PR,Curitiba,2016,Nº 1 - 21/03/2016
4107009,PR,Curiúva,2024,Nº 10 - 30/09/2024
4107108,PR,Diamante do Norte,2024,Nº 4 - 07/05/2024
4107124,PR,Diamante do Sul,2018,Nº 5 - 23/07/2018
4107157,PR,Diamante D'Oeste,2017,Nº 5 - 11/10/2017
4107207,PR,Dois Vizinhos,2016,Nº 5 - 03/08/2016
4107256,PR,Douradina,2016,Nº 1 - 21/03/2016
4107306,PR,Doutor Camargo,2024,Nº 7 - 21/06/2024
4107405,PR,Enéas Marques,2016,Nº 5 - 03/08/2016
4107504,PR,Engenheiro Beltrão,2020,Nº 2 - 08/07/2020
4107520,PR,Esperança Nova,2017,Nº 4 - 10/07/2017
4107538,PR,Entre Rios do Oeste,2025,Nº 12 - 03/09/2025
4107546,PR,Espigão Alto do Iguaçu,2024,Nº 7 - 21/06/2024
4107553,PR,Farol,2025,Nº 2 - 24/02/2025
4107603,PR,Faxinal,2018,Nº 5 - 23/07/2018
4107652,PR,Fazenda Rio Grande,2024,Nº 7 - 21/06/2024
4107702,PR,Fênix,2020,Nº 03 - 15/10/2020
4107736,PR,Fernandes Pinheiro,2023,Nº 1 - 30/06/2023
4107751,PR,Figueira,2016,Nº 5 - 03/08/2016
4107801,PR,Floraí,2024,Nº 10 - 30/09/2024
4107900,PR,Floresta,2024,Nº 7 - 21/06/2024
4108007,PR,Florestópolis,2024,Nº 03 - 05/04/2024
4108106,PR,Flórida,2024,Nº 4 - 07/05/2024
4108304,PR,Foz do Iguaçu,2024,Nº 4 - 07/05/2024
4108320,PR,Francisco Alves,2016,Nº 5 - 03/08/2016
4108403,PR,Francisco Beltrão,2016,Nº 7 - 13/12/2016
4108452,PR,Foz do Jordão,2020,Nº 03 - 15/10/2020
4108502,PR,General Carneiro,2020,Nº 03 - 15/10/2020
4108551,PR,Godoy Moreira,2022,Nº 2 - 05/05/2022
4108650,PR,Goioxim,2020,Nº 2 - 08/07/2020
4108700,PR,Grandes Rios,2024,Nº 10 - 30/09/2024
4108809,PR,Guaíra,2025,Nº 2 - 24/02/2025
4108908,PR,Guairaçá,2016,Nº 5 - 03/08/2016
4108957,PR,Guamiranga,2024,Nº 4 - 07/05/2024
4109005,PR,Guapirama,2016,Nº 5 - 03/08/2016
4109104,PR,Guaporema,2017,Nº 5 - 11/10/2017
4109203,PR,Guaraci,2024,Nº 7 - 21/06/2024
4109302,PR,Guaraniaçu,2016,Nº 1 - 21/03/2016
4109401,PR,Guarapuava,2016,Nº 7 - 13/12/2016
4109609,PR,Guaratuba,2023,Nº 1 - 30/06/2023
4109658,PR,Honório Serpa,2020,Nº 03 - 15/10/2020
4109708,PR,Ibaiti,2025,Nº 9 - 30/06/2025
4109757,PR,Ibema,2022,Nº 2 - 05/05/2022
4109807,PR,Ibiporã,2024,Nº 7 - 21/06/2024
4109906,PR,Icaraíma,2016,Nº 7 - 13/12/2016
4110003,PR,Iguaraçu,2016,Nº 7 - 13/12/2016
4110052,PR,Iguatu,2020,Nº 2 - 08/07/2020
4110078,PR,Imbaú,2025,Nº 12 - 03/09/2025
4110102,PR,Imbituva,2024,Nº 10 - 30/09/2024
4110201,PR,Inácio Martins,2025,Nº 2 - 24/02/2025
4110300,PR,Inajá,2022,Nº 1 - 24/02/2022
4110409,PR,Indianópolis,2017,Nº 5 - 11/10/2017
4110508,PR,Ipiranga,2025,Nº 9 - 30/06/2025
4110607,PR,Iporã,2018,Nº 4 - 17/04/2018
4110656,PR,Iracema do Oeste,2016,Nº 5 - 03/08/2016
4110706,PR,Irati,2024,Nº 7 - 21/06/2024
4110805,PR,Iretama,2020,Nº 03 - 15/10/2020
4110904,PR,Itaguajé,2024,Nº 10 - 30/09/2024
4110953,PR,Itaipulândia,2016,Nº 5 - 03/08/2016
4111001,PR,Itambaracá,2022,Nº 2 - 05/05/2022
4111100,PR,Itambé,2024,Nº 10 - 30/09/2024
4111209,PR,Itapejara d'Oeste,2020,Nº 2 - 08/07/2020
4111258,PR,Itaperuçu,2024,Nº 03 - 05/04/2024
4111308,PR,Itaúna do Sul,2022,Nº 2 - 05/05/2022
4111407,PR,Ivaí,2025,Nº 12 - 03/09/2025
4111506,PR,Ivaiporã,2020,Nº 03 - 15/10/2020
4111555,PR,Ivaté,2018,Nº 5 - 23/07/2018
4111605,PR,Ivatuba,2018,Nº 5 - 23/07/2018
4111704,PR,Jaboti,2025,Nº 4 - 20/03/2025
4111803,PR,Jacarezinho,2025,Nº 2 - 24/02/2025
4111902,PR,Jaguapitã,2024,Nº 03 - 05/04/2024
4112009,PR,Jaguariaíva,2025,Nº 4 - 20/03/2025
4112108,PR,Jandaia do Sul,2024,Nº 03 - 05/04/2024
4112306,PR,Japira,2024,Nº 03 - 05/04/2024
4112405,PR,Japurá,2020,Nº 2 - 08/07/2020
4112504,PR,Jardim Alegre,2024,Nº 4 - 07/05/2024
4112603,PR,Jardim Olinda,2020,Nº 03 - 15/10/2020
4112702,PR,Jataizinho,2025,Nº 2 - 24/02/2025
4112801,PR,Joaquim Távora,2020,Nº 2 - 08/07/2020
4112900,PR,Jundiaí do Sul,2016,Nº 7 - 13/12/2016
4112959,PR,Juranda,2024,Nº 03 - 05/04/2024
4113007,PR,Jussara,2018,Nº 4 - 17/04/2018
4113106,PR,Kaloré,2024,Nº 03 - 05/04/2024
4113205,PR,Lapa,2024,Nº 7 - 21/06/2024
4113254,PR,Laranjal,2018,Nº 5 - 23/07/2018
4113304,PR,Laranjeiras do Sul,2017,Nº 4 - 10/07/2017
4113403,PR,Leópolis,2023,Nº 1 - 30/06/2023
4113429,PR,Lidianópolis,2016,Nº 5 - 03/08/2016
4113452,PR,Lindoeste,2020,Nº 2 - 08/07/2020
4113502,PR,Loanda,2018,Nº 5 - 23/07/2018
4113601,PR,Lobato,2024,Nº 10 - 30/09/2024
4113700,PR,Londrina,2024,Nº 03 - 05/04/2024
4113734,PR,Luiziana,2024,Nº 03 - 05/04/2024
4113759,PR,Lunardelli,2020,Nº 2 - 08/07/2020
4113809,PR,Lupionópolis,2024,Nº 4 - 07/05/2024
4114005,PR,Mamborê,2017,Nº 5 - 11/10/2017
4114104,PR,Mandaguaçu,2024,Nº 10 - 30/09/2024
4114203,PR,Mandaguari,2024,Nº 10 - 30/09/2024
4114302,PR,Mandirituba,2024,Nº 7 - 21/06/2024
4114351,PR,Manfrinópolis,2017,Nº 5 - 11/10/2017
4114401,PR,Mangueirinha,2024,Nº 7 - 21/06/2024
4114500,PR,Manoel Ribas,2024,Nº 7 - 21/06/2024
4114609,PR,Marechal Cândido Rondon,2016,Nº 5 - 03/08/2016
4114708,PR,Maria Helena,2016,Nº 5 - 03/08/2016
4114807,PR,Marialva,2024,Nº 4 - 07/05/2024
4114906,PR,Marilândia do Sul,2024,Nº 4 - 07/05/2024
4115002,PR,Marilena,2017,Nº 4 - 10/07/2017
4115101,PR,Mariluz,2016,Nº 7 - 13/12/2016
4115200,PR,Maringá,2016,Nº 5 - 03/08/2016
4115309,PR,Mariópolis,2020,Nº 2 - 08/07/2020
4115408,PR,Marmeleiro,2017,Nº 5 - 11/10/2017
4115457,PR,Marquinho,2020,Nº 03 - 15/10/2020
4115507,PR,Marumbi,2024,Nº 10 - 30/09/2024
4115606,PR,Matelândia,2023,Nº 1 - 30/06/2023
4115705,PR,Matinhos,2024,Nº 10 - 30/09/2024
4115739,PR,Mato Rico,2017,Nº 4 - 10/07/2017
4115754,PR,Mauá da Serra,2024,Nº 03 - 05/04/2024
4115804,PR,Medianeira,2024,Nº 10 - 30/09/2024
4115853,PR,Mercedes,2016,Nº 7 - 13/12/2016
4115903,PR,Mirador,2016,Nº 5 - 03/08/2016
4116000,PR,Miraselva,2024,Nº 7 - 21/06/2024
4116109,PR,Moreira Sales,2025,Nº 2 - 24/02/2025
4116208,PR,Morretes,2024,Nº 10 - 30/09/2024
4116307,PR,Munhoz de Melo,2024,Nº 4 - 07/05/2024
4116406,PR,Nossa Senhora das Graças,2024,Nº 4 - 07/05/2024
4116505,PR,Nova Aliança do Ivaí,2024,Nº 7 - 21/06/2024
4116604,PR,Nova América da Colina,2020,Nº 2 - 08/07/2020
4116703,PR,Nova Aurora,2017,Nº 5 - 11/10/2017
4116802,PR,Nova Cantu,2020,Nº 2 - 08/07/2020
4116901,PR,Nova Esperança,2022,Nº 1 - 24/02/2022
4117008,PR,Nova Fátima,2016,Nº 7 - 13/12/2016
4117057,PR,Nova Laranjeiras,2024,Nº 4 - 07/05/2024
4117107,PR,Nova Londrina,2023,Nº 1 - 30/06/2023
4117206,PR,Nova Olímpia,2017,Nº 4 - 10/07/2017
4117214,PR,Nova Santa Bárbara,2024,Nº 10 - 30/09/2024
4117222,PR,Nova Santa Rosa,2016,Nº 5 - 03/08/2016
4117255,PR,Nova Prata do Iguaçu,2016,Nº 1 - 21/03/2016
4117271,PR,Nova Tebas,2024,Nº 03 - 05/04/2024
4117297,PR,Novo Itacolomi,2016,Nº 1 - 21/03/2016
4117305,PR,Ortigueira,2022,Nº 2 - 05/05/2022
4117404,PR,Ourizona,2016,Nº 5 - 03/08/2016
4117453,PR,Ouro Verde do Oeste,2024,Nº 10 - 30/09/2024
4117503,PR,Paiçandu,2024,Nº 10 - 30/09/2024
4117602,PR,Palmas,2024,Nº 10 - 30/09/2024
4117701,PR,Palmeira,2024,Nº 4 - 07/05/2024
4117800,PR,Palmital,2024,Nº 7 - 21/06/2024
4117909,PR,Palotina,2017,Nº 5 - 11/10/2017
4118006,PR,Paraíso do Norte,2016,Nº 5 - 03/08/2016
4118105,PR,Paranacity,2022,Nº 1 - 24/02/2022
4118303,PR,Paranapoema,2023,Nº 1 - 30/06/2023
4118402,PR,Paranavaí,2024,Nº 7 - 21/06/2024
4118451,PR,Pato Bragado,2020,Nº 03 - 15/10/2020
4118501,PR,Pato Branco,2017,Nº 5 - 11/10/2017
4118600,PR,Paula Freitas,2018,Nº 5 - 23/07/2018
4118709,PR,Paulo Frontin,2016,Nº 5 - 03/08/2016
4118808,PR,Peabiru,2020,Nº 2 - 08/07/2020
4118857,PR,Perobal,2017,Nº 5 - 11/10/2017
4118907,PR,Pérola,2016,Nº 1 - 21/03/2016
4119004,PR,Pérola d'Oeste,2020,Nº 2 - 08/07/2020
4119103,PR,Piên,2025,Nº 2 - 24/02/2025
4119152,PR,Pinhais,2013,Nº 1 - 20/11/2013
4119202,PR,Pinhalão,2024,Nº 10 - 30/09/2024
4119251,PR,Pinhal de São Bento,2016,Nº 5 - 03/08/2016
4119301,PR,Pinhão,2022,Nº 1 - 24/02/2022
4119400,PR,Piraí do Sul,2024,Nº 7 - 21/06/2024
4119509,PR,Piraquara,2023,Nº 1 - 30/06/2023
4119608,PR,Pitanga,2016,Nº 5 - 03/08/2016
4119657,PR,Pitangueiras,2024,Nº 4 - 07/05/2024
4119707,PR,Planaltina do Paraná,2018,Nº 4 - 17/04/2018
4119806,PR,Planalto,2016,Nº 1 - 21/03/2016
4119905,PR,Ponta Grossa,2023,Nº 1 - 30/06/2023
4120002,PR,Porecatu,2024,Nº 4 - 07/05/2024
4120101,PR,Porto Amazonas,2024,Nº 4 - 07/05/2024
4120150,PR,Porto Barreiro,2017,Nº 4 - 10/07/2017
4120200,PR,Porto Rico,2016,Nº 7 - 13/12/2016
4120309,PR,Porto Vitória,2016,Nº 1 - 21/03/2016
4120333,PR,Prado Ferreira,2024,Nº 7 - 21/06/2024
4120358,PR,Pranchita,2016,Nº 1 - 21/03/2016
4120408,PR,Presidente Castelo Branco,2024,Nº 03 - 05/04/2024
4120507,PR,Primeiro de Maio,2024,Nº 03 - 05/04/2024
4120606,PR,Prudentópolis,2022,Nº 1 - 24/02/2022
4120705,PR,Quatiguá,2025,Nº 2 - 24/02/2025
4120804,PR,Quatro Barras,2024,Nº 03 - 05/04/2024
4120853,PR,Quatro Pontes,2025,Nº 9 - 30/06/2025
4120903,PR,Quedas do Iguaçu,2022,Nº 1 - 24/02/2022
4121000,PR,Querência do Norte,2022,Nº 1 - 24/02/2022
4121109,PR,Quinta do Sol,2025,Nº 9 - 30/06/2025
4121208,PR,Quitandinha,2022,Nº 2 - 05/05/2022
4121257,PR,Ramilândia,2020,Nº 2 - 08/07/2020
4121307,PR,Rancho Alegre,2025,Nº 9 - 30/06/2025
4121406,PR,Realeza,2016,Nº 7 - 13/12/2016
4121604,PR,Renascença,2016,Nº 1 - 21/03/2016
4121703,PR,Reserva,2024,Nº 7 - 21/06/2024
4121752,PR,Reserva do Iguaçu,2016,Nº 7 - 13/12/2016
4121901,PR,Ribeirão do Pinhal,2026,Nº 21 - 30/03/2026
4122008,PR,Rio Azul,2022,Nº 2 - 05/05/2022
4122107,PR,Rio Bom,2024,Nº 7 - 21/06/2024
4122156,PR,Rio Bonito do Iguaçu,2020,Nº 2 - 08/07/2020
4122172,PR,Rio Branco do Ivaí,2022,Nº 2 - 05/05/2022
4122206,PR,Rio Branco do Sul,2022,Nº 1 - 24/02/2022
4122305,PR,Rio Negro,2022,Nº 1 - 24/02/2022
4122404,PR,Rolândia,2024,Nº 03 - 05/04/2024
4122503,PR,Roncador,2022,Nº 2 - 05/05/2022
4122602,PR,Rondon,2017,Nº 5 - 11/10/2017
4122651,PR,Rosário do Ivaí,2020,Nº 2 - 08/07/2020
4122701,PR,Sabáudia,2024,Nº 10 - 30/09/2024
4122800,PR,Salgado Filho,2016,Nº 1 - 21/03/2016
4123006,PR,Salto do Lontra,2026,Nº 21 - 30/03/2026
4123105,PR,Santa Amélia,2025,Nº 12 - 03/09/2025
4123303,PR,Santa Cruz de Monte Castelo,2024,Nº 4 - 07/05/2024
4123402,PR,Santa Fé,2024,Nº 4 - 07/05/2024
4123501,PR,Santa Helena,2025,Nº 12 - 03/09/2025
4123600,PR,Santa Inês,2024,Nº 10 - 30/09/2024
4123709,PR,Santa Isabel do Ivaí,2022,Nº 1 - 24/02/2022
4123808,PR,Santa Izabel do Oeste,2016,Nº 5 - 03/08/2016
4123824,PR,Santa Lúcia,2021,Nº 1 - 12/01/2021
4123857,PR,Santa Maria do Oeste,2025,Nº 2 - 24/02/2025
4123907,PR,Santa Mariana,2016,Nº 5 - 03/08/2016
4123956,PR,Santa Mônica,2022,Nº 1 - 24/02/2022
4124004,PR,Santana do Itararé,2025,Nº 2 - 24/02/2025
4124020,PR,Santa Tereza do Oeste,2025,Nº 12 - 03/09/2025
4124053,PR,Santa Terezinha de Itaipu,2022,Nº 1 - 24/02/2022
4124103,PR,Santo Antônio da Platina,2022,Nº 1 - 24/02/2022
4124202,PR,Santo Antônio do Caiuá,2020,Nº 2 - 08/07/2020
4124400,PR,Santo Antônio do Sudoeste,2016,Nº 1 - 21/03/2016
4124509,PR,Santo Inácio,2024,Nº 7 - 21/06/2024
4124608,PR,São Carlos do Ivaí,2020,Nº 2 - 08/07/2020
4124707,PR,São Jerônimo da Serra,2024,Nº 4 - 07/05/2024
4124905,PR,São João do Caiuá,2016,Nº 5 - 03/08/2016
4125001,PR,São João do Ivaí,2024,Nº 7 - 21/06/2024
4125100,PR,São João do Triunfo,2024,Nº 4 - 07/05/2024
4125209,PR,São Jorge d'Oeste,2024,Nº 7 - 21/06/2024
4125308,PR,São Jorge do Ivaí,2024,Nº 4 - 07/05/2024
4125357,PR,São Jorge do Patrocínio,2016,Nº 5 - 03/08/2016
4125456,PR,São José das Palmeiras,2025,Nº 9 - 30/06/2025
4125506,PR,São José dos Pinhais,2024,Nº 4 - 07/05/2024
4125555,PR,São Manoel do Paraná,2017,Nº 5 - 11/10/2017
4125605,PR,São Mateus do Sul,2016,Nº 1 - 21/03/2016
4125803,PR,São Pedro do Ivaí,2024,Nº 7 - 21/06/2024
4125902,PR,São Pedro do Paraná,2016,Nº 7 - 13/12/2016
4126009,PR,São Sebastião da Amoreira,2022,Nº 2 - 05/05/2022
4126108,PR,São Tomé,2018,Nº 5 - 23/07/2018
4126207,PR,Sapopema,2020,Nº 2 - 08/07/2020
4126256,PR,Sarandi,2024,Nº 10 - 30/09/2024
4126272,PR,Saudade do Iguaçu,2025,Nº 2 - 24/02/2025
4126306,PR,Sengés,2025,Nº 9 - 30/06/2025
4126355,PR,Serranópolis do Iguaçu,2022,Nº 1 - 24/02/2022
4126405,PR,Sertaneja,2022,Nº 1 - 24/02/2022
4126504,PR,Sertanópolis,2017,Nº 5 - 11/10/2017
4126603,PR,Siqueira Campos,2024,Nº 4 - 07/05/2024
4126652,PR,Sulina,2025,Nº 2 - 24/02/2025
4126678,PR,Tamarana,2024,Nº 03 - 05/04/2024
4126702,PR,Tamboara,2022,Nº 1 - 24/02/2022
4126801,PR,Tapejara,2017,Nº 5 - 11/10/2017
4126900,PR,Tapira,2016,Nº 5 - 03/08/2016
4127007,PR,Teixeira Soares,2024,Nº 7 - 21/06/2024
4127205,PR,Terra Boa,2016,Nº 1 - 21/03/2016
4127304,PR,Terra Rica,2018,Nº 5 - 23/07/2018
4127403,PR,Terra Roxa,2017,Nº 5 - 11/10/2017
4127502,PR,Tibagi,2025,Nº 2 - 24/02/2025
4127601,PR,Tijucas do Sul,2023,Nº 1 - 30/06/2023
4127700,PR,Toledo,2016,Nº 7 - 13/12/2016
4127809,PR,Tomazina,2016,Nº 7 - 13/12/2016
4127858,PR,Três Barras do Paraná,2020,Nº 2 - 08/07/2020
4127882,PR,Tunas do Paraná,2023,Nº 1 - 30/06/2023
4127908,PR,Tuneiras do Oeste,2016,Nº 7 - 13/12/2016
4127957,PR,Tupãssi,2020,Nº 03 - 15/10/2020
4127965,PR,Turvo,2024,Nº 7 - 21/06/2024
4128005,PR,Ubiratã,2020,Nº 2 - 08/07/2020
4128104,PR,Umuarama,2016,Nº 1 - 21/03/2016
4128203,PR,União da Vitória,2016,Nº 1 - 21/03/2016
4128302,PR,Uniflor,2024,Nº 10 - 30/09/2024
4128401,PR,Uraí,2025,Nº 2 - 24/02/2025
4128559,PR,Vera Cruz do Oeste,2017,Nº 4 - 10/07/2017
4128609,PR,Verê,2024,Nº 03 - 05/04/2024
4128625,PR,Alto Paraíso,2017,Nº 5 - 11/10/2017
4128658,PR,Virmond,2016,Nº 7 - 13/12/2016
4128708,PR,Vitorino,2025,Nº 2 - 24/02/2025
4128807,PR,Xambrê,2016,Nº 1 - 21/03/2016
3300100,RJ,Angra dos Reis,2025,Nº 17 - 31/12/2025
3300308,RJ,Barra do Piraí,2026,Nº 26 - 26/07/2026
3300407,RJ,Barra Mansa,2025,Nº 2 - 24/02/2025
3300456,RJ,Belford Roxo,2021,Nº 2 - 25/11/2021
3300803,RJ,Cachoeiras de Macacu,2024,Nº 10 - 30/09/2024
3301009,RJ,Campos dos Goytacazes,2020,Nº 1 - 23/01/2020
3301504,RJ,Cordeiro,2021,Nº 1 - 12/01/2021
3301702,RJ,Duque de Caxias,2016,Nº 5 - 03/08/2016
3302007,RJ,Itaguaí,2025,Nº 17 - 31/12/2025
3302205,RJ,Itaperuna,2023,Nº 4 - 21/12/2023
3302270,RJ,Japeri,2026,Nº 26 - 26/07/2026
3302700,RJ,Maricá,2023,Nº 1 - 30/06/2023
3302858,RJ,Mesquita,2025,Nº 17 - 31/12/2025
3303302,RJ,Niterói,2020,Nº 1 - 23/01/2020
3303500,RJ,Nova Iguaçu,2020,Nº 1 - 23/01/2020
3303609,RJ,Paracambi,2026,Nº 25 - 26/06/2026
3303708,RJ,Paraíba do Sul,2026,Nº 26 - 26/07/2026
3304144,RJ,Queimados,2024,Nº 13 - 13/12/2024
3304557,RJ,Rio de Janeiro,2020,Nº 1 - 23/01/2020
3304904,RJ,São Gonçalo,2023,Nº 4 - 21/12/2023
3305109,RJ,São João de Meriti,2023,Nº 4 - 21/12/2023
3305752,RJ,Tanguá,2024,Nº 4 - 07/05/2024
3305802,RJ,Teresópolis,2024,Nº 10 - 30/09/2024
3306008,RJ,Três Rios,2021,Nº 2 - 25/11/2021
3306305,RJ,Volta Redonda,2016,Nº 5 - 03/08/2016
2400208,RN,Açu,2025,Nº 11 - 15/08/2025
2402204,RN,Canguaretama,2025,Nº 9 - 30/06/2025
2402501,RN,Carnaubais,2025,Nº 14 - 16/10/2025
2404200,RN,Goianinha,2026,Nº 25 - 26/06/2026
2404853,RN,Itajá,2026,Nº 25 - 26/06/2026
2405009,RN,Jaçanã,2025,Nº 12 - 03/09/2025
2407104,RN,Macaíba,2025,Nº 12 - 03/09/2025
2408102,RN,Natal,2025,Nº 9 - 30/06/2025
2411502,RN,Santo Antônio,2025,Nº 14 - 16/10/2025
2412609,RN,São Paulo do Potengi,2026,Nº 26 - 26/07/2026
2413508,RN,Serrinha,2025,Nº 9 - 30/06/2025
1100015,RO,Alta Floresta D'Oeste,2024,Nº 03 - 05/04/2024
1100023,RO,Ariquemes,2024,Nº 03 - 05/04/2024
1100031,RO,Cabixi,2024,Nº 03 - 05/04/2024
1100064,RO,Colorado do Oeste,2024,Nº 2 - 08/03/2024
1100072,RO,Corumbiara,2024,Nº 2 - 08/03/2024
1100080,RO,Costa Marques,2024,Nº 12 - 19/11/2024
1100106,RO,Guajará-Mirim,2024,Nº 4 - 07/05/2024
1100122,RO,Ji-Paraná,2026,Nº 22 - 29/04/2026
1100148,RO,Nova Brasilândia D'Oeste,2026,N° 28 - 26/08/2026
1100205,RO,Porto Velho,2026,Nº 23 - 26/05/2026
1100288,RO,Rolim de Moura,2024,Nº 4 - 07/05/2024
1100296,RO,Santa Luzia D'Oeste,2024,Nº 03 - 05/04/2024
1100320,RO,São Miguel do Guaporé,2024,Nº 03 - 05/04/2024
1100338,RO,Nova Mamoré,2024,Nº 4 - 07/05/2024
1100346,RO,Alvorada D'Oeste,2024,Nº 4 - 07/05/2024
1100452,RO,Buritis,2025,Nº 17 - 31/12/2025
1100502,RO,Novo Horizonte do Oeste,2025,Nº 9 - 30/06/2025
1100601,RO,Cacaulândia,2024,Nº 2 - 08/03/2024
1100700,RO,Campo Novo de Rondônia,2024,Nº 4 - 07/05/2024
1100809,RO,Candeias do Jamari,2024,Nº 03 - 05/04/2024
1100908,RO,Castanheiras,2024,Nº 4 - 07/05/2024
1101203,RO,Ministro Andreazza,2024,Nº 4 - 07/05/2024
1101476,RO,Primavera de Rondônia,2024,Nº 4 - 07/05/2024
1101484,RO,São Felipe D'Oeste,2024,Nº 4 - 07/05/2024
1101492,RO,São Francisco do Guaporé,2024,Nº 4 - 07/05/2024
1101500,RO,Seringueiras,2024,Nº 4 - 07/05/2024
1101757,RO,Vale do Anari,2025,Nº 2 - 24/02/2025
1400027,RR,Amajari,2024,Nº 4 - 07/05/2024
1400050,RR,Alto Alegre,2024,Nº 2 - 08/03/2024
1400100,RR,Boa Vista,2024,Nº 2 - 08/03/2024
1400159,RR,Bonfim,2024,Nº 4 - 07/05/2024
1400175,RR,Cantá,2024,Nº 8 - 03/07/2024
1400209,RR,Caracaraí,2024,Nº 4 - 07/05/2024
1400233,RR,Caroebe,2024,Nº 2 - 08/03/2024
1400282,RR,Iracema,2025,Nº 11 - 15/08/2025
1400308,RR,Mucajaí,2024,Nº 4 - 07/05/2024
1400407,RR,Normandia,2024,Nº 2 - 08/03/2024
1400456,RR,Pacaraima,2024,Nº 2 - 08/03/2024
1400472,RR,Rorainópolis,2024,Nº 2 - 08/03/2024
1400506,RR,São João da Baliza,2024,Nº 2 - 08/03/2024
1400605,RR,São Luiz,2024,Nº 4 - 07/05/2024
1400704,RR,Uiramutã,2024,Nº 2 - 08/03/2024
4300307,RS,Alecrim,2026,Nº 22 - 29/04/2026
4300406,RS,Alegrete,2024,Nº 9 - 20/08/2024
4301008,RS,Arroio do Meio,2024,Nº 4 - 07/05/2024
4301073,RS,Arroio do Padre,2026,Nº 25 - 26/06/2026
4301636,RS,Balneário Pinhal,2025,Nº 17 - 31/12/2025
4301909,RS,Barra do Ribeiro,2026,Nº 23 - 26/05/2026
4302105,RS,Bento Gonçalves,2016,Nº 5 - 03/08/2016
4302204,RS,Boa Vista do Buricá,2023,Nº 4 - 21/12/2023
4302402,RS,Bom Retiro do Sul,2024,Nº 4 - 07/05/2024
4302451,RS,Boqueirão do Leão,2025,Nº 9 - 30/06/2025
4304606,RS,Canoas,2014,Nº 4 - 20/03/2014
4304705,RS,Carazinho,2025,Nº 5 - 25/03/2025
4305108,RS,Caxias do Sul,2013,Nº 1 - 20/11/2013
4305124,RS,Cerrito,2026,N° 28 - 26/08/2026
4305355,RS,Charqueadas,2024,Nº 4 - 07/05/2024
4305603,RS,Colorado,2025,Nº 5 - 25/03/2025
4305801,RS,Constantina,2024,Nº 4 - 07/05/2024
4306072,RS,Cristal do Sul,2024,Nº 4 - 07/05/2024
4306429,RS,Dois Irmãos das Missões,2026,Nº 22 - 29/04/2026
4306551,RS,Dom Pedro de Alcântara,2025,Nº 14 - 16/10/2025
4306767,RS,Eldorado do Sul,2024,Nº 4 - 07/05/2024
4306908,RS,Encruzilhada do Sul,2025,Nº 9 - 30/06/2025
4307054,RS,Ernestina,2026,Nº 22 - 29/04/2026
4307104,RS,Herval,2025,Nº 9 - 30/06/2025
4307302,RS,Erval Seco,2024,Nº 4 - 07/05/2024
4307500,RS,Espumoso,2025,Nº 17 - 31/12/2025
4307807,RS,Estrela,2024,Nº 4 - 07/05/2024
4308508,RS,Frederico Westphalen,2024,Nº 4 - 07/05/2024
4309001,RS,Giruá,2024,Nº 4 - 07/05/2024
4309209,RS,Gravataí,2024,Nº 2 - 08/03/2024
4309308,RS,Guaíba,2025,Nº 14 - 16/10/2025
4309704,RS,Humaitá,2026,Nº 22 - 29/04/2026
4310603,RS,Itaqui,2024,Nº 9 - 20/08/2024
4310850,RS,Jaboticaba,2025,Nº 14 - 16/10/2025
4311403,RS,Lajeado,2024,Nº 4 - 07/05/2024
4311601,RS,Liberato Salzano,2025,Nº 8 - 30/04/2025
4312153,RS,Mato Leitão,2025,Nº 9 - 30/06/2025
4312203,RS,Maximiliano de Almeida,2025,Nº 17 - 31/12/2025
4312302,RS,Miraguaí,2024,Nº 4 - 07/05/2024
4312450,RS,Morro Redondo,2024,Nº 4 - 07/05/2024
4312674,RS,Nicolau Vergueiro,2024,Nº 12 - 19/11/2024
4313375,RS,Nova Santa Rita,2025,Nº 17 - 31/12/2025
4313409,RS,Novo Hamburgo,2024,Nº 10 - 30/09/2024
4313490,RS,Novo Barreiro,2024,Nº 7 - 21/06/2024
4313706,RS,Palmeira das Missões,2023,Nº 4 - 21/12/2023
4313805,RS,Palmitinho,2024,Nº 10 - 30/09/2024
4314209,RS,Pedro Osório,2025,Nº 17 - 31/12/2025
4314407,RS,Pelotas,2024,Nº 2 - 08/03/2024
4314498,RS,Pinheirinho do Vale,2026,Nº 25 - 26/06/2026
4314506,RS,Pinheiro Machado,2024,Nº 7 - 21/06/2024
4314779,RS,Pontão,2024,Nº 2 - 08/03/2024
4314902,RS,Porto Alegre,2014,Nº 8 - 27/11/2014
4315107,RS,Porto Xavier,2025,Nº 7 - 28/04/2025
4315503,RS,Restinga Sêca,2025,Nº 2 - 24/02/2025
4315602,RS,Rio Grande,2014,Nº 8 - 27/11/2014
4315800,RS,Roca Sales,2024,Nº 4 - 07/05/2024
4316428,RS,Sagrada Família,2025,Nº 2 - 24/02/2025
4316451,RS,Salto do Jacuí,2024,Nº 4 - 07/05/2024
4316709,RS,Santa Bárbara do Sul,2025,Nº 8 - 30/04/2025
4316808,RS,Santa Cruz do Sul,2023,Nº 4 - 21/12/2023
4317103,RS,Sant'Ana do Livramento,2023,Nº 4 - 21/12/2023
4317400,RS,Santiago,2024,Nº 2 - 08/03/2024
4317509,RS,Santo Ângelo,2024,Nº 4 - 07/05/2024
4317608,RS,Santo Antônio da Patrulha,2024,Nº 4 - 07/05/2024
4318200,RS,São Francisco de Paula,2017,Nº 4 - 10/07/2017
4318408,RS,São Jerônimo,2024,Nº 2 - 08/03/2024
4318705,RS,São Leopoldo,2018,Nº 8 - 19/11/2018
4318804,RS,São Lourenço do Sul,2024,Nº 2 - 08/03/2024
4319505,RS,São Sebastião do Caí,2026,Nº 26 - 26/07/2026
4320008,RS,Sapucaia do Sul,2024,Nº 10 - 30/09/2024
4320206,RS,Seberi,2023,Nº 4 - 21/12/2023
4320800,RS,Soledade,2026,Nº 25 - 26/06/2026
4320909,RS,Tapejara,2025,Nº 2 - 24/02/2025
4321105,RS,Tapes,2024,Nº 4 - 07/05/2024
4321303,RS,Taquari,2024,Nº 2 - 08/03/2024
4321329,RS,Taquaruçu do Sul,2024,Nº 12 - 19/11/2024
4321402,RS,Tenente Portela,2024,Nº 2 - 08/03/2024
4321956,RS,Trindade do Sul,2024,Nº 4 - 07/05/2024
4322202,RS,Tupanciretã,2024,Nº 4 - 07/05/2024
4322533,RS,Vale do Sol,2026,Nº 25 - 26/06/2026
4322608,RS,Venâncio Aires,2025,Nº 12 - 03/09/2025
4322707,RS,Vera Cruz,2025,Nº 7 - 28/04/2025
4200101,SC,Abelardo Luz,2025,Nº 9 - 30/06/2025
4201307,SC,Araquari,2025,Nº 16 - 08/12/2025
4202073,SC,Balneário Gaivota,2025,Nº 14 - 16/10/2025
4202404,SC,Blumenau,2014,Nº 8 - 27/11/2014
4202602,SC,Bom Retiro,2018,Nº 4 - 17/04/2018
4203006,SC,Caçador,2016,Nº 1 - 21/03/2016
4203501,SC,Campo Erê,2016,Nº 3 - 20/05/2016
4203709,SC,Canelinha,2016,Nº 1 - 21/03/2016
4203808,SC,Canoinhas,2013,Nº 1 - 20/11/2013
4203907,SC,Capinzal,2016,Nº 3 - 20/05/2016
4204004,SC,Catanduvas,2026,Nº 21 - 30/03/2026
4204202,SC,Chapecó,2019,Nº 2 - 11/06/2019
4204400,SC,Coronel Freitas,2026,Nº 21 - 30/03/2026
4204558,SC,Correia Pinto,2025,Nº 9 - 30/06/2025
4204608,SC,Criciúma,2013,Nº 1 - 20/11/2013
4205001,SC,Dionísio Cerqueira,2025,Nº 12 - 03/09/2025
4205175,SC,Entre Rios,2025,Nº 9 - 30/06/2025
4205357,SC,Flor do Sertão,2016,Nº 5 - 03/08/2016
4205407,SC,Florianópolis,2022,Nº 8 - 27/12/2022
4205431,SC,Formosa do Sul,2014,Nº 4 - 20/03/2014
4205456,SC,Forquilhinha,2014,Nº 4 - 20/03/2014
4205555,SC,Frei Rogério,2025,Nº 14 - 16/10/2025
4206603,SC,Guarujá do Sul,2025,Nº 9 - 30/06/2025
4207684,SC,Ipuaçu,2024,Nº 2 - 08/03/2024
4207908,SC,Irineópolis,2016,Nº 5 - 03/08/2016
4208203,SC,Itajaí,2019,Nº 2 - 11/06/2019
4208906,SC,Jaraguá do Sul,2016,Nº 1 - 21/03/2016
4209102,SC,Joinville,2016,Nº 6 - 28/10/2016
4209300,SC,Lages,2014,Nº 8 - 27/11/2014
4209409,SC,Laguna,2019,Nº 2 - 11/06/2019
4209706,SC,Lebon Régis,2025,Nº 16 - 08/12/2025
4209854,SC,Lindóia do Sul,2014,Nº 8 - 27/11/2014
4210308,SC,Major Vieira,2020,Nº 1 - 23/01/2020
4210506,SC,Maravilha,2019,Nº 2 - 11/06/2019
4211801,SC,Ouro,2024,Nº 9 - 20/08/2024
4212007,SC,Palma Sola,2025,Nº 9 - 30/06/2025
4212106,SC,Palmitos,2014,Nº 8 - 27/11/2014
4212270,SC,Passos Maia,2014,Nº 8 - 27/11/2014
4212304,SC,Paulo Lopes,2025,Nº 14 - 16/10/2025
4212908,SC,Pinhalzinho,2016,Nº 5 - 03/08/2016
4214805,SC,Rio do Sul,2023,Nº 4 - 21/12/2023
4215802,SC,São Bento do Sul,2019,Nº 2 - 11/06/2019
4216206,SC,São Francisco do Sul,2018,Nº 4 - 17/04/2018
4216305,SC,São João Batista,2025,Nº 16 - 08/12/2025
4216503,SC,São Joaquim,2018,Nº 5 - 23/07/2018
4216701,SC,São José do Cedro,2014,Nº 4 - 20/03/2014
4216909,SC,São Lourenço do Oeste,2025,Nº 9 - 30/06/2025
4217758,SC,Sul Brasil,2014,Nº 8 - 27/11/2014
4218707,SC,Tubarão,2018,Nº 5 - 23/07/2018
4219507,SC,Xanxerê,2018,Nº 5 - 23/07/2018
2800100,SE,Amparo do São Francisco,2025,Nº 10 - 10/07/2025
2800209,SE,Aquidabã,2025,Nº 10 - 10/07/2025
2800308,SE,Aracaju,2024,Nº 10 - 30/09/2024
2800407,SE,Arauá,2024,Nº 11 - 09/10/2024
2800506,SE,Areia Branca,2025,Nº 10 - 10/07/2025
2800605,SE,Barra dos Coqueiros,2019,Nº 01 - 18/03/2019
2800670,SE,Boquim,2014,Nº 8 - 27/11/2014
2800704,SE,Brejo Grande,2025,Nº 11 - 15/08/2025
2801009,SE,Campo do Brito,2025,Nº 7 - 28/04/2025
2801108,SE,Canhoba,2024,Nº 12 - 19/11/2024
2801207,SE,Canindé de São Francisco,2024,Nº 11 - 09/10/2024
2801306,SE,Capela,2025,Nº 11 - 15/08/2025
2801405,SE,Carira,2025,Nº 10 - 10/07/2025
2801504,SE,Carmópolis,2025,Nº 10 - 10/07/2025
2801603,SE,Cedro de São João,2025,Nº 10 - 10/07/2025
2801702,SE,Cristinápolis,2025,Nº 7 - 28/04/2025
2801900,SE,Cumbe,2025,Nº 10 - 10/07/2025
2802007,SE,Divina Pastora,2025,Nº 7 - 28/04/2025
2802106,SE,Estância,2025,Nº 7 - 28/04/2025
2802205,SE,Feira Nova,2025,Nº 10 - 10/07/2025
2802304,SE,Frei Paulo,2025,Nº 10 - 10/07/2025
2802403,SE,Gararu,2025,Nº 10 - 10/07/2025
2802502,SE,General Maynard,2025,Nº 10 - 10/07/2025
2802601,SE,Gracho Cardoso,2024,Nº 12 - 19/11/2024
2802700,SE,Ilha das Flores,2025,Nº 7 - 28/04/2025
2802809,SE,Indiaroba,2025,Nº 8 - 30/04/2025
2802908,SE,Itabaiana,2024,Nº 11 - 09/10/2024
2803005,SE,Itabaianinha,2025,Nº 11 - 15/08/2025
2803104,SE,Itabi,2025,Nº 10 - 10/07/2025
2803203,SE,Itaporanga d'Ajuda,2025,Nº 10 - 10/07/2025
2803302,SE,Japaratuba,2025,Nº 8 - 30/04/2025
2803401,SE,Japoatã,2025,Nº 10 - 10/07/2025
2803500,SE,Lagarto,2014,Nº 8 - 27/11/2014
2803609,SE,Laranjeiras,2025,Nº 10 - 10/07/2025
2803708,SE,Macambira,2025,Nº 10 - 10/07/2025
2803807,SE,Malhada dos Bois,2025,Nº 11 - 15/08/2025
2803906,SE,Malhador,2025,Nº 11 - 15/08/2025
2804003,SE,Maruim,2025,Nº 10 - 10/07/2025
2804102,SE,Moita Bonita,2025,Nº 10 - 10/07/2025
2804201,SE,Monte Alegre de Sergipe,2025,Nº 8 - 30/04/2025
2804300,SE,Muribeca,2025,Nº 10 - 10/07/2025
2804409,SE,Neópolis,2025,Nº 10 - 10/07/2025
2804458,SE,Nossa Senhora Aparecida,2024,Nº 11 - 09/10/2024
2804508,SE,Nossa Senhora da Glória,2025,Nº 10 - 10/07/2025
2804607,SE,Nossa Senhora das Dores,2025,Nº 10 - 10/07/2025
2804706,SE,Nossa Senhora de Lourdes,2025,Nº 8 - 30/04/2025
2804805,SE,Nossa Senhora do Socorro,2024,Nº 12 - 19/11/2024
2804904,SE,Pacatuba,2019,Nº 01 - 18/03/2019
2805000,SE,Pedra Mole,2025,Nº 10 - 10/07/2025
2805109,SE,Pedrinhas,2025,Nº 8 - 30/04/2025
2805208,SE,Pinhão,2025,Nº 4 - 20/03/2025
2805307,SE,Pirambu,2025,Nº 10 - 10/07/2025
2805406,SE,Poço Redondo,2025,Nº 10 - 10/07/2025
2805505,SE,Poço Verde,2025,Nº 10 - 10/07/2025
2805604,SE,Porto da Folha,2025,Nº 10 - 10/07/2025
2805703,SE,Propriá,2024,Nº 4 - 07/05/2024
2805802,SE,Riachão do Dantas,2025,Nº 10 - 10/07/2025
2805901,SE,Riachuelo,2025,Nº 11 - 15/08/2025
2806008,SE,Ribeirópolis,2025,Nº 8 - 30/04/2025
2806107,SE,Rosário do Catete,2025,Nº 11 - 15/08/2025
2806206,SE,Salgado,2025,Nº 8 - 30/04/2025
2806305,SE,Santa Luzia do Itanhy,2024,Nº 7 - 21/06/2024
2806404,SE,Santana do São Francisco,2025,Nº 10 - 10/07/2025
2806503,SE,Santa Rosa de Lima,2025,Nº 10 - 10/07/2025
2806602,SE,Santo Amaro das Brotas,2025,Nº 10 - 10/07/2025
2806701,SE,São Cristóvão,2023,Nº 4 - 21/12/2023
2806800,SE,São Domingos,2025,Nº 11 - 15/08/2025
2806909,SE,São Francisco,2025,Nº 11 - 15/08/2025
2807006,SE,São Miguel do Aleixo,2024,Nº 11 - 09/10/2024
2807105,SE,Simão Dias,2024,Nº 12 - 19/11/2024
2807204,SE,Siriri,2025,Nº 10 - 10/07/2025
2807303,SE,Telha,2025,Nº 10 - 10/07/2025
2807402,SE,Tobias Barreto,2025,Nº 8 - 30/04/2025
2807501,SE,Tomar do Geru,2025,Nº 11 - 15/08/2025
2807600,SE,Umbaúba,2014,Nº 8 - 27/11/2014
3501004,SP,Altinópolis,2014,Nº 8 - 27/11/2014
3502200,SP,Angatuba,2024,Nº 9 - 20/08/2024
3502408,SP,Anhumas,2025,Nº 1 - 14/01/2025
3502705,SP,Apiaí,2026,Nº 26 - 26/07/2026
3502804,SP,Araçatuba,2023,Nº 1 - 30/06/2023
3503208,SP,Araraquara,2018,Nº 5 - 23/07/2018
3506003,SP,Bauru,2016,Nº 2 - 03/05/2016
3506300,SP,Bernardino de Campos,2014,Nº 8 - 27/11/2014
3506508,SP,Birigui,2016,Nº 2 - 03/05/2016
3506607,SP,Biritiba Mirim,2025,Nº 4 - 20/03/2025
3507001,SP,Boituva,2026,N° 28 - 26/08/2026
3507159,SP,Bom Sucesso de Itararé,2024,Nº 10 - 30/09/2024
3507456,SP,Borebi,2026,Nº 26 - 26/07/2026
3507506,SP,Botucatu,2016,Nº 7 - 13/12/2016
3507902,SP,Brotas,2024,Nº 9 - 20/08/2024
3509502,SP,Campinas,2020,Nº 2 - 08/07/2020
3509908,SP,Cananéia,2025,Nº 9 - 30/06/2025
3510500,SP,Caraguatatuba,2026,Nº 22 - 29/04/2026
3513306,SP,Cruzália,2024,Nº 7 - 21/06/2024
3513801,SP,Diadema,2024,Nº 2 - 08/03/2024
3514007,SP,Dobrada,2026,Nº 19 - 26/02/2026
3514403,SP,Dracena,2022,Nº 5 - 09/09/2022
3515004,SP,Embu das Artes,2026,Nº 23 - 26/05/2026
3515301,SP,Estrela do Norte,2025,Nº 4 - 20/03/2025
3515350,SP,Euclides da Cunha Paulista,2025,Nº 9 - 30/06/2025
3516200,SP,Franca,2023,Nº 1 - 30/06/2023
3516309,SP,Francisco Morato,2026,Nº 23 - 26/05/2026
3518503,SP,Guareí,2024,Nº 10 - 30/09/2024
3518701,SP,Guarujá,2014,Nº 8 - 27/11/2014
3518800,SP,Guarulhos,2023,Nº 4 - 21/12/2023
3519071,SP,Hortolândia,2024,Nº 2 - 08/03/2024
3519501,SP,Ibirarema,2023,Nº 1 - 30/06/2023
3521309,SP,Ipuã,2025,Nº 1 - 14/01/2025
3521705,SP,Itaberá,2026,Nº 19 - 26/02/2026
3522109,SP,Itanhaém,2024,Nº 9 - 20/08/2024
3522158,SP,Itaoca,2026,Nº 26 - 26/07/2026
3522307,SP,Itapetininga,2020,Nº 1 - 23/01/2020
3522406,SP,Itapeva,2026,Nº 23 - 26/05/2026
3522703,SP,Itápolis,2025,Nº 9 - 30/06/2025
3523008,SP,Itapura,2026,Nº 19 - 26/02/2026
3523107,SP,Itaquaquecetuba,2024,Nº 9 - 20/08/2024
3524303,SP,Jaboticabal,2019,Nº 01 - 18/03/2019
3524600,SP,Jacupiranga,2025,Nº 12 - 03/09/2025
3525904,SP,Jundiaí,2025,Nº 9 - 30/06/2025
3526704,SP,Leme,2026,Nº 24 - 02/06/2026
3526902,SP,Limeira,2026,N° 28 - 26/08/2026
3527108,SP,Lins,2026,Nº 22 - 29/04/2026
3527405,SP,Lucélia,2024,Nº 10 - 30/09/2024
3528908,SP,Mariápolis,2025,Nº 8 - 30/04/2025
3529005,SP,Marília,2023,Nº 4 - 21/12/2023
3529401,SP,Mauá,2024,Nº 8 - 03/07/2024
3530805,SP,Mogi Mirim,2026,Nº 26 - 26/07/2026
3532108,SP,Murutinga do Sul,2025,Nº 8 - 30/04/2025
3532702,SP,Nipoã,2025,Nº 8 - 30/04/2025
3534401,SP,Osasco,2017,Nº 5 - 11/10/2017
3534708,SP,Ourinhos,2023,Nº 4 - 21/12/2023
3536901,SP,Pedranópolis,2025,Nº 9 - 30/06/2025
3537305,SP,Penápolis,2025,Nº 9 - 30/06/2025
3537602,SP,Peruíbe,2023,Nº 1 - 30/06/2023
3537800,SP,Piedade,2025,Nº 1 - 14/01/2025
3538709,SP,Piracicaba,2025,Nº 1 - 14/01/2025
3541406,SP,Presidente Prudente,2024,Nº 9 - 20/08/2024
3541604,SP,Promissão,2024,Nº 9 - 20/08/2024
3542206,SP,Rancharia,2022,Nº 5 - 09/09/2022
3542602,SP,Registro,2022,Nº 5 - 09/09/2022
3542701,SP,Restinga,2023,Nº 1 - 30/06/2023
3543402,SP,Ribeirão Preto,2023,Nº 4 - 21/12/2023
3543907,SP,Rio Claro,2024,Nº 9 - 20/08/2024
3545159,SP,Saltinho,2026,Nº 19 - 26/02/2026
3547601,SP,Santa Rosa de Viterbo,2025,Nº 1 - 14/01/2025
3548500,SP,Santos,2024,Nº 9 - 20/08/2024
3548708,SP,São Bernardo do Campo,2017,Nº 5 - 11/10/2017
3549805,SP,São José do Rio Preto,2020,Nº 1 - 23/01/2020
3550100,SP,São Manuel,2025,Nº 4 - 20/03/2025
3550308,SP,São Paulo,2016,Nº 2 - 03/05/2016
3550902,SP,São Simão,2026,Nº 26 - 26/07/2026
3551009,SP,São Vicente,2025,Nº 4 - 20/03/2025
3551108,SP,Sarapuí,2024,Nº 7 - 21/06/2024
3552304,SP,Sud Mennucci,2025,Nº 9 - 30/06/2025
3552403,SP,Sumaré,2025,Nº 4 - 20/03/2025
3552502,SP,Suzano,2024,Nº 2 - 08/03/2024
3552551,SP,Suzanápolis,2022,Nº 5 - 09/09/2022
3553955,SP,Tarumã,2023,Nº 4 - 21/12/2023
3554102,SP,Taubaté,2025,Nº 1 - 14/01/2025
3555406,SP,Ubatuba,2018,Nº 5 - 23/07/2018
3557105,SP,Votuporanga,2024,Nº 2 - 08/03/2024
1700251,TO,Abreulândia,2024,Nº 03 - 05/04/2024
1700301,TO,Aguiarnópolis,2025,Nº 14 - 16/10/2025
1701002,TO,Ananás,2018,Nº 9 - 18/12/2018
1701051,TO,Angico,2018,Nº 4 - 17/04/2018
1701309,TO,Aragominas,2016,Nº 5 - 03/08/2016
1701903,TO,Araguacema,2023,Nº 1 - 30/06/2023
1702109,TO,Araguaína,2025,Nº 7 - 28/04/2025
1702158,TO,Araguanã,2025,Nº 17 - 31/12/2025
1702208,TO,Araguatins,2024,Nº 11 - 09/10/2024
1702307,TO,Arapoema,2018,Nº 4 - 17/04/2018
1702554,TO,Augustinópolis,2025,Nº 17 - 31/12/2025
1702901,TO,Axixá do Tocantins,2025,Nº 17 - 31/12/2025
1703008,TO,Babaçulândia,2024,Nº 8 - 03/07/2024
1703057,TO,Bandeirantes do Tocantins,2025,Nº 17 - 31/12/2025
1703073,TO,Barra do Ouro,2025,Nº 17 - 31/12/2025
1703107,TO,Barrolândia,2025,Nº 17 - 31/12/2025
1703206,TO,Bernardo Sayão,2025,Nº 17 - 31/12/2025
1703602,TO,Brasilândia do Tocantins,2025,Nº 17 - 31/12/2025
1703701,TO,Brejinho de Nazaré,2024,Nº 03 - 05/04/2024
1703800,TO,Buriti do Tocantins,2018,Nº 9 - 18/12/2018
1703826,TO,Cachoeirinha,2024,Nº 8 - 03/07/2024
1703842,TO,Campos Lindos,2016,Nº 1 - 21/03/2016
1703883,TO,Carmolândia,2025,Nº 17 - 31/12/2025
1703891,TO,Carrasco Bonito,2025,Nº 17 - 31/12/2025
1703909,TO,Caseara,2024,Nº 8 - 03/07/2024
1705102,TO,Chapada da Natividade,2025,Nº 17 - 31/12/2025
1705508,TO,Colinas do Tocantins,2024,Nº 8 - 03/07/2024
1705607,TO,Conceição do Tocantins,2025,Nº 9 - 30/06/2025
1706001,TO,Couto Magalhães,2024,Nº 11 - 09/10/2024
1706100,TO,Cristalândia,2024,Nº 11 - 09/10/2024
1706506,TO,Darcinópolis,2023,Nº 1 - 30/06/2023
1707108,TO,Divinópolis do Tocantins,2024,Nº 03 - 05/04/2024
1707207,TO,Dois Irmãos do Tocantins,2025,Nº 17 - 31/12/2025
1707306,TO,Dueré,2018,Nº 4 - 17/04/2018
1707405,TO,Esperantina,2025,Nº 17 - 31/12/2025
1707553,TO,Fátima,2024,Nº 03 - 05/04/2024
1707652,TO,Figueirópolis,2025,Nº 17 - 31/12/2025
1707702,TO,Filadélfia,2025,Nº 17 - 31/12/2025
1708205,TO,Formoso do Araguaia,2025,Nº 9 - 30/06/2025
1708254,TO,Tabocão,2018,Nº 9 - 18/12/2018
1709005,TO,Goiatins,2016,Nº 1 - 21/03/2016
1709500,TO,Gurupi,2024,Nº 2 - 08/03/2024
1709807,TO,Ipueiras,2025,Nº 17 - 31/12/2025
1710508,TO,Itacajá,2025,Nº 9 - 30/06/2025
1710904,TO,Itapiratins,2024,Nº 03 - 05/04/2024
1711100,TO,Itaporã do Tocantins,2018,Nº 4 - 17/04/2018
1711506,TO,Jaú do Tocantins,2016,Nº 5 - 03/08/2016
1711803,TO,Juarina,2024,Nº 03 - 05/04/2024
1711902,TO,Lagoa da Confusão,2026,Nº 18 - 13/01/2026
1712009,TO,Lajeado,2026,Nº 18 - 13/01/2026
1712157,TO,Lavandeira,2025,Nº 17 - 31/12/2025
1712454,TO,Luzinópolis,2023,Nº 1 - 30/06/2023
1712504,TO,Marianópolis do Tocantins,2024,Nº 11 - 09/10/2024
1712801,TO,Maurilândia do Tocantins,2023,Nº 1 - 30/06/2023
1713205,TO,Miracema do Tocantins,2026,Nº 18 - 13/01/2026
1713304,TO,Miranorte,2024,Nº 03 - 05/04/2024
1713700,TO,Monte Santo do Tocantins,2026,Nº 18 - 13/01/2026
1713809,TO,Palmeiras do Tocantins,2025,Nº 4 - 20/03/2025
1713957,TO,Muricilândia,2024,Nº 03 - 05/04/2024
1714302,TO,Nazaré,2024,Nº 8 - 03/07/2024
1714880,TO,Nova Olinda,2024,Nº 8 - 03/07/2024
1715507,TO,Oliveira de Fátima,2026,Nº 18 - 13/01/2026
1715754,TO,Palmeirópolis,2016,Nº 5 - 03/08/2016
1716109,TO,Paraíso do Tocantins,2026,Nº 18 - 13/01/2026
1716208,TO,Paranã,2025,Nº 9 - 30/06/2025
1716307,TO,Pau D'Arco,2026,Nº 18 - 13/01/2026
1716505,TO,Pedro Afonso,2026,Nº 18 - 13/01/2026
1716604,TO,Peixe,2026,Nº 18 - 13/01/2026
1716653,TO,Pequizeiro,2025,Nº 17 - 31/12/2025
1716703,TO,Colméia,2025,Nº 17 - 31/12/2025
1717008,TO,Pindorama do Tocantins,2025,Nº 4 - 20/03/2025
1717206,TO,Piraquê,2024,Nº 8 - 03/07/2024
1717909,TO,Ponte Alta do Tocantins,2026,Nº 18 - 13/01/2026
1718006,TO,Porto Alegre do Tocantins,2026,Nº 18 - 13/01/2026
1718204,TO,Porto Nacional,2026,Nº 18 - 13/01/2026
1718303,TO,Praia Norte,2025,Nº 17 - 31/12/2025
1718402,TO,Presidente Kennedy,2014,Nº 4 - 20/03/2014
1718550,TO,Riachinho,2024,Nº 03 - 05/04/2024
1718659,TO,Rio da Conceição,2025,Nº 17 - 31/12/2025
1718709,TO,Rio dos Bois,2018,Nº 4 - 17/04/2018
1718758,TO,Rio Sono,2025,Nº 17 - 31/12/2025
1718808,TO,Sampaio,2025,Nº 17 - 31/12/2025
1718865,TO,Santa Fé do Araguaia,2025,Nº 17 - 31/12/2025
1718881,TO,Santa Maria do Tocantins,2018,Nº 9 - 18/12/2018
1719004,TO,Santa Tereza do Tocantins,2025,Nº 17 - 31/12/2025
1720002,TO,Santa Terezinha do Tocantins,2024,Nº 03 - 05/04/2024
1720101,TO,São Bento do Tocantins,2025,Nº 17 - 31/12/2025
1720150,TO,São Félix do Tocantins,2025,Nº 17 - 31/12/2025
1720259,TO,São Salvador do Tocantins,2016,Nº 5 - 03/08/2016
1720309,TO,São Sebastião do Tocantins,2018,Nº 4 - 17/04/2018
1720499,TO,São Valério,2024,Nº 03 - 05/04/2024
1720804,TO,Sítio Novo do Tocantins,2018,Nº 4 - 17/04/2018
1720903,TO,Taguatinga,2024,Nº 4 - 07/05/2024
1720937,TO,Taipas do Tocantins,2025,Nº 17 - 31/12/2025
1720978,TO,Talismã,2023,Nº 1 - 30/06/2023
1721000,TO,Palmas,2024,Nº 7 - 21/06/2024
1721109,TO,Tocantínia,2025,Nº 6 - 02/04/2025
1721208,TO,Tocantinópolis,2025,Nº 9 - 30/06/2025
1721307,TO,Tupiratins,2025,Nº 17 - 31/12/2025
1722081,TO,Wanderlândia,2025,Nº 17 - 31/12/2025
